episode_index,length,right_closes,right_blips,right_empty_closes,left_closes,left_blips,left_empty_closes,right_twitches,left_twitches,right_holds,right_pre_closes,right_post_closes,left_early_closes,grasp_frame,grasp_t,left_grasp_frame,right_release_frame,handover_frame,handover_t,handover_overlap,hold_drift,right_hold_value,left_hold_value,left_holds_at_end,right_open_at_end,lead_idle,trail_idle,longest_pause,max_step,jerk_rms,track_err,start_jump,start_dev,start_dev_right,path_right,path_left,nn_dist,nn_episode,right_pre_grasp_close,right_regrasp,right_post_release_close,left_early_close,left_abnormal,gripper_twitch,hold_slip,no_handover,drop_risk,timing_outlier,start_outlier,long_pause,action_spike,tracking_error,near_duplicate,length_outlier,n_flags,exclude,reasons
0,215,1,0,0,1,0,0,0,0,1,0,0,0,72,0.33488372093023255,132,142,132,0.6139534883720931,10,0.0015535391867160797,0.033127494156360626,0.02649054117500782,True,True,0,31,0,0.09275975823402405,0.0009055978082476823,0.0029500945543667694,0.02198493480682373,0.010594380303937813,0.003317810434201223,12.468828414333984,8.749015946483269,0.09782187520616156,411,False,False,False,False,False,False,False,False,False,False,False,False,False,False,False,False,0,False,
1,215,1,0,0,1,0,0,0,0,1,0,0,0,72,0.33488372093023255,132,142,132,0.6139534883720931,10,0.001961730420589447,0.032705988734960556,0.026724709197878838,True,True,0,31,0,0.09260550141334534,0.0009281767858270236,0.003070089623207309,0.0337296724319458,0.010928669917860673,0.004266473746125935,13.586138553451747,8.749356943259045,0.05817346034560929,402,False,False,False,False,False,False,False,False,False,False,False,False,False,False,False,False,0,False,
2,239,1,0,0,1,0,0,0,0,1,0,0,0,66,0.27615062761506276,138,148,138,0.5774058577405857,10,0.001161627471446991,0.03363350220024586,0.0248417966067791,True,True,0,0,0,0.07748711109161377,0.0006543250508098142,0.002528968342079336,0.015767879784107208,0.01603046415877916,0.014625359443766825,13.606889524846338,9.717886778718821,0.03873919925533487,472,False,False,False,False,False,False,False,False,False,False,False,False,False,False,False,False,0,False,
3,261,1,0,0,1,0,0,0,0,1,0,0,0,77,0.2950191570881226,167,177,167,0.6398467432950191,10,0.0013257302343845367,0.024555973708629608,0.027213823050260544,True,True,0,29,0,0.08181744813919067,0.000779337203749591,0.002648080086323267,0.024103641510009766,0.009037832820164377,0.0038667076921168044,14.776349576190114,11.333889985493443,0.046999933866534574,191,False,False,False,False,False,False,False,False,False,False,False,False,False,False,False,False,0,False,
4,251,1,0,0,1,0,0,0,0,1,0,0,0,72,0.2868525896414343,159,169,159,0.6334661354581673,10,0.0017330460250377655,0.03506297618150711,0.024986760690808296,True,True,0,1,0,0.07247364521026611,0.0007783064440320476,0.0027273435870847607,0.029152512550354004,0.023541145290563545,0.006832006790215864,15.251517336757388,9.210342270540423,0.04639632685868303,37,False,False,False,False,False,False,False,False,False,False,False,False,False,False,False,False,0,False,
5,242,1,0,0,1,0,0,0,0,1,0,0,0,71,0.29338842975206614,145,158,145,0.5991735537190083,13,0.004682127386331558,0.03122423030436039,0.02592332474887371,True,True,0,32,0,0.0844038724899292,0.0006699724846730463,0.0026140730275058116,0.033107759431004524,0.02469923691418258,0.016943949415402233,13.472967838868499,9.542232527557644,0.06481125571172694,118,False,False,False,False,False,False,False,False,False,False,False,False,False,False,False,False,0,False,
6,239,1,0,0,1,0,0,0,0,1,0,0,0,66,0.27615062761506276,138,148,138,0.5774058577405857,10,0.0007049143314361572,0.0335459690541029,0.024955155327916145,True,True,0,0,0,0.07731309533119202,0.0006713600283333387,0.002553693085003095,0.013660669326782227,0.014838894713569643,0.013308574455360768,14.068341184756719,9.699580044562026,0.10358712693309295,161,False,False,False,False,False,False,False,False,False,False,False,False,False,False,False,False,0,False,
7,266,3,0,0,2,0,1,0,0,3,0,0,1,37,0.13909774436090225,160,170,160,0.6015037593984962,10,0.004525722935795784,0.031190349720418453,0.02368997223675251,True,True,0,31,0,0.09057784080505371,0.0009542095923402453,0.0035560549558535316,0.05799460411071777,0.018246641768236208,0.00883779036937193,19.59152978642669,11.14306616453905,0.6412946019157518,26,False,True,False,True,False,False,False,False,False,True,False,False,False,False,False,False,3,True,"right_regrasp,left_early_close,timing_outlier"
8,256,1,0,0,1,0,0,0,0,1,0,0,0,75,0.29296875,164,176,164,0.640625,12,0.0024123936891555786,0.02979843132197857,0.024203219451010227,True,True,0,0,0,0.08640527725219727,0.0004786600937840188,0.0018579528741719717,0.007963906042277813,0.019973444036897024,0.0015289846895692942,12.150704173982376,9.732678993044829,0.05467665333188279,454,False,False,False,False,False,False,False,False,False,False,False,False,False,False,False,False,0,False,
9,240,1,0,0,1,0,0,0,1,1,0,0,0,76,0.31666666666666665,149,159,149,0.6208333333333333,10,0.00047525763511657715,0.03427093103528023,0.026551276445388794,True,True,0,32,0,0.08448445796966553,0.0006048340728076222,0.0022987754238536834,0.012810015119612217,0.015266663290334704,0.011740843456364598,11.86573355004657,9.664784853543097,0.09271999017672802,490,False,False,False,False,False,True,False,False,False,False,False,False,False,False,False,False,1,False,gripper_twitch
10,241,1,0,0,1,0,0,0,0,1,0,0,0,80,0.33195020746887965,155,165,155,0.6431535269709544,10,0.0009082518517971039,0.03136793151497841,0.026310780085623264,True,True,0,29,0,0.07022248208522797,0.0008192137679643766,0.0026173600138390284,0.005812449671793729,0.01081845901127249,0.008525841075701404,12.80178763227741,8.733775491702545,0.07294684759882424,410,False,False,False,False,False,False,False,False,False,False,False,False,False,False,False,False,0,False,
11,240,1,0,0,1,0,0,0,0,1,0,0,0,76,0.31666666666666665,148,158,148,0.6166666666666667,10,0.0014180950820446014,0.035204555839300156,0.026817708276212215,True,True,0,33,0,0.11483889818191528,0.0015393695151129498,0.004073491224402928,0.06483960151672363,0.015719790356438425,0.009439484658134573,21.58200147061143,9.32937083777324,0.5588989942641543,247,False,False,False,False,False,False,False,False,False,False,False,False,True,False,False,False,1,False,action_spike
12,241,1,0,0,1,0,0,0,1,1,0,0,0,80,0.33195020746887965,155,165,155,0.6431535269709544,10,0.004233088344335556,0.028789056465029716,0.025043954141438007,True,True,0,29,0,0.07180427573621273,0.0008697850046014982,0.0029602493680126176,0.01847155950963497,0.013116424330029979,0.0113000662774577,13.967944212723523,8.814633733702067,0.11386257099794649,60,False,False,False,False,False,True,False,False,False,False,False,False,False,False,False,False,1,False,gripper_twitch
13,242,1,0,0,1,0,0,0,0,1,0,0,0,71,0.29338842975206614,145,158,145,0.5991735537190083,13,0.004650857299566269,0.03143854811787605,0.026513628661632538,True,True,0,32,0,0.08713912963867188,0.0006833617719039641,0.00263839696118602,0.022065059514716268,0.020708914085693333,0.010290978585995505,13.913096114527434,9.686886871160823,0.07929993368407584,118,False,False,False,False,False,False,False,False,False,False,False,False,False,False,False,False,0,False,
14,215,1,0,0,1,0,0,0,0,1,0,0,0,72,0.33488372093023255,132,142,132,0.6139534883720931,10,0.0006815753877162933,0.03265120089054108,0.02712085470557213,True,True,0,31,0,0.09189757704734802,0.0009721175326196595,0.0032437801171056662,0.0427929162979126,0.011286361773685038,0.005113074819294579,14.878195301629603,8.736036845447416,0.12882519344476018,402,False,False,False,False,False,False,False,False,False,False,False,False,False,False,False,False,0,False,
15,221,1,0,0,1,0,0,0,0,1,0,0,0,70,0.3167420814479638,132,142,132,0.5972850678733032,10,0.0031620636582374573,0.033742623403668404,0.024058246985077858,True,True,0,0,0,0.07531195878982544,0.0005760438224083905,0.0023817428715048735,0.00480868318118155,0.008465824256284912,0.001241161170280442,11.404032156686299,9.31995373798236,0.042117670866154464,111,False,False,False,False,False,False,False,False,False,False,False,False,False,False,False,False,0,False,
16,256,1,0,0,1,0,0,0,0,1,0,0,0,75,0.29296875,164,176,164,0.640625,12,0.0008640531450510025,0.023678217083215714,0.027121201157569885,True,True,0,0,0,0.08567053079605103,0.0005142993894094204,0.0021416791556625892,0.0280609130859375,0.020319419341312414,0.004036889936776801,13.98699331865646,9.892865865375825,0.09580191981508929,157,False,False,False,False,False,False,False,False,False,False,False,False,False,False,False,False,0,False,
17,214,1,0,0,1,0,0,0,0,1,0,0,0,64,0.29906542056074764,132,140,132,0.616822429906542,8,0.004327869042754173,0.030202599242329597,0.023196356371045113,True,True,0,32,0,0.08527731895446777,0.0007545131507185437,0.0029442705719229445,0.018341541290283203,0.019523722209433894,0.00581139164198486,12.866181918652728,9.504120853442146,0.08154782000526276,457,False,False,False,False,False,False,False,False,False,False,False,False,False,False,False,False,0,False,
18,266,1,0,0,1,0,0,0,1,1,0,0,0,72,0.2706766917293233,160,170,160,0.6015037593984962,10,0.0014808140695095062,0.03382938727736473,0.023575594648718834,True,True,0,31,0,0.08388793468475342,0.0006669289711424999,0.002621306581096053,0.019310595002025366,0.016375033638823904,0.0036478081596830647,14.930283845838858,10.241763243047899,0.11339872940336483,436,False,False,False,False,False,True,False,False,False,False,False,False,False,False,False,False,1,False,gripper_twitch
19,233,1,0,0,1,0,0,0,0,1,0,0,0,67,0.2875536480686695,141,152,141,0.6051502145922747,11,0.002568896859884262,0.03385429084300995,0.022930397652089596,True,True,0,1,0,0.07731983065605164,0.0008712550449487042,0.003057180475336333,0.0292539126239717,0.009722384404003385,0.004867052695783912,13.479937558295205,9.59316694230165,0.10381999058873624,287,False,False,False,False,False,False,False,False,False,False,False,False,False,False,False,False,0,False,
20,233,2,1,0,1,0,0,0,0,1,1,0,0,67,0.2875536480686695,141,152,141,0.6051502145922747,11,0.0012788958847522736,0.0339997224509716,0.026524481363594532,True,True,0,1,0,0.07877582311630249,0.0008219367303086285,0.002867738954878371,0.018598198890686035,0.009098767647852939,0.0034570241760717413,12.843433396425098,9.584587809688855,0.194370934016453,132,True,False,False,False,False,True,False,False,False,False,False,False,False,False,False,False,2,False,"right_pre_grasp_close,gripper_twitch"
21,240,1,0,0,1,0,0,0,0,1,0,0,0,76,0.31666666666666665,149,159,149,0.6208333333333333,10,0.0003819689154624939,0.033172205090522766,0.027394196018576622,True,True,0,32,0,0.08441412448883057,0.0006041301198138112,0.0023024613193285146,0.01717853546142578,0.01464101630998925,0.010915005380991778,11.771538153290749,9.64144639909864,0.09758736260590156,183,False,False,False,False,False,False,False,False,False,False,False,False,False,False,False,False,0,False,
22,247,1,0,0,1,0,0,0,0,1,0,0,0,65,0.2631578947368421,151,161,151,0.611336032388664,10,0.0021756626665592194,0.03308134898543358,0.023835589177906513,True,True,0,0,0,0.05889725685119629,0.0005529571471616064,0.002246632526156698,0.009621739387512207,0.011574564364433172,0.0057938308561403026,11.704513185162796,10.901954247936374,0.11169056988749855,266,False,False,False,False,False,False,False,False,False,False,False,False,False,False,False,False,0,False,
23,247,1,0,0,1,0,0,0,0,1,0,0,0,72,0.291497975708502,149,158,149,0.6032388663967612,9,0.0009270962327718735,0.02608288638293743,0.026428324170410633,True,True,0,0,0,0.07305300235748291,0.00043204910728837653,0.0019213342052242012,0.010531855747103691,0.015369121701516338,0.013299465290416536,11.944742934778333,9.83135163148836,0.025192265995190373,276,False,False,False,False,False,False,False,False,False,False,False,False,False,False,False,False,0,False,
24,240,1,0,0,1,0,0,0,0,1,0,0,0,70,0.2916666666666667,141,152,141,0.5875,11,0.0031259525567293167,0.028093544766306877,0.02426128461956978,True,True,0,31,0,0.08855828642845154,0.0008360816956063571,0.0030327897054769157,0.027161002159118652,0.010352900356718462,0.00480428329556507,13.93084219424054,11.005827788596434,0.06096299095193108,163,False,False,False,False,False,False,False,False,False,False,False,False,False,False,False,False,0,False,
25,251,1,0,0,1,0,0,0,0,1,0,0,0,74,0.2948207171314741,154,164,154,0.6135458167330677,10,0.0013305172324180603,0.034415747970342636,0.02580850012600422,True,True,0,0,0,0.06608441472053528,0.0005564062919655116,0.0024587184084226203,0.01688956329599023,0.0076531755330997075,0.006624841730847899,13.93883322738111,12.034994740210095,0.07260591528162422,122,False,False,False,False,False,False,False,False,False,False,False,False,False,False,False,False,0,False,
26,266,1,0,0,2,1,0,0,1,1,0,0,0,72,0.2706766917293233,160,170,160,0.6015037593984962,10,0.0011977851390838623,0.02447605784982443,0.02360081486403942,True,True,0,31,0,0.08207100629806519,0.0007253335928491644,0.0029234873625753575,0.03932929039001465,0.017386344352419862,0.006888377721797635,16.814126320699415,10.319068753688043,0.24363269659157832,66,False,False,False,False,False,True,False,False,False,False,False,False,False,False,False,False,1,False,gripper_twitch
27,253,1,0,0,1,0,0,0,0,1,0,0,0,69,0.2727272727272727,151,162,151,0.5968379446640316,11,0.0014258958399295807,0.03517228737473488,0.023704761639237404,True,True,0,2,0,0.08044306933879852,0.0007749352333612698,0.0025457073048180895,0.01041864207945764,0.022296161757733923,0.006675463515311164,12.978032311133575,10.83153689734172,0.04675575660412642,469,False,False,False,False,False,False,False,False,False,False,False,False,False,False,False,False,0,False,
28,247,1,0,0,1,0,0,0,0,1,0,0,0,65,0.2631578947368421,151,161,151,0.611336032388664,10,0.0022423863410949707,0.03427325189113617,0.02246755361557007,True,True,0,0,0,0.06621211767196655,0.0005614288014480354,0.002246059283331306,0.0055664777755737305,0.011147148177180924,0.004884436314553332,11.817913897859398,10.43854509076482,0.11309650038783733,319,False,False,False,False,False,False,False,False,False,False,False,False,False,False,False,False,0,False,
29,257,1,0,0,1,0,0,0,0,1,0,0,0,86,0.3346303501945525,164,174,164,0.6381322957198443,10,0.0018918439745903015,0.03374389000236988,0.022542843595147133,True,True,0,31,0,0.072898730635643,0.0006346612403207982,0.0021621377351228282,0.00811302661895752,0.01867014923070934,0.006788112370449459,12.001151196105639,9.518223403276352,0.022685714081668373,44,False,False,False,False,False,False,False,False,False,False,False,False,False,False,False,False,0,False,
30,246,1,0,0,1,0,0,0,0,1,0,0,0,80,0.3252032520325203,155,167,155,0.6300813008130082,12,0.0007720533758401871,0.026009155437350273,0.02684195339679718,True,True,0,32,0,0.06106579303741455,0.0005442293770616989,0.002215836494806632,0.03134414926171303,0.02326028745483417,0.022006526080453743,12.220257612876594,8.607035182996697,0.25619460658564863,462,False,False,False,False,False,False,False,False,False,False,False,False,False,False,False,False,0,False,
31,240,1,0,0,1,0,0,0,0,1,0,0,0,76,0.31666666666666665,148,158,148,0.6166666666666667,10,0.002504989504814148,0.03518599271774292,0.02537553571164608,True,True,0,2,0,0.06936836242675781,0.0005447475008761225,0.0023323686176335086,0.017931955168023705,0.01413857323456927,0.006472350026849753,12.473616087110713,9.393668496280952,0.0480315268928375,173,False,False,False,False,False,False,False,False,False,False,False,False,False,False,False,False,0,False,
32,214,1,0,0,1,0,0,0,0,1,0,0,0,64,0.29906542056074764,132,140,132,0.616822429906542,8,0.0038043390959501266,0.028887473978102207,0.025781214237213135,True,True,0,32,0,0.08530080318450928,0.0007473335149068862,0.0028806714622554843,0.021228671073913574,0.019158787309795967,0.004433472125477744,12.16221113683423,9.458147615547205,0.11048572313650762,457,False,False,False,False,False,False,False,False,False,False,False,False,False,False,False,False,0,False,
33,244,1,0,0,1,0,0,0,0,1,0,0,0,78,0.319672131147541,153,165,153,0.6270491803278688,12,0.0011943355202674866,0.03467034548521042,0.022425157949328423,True,True,0,32,0,0.09051716327667236,0.0006060713296303169,0.0023365362411104686,0.016725008375942707,0.019145166677199028,0.0034758355177845054,12.810598478303291,9.748470548003752,0.06303951778830616,435,False,False,False,False,False,False,False,False,False,False,False,False,False,False,False,False,0,False,
34,240,1,0,0,1,0,0,0,0,1,0,0,0,70,0.2916666666666667,141,152,141,0.5875,11,0.004946986213326454,0.028190416283905506,0.024633029475808144,True,True,0,31,0,0.0894070565700531,0.0007955280434002963,0.002852217472170111,0.02239990234375,0.011159476320482786,0.00635868573837873,12.158131665666588,11.039148750111053,0.025439427870554754,309,False,False,False,False,False,False,False,False,False,False,False,False,False,False,False,False,0,False,
35,242,1,0,0,1,0,0,0,0,1,0,0,0,71,0.29338842975206614,145,158,145,0.5991735537190083,13,0.005639418959617615,0.032085441052913666,0.025325048714876175,True,True,0,32,0,0.08386632800102234,0.000630840992583837,0.0023868382408806896,0.006624698638916016,0.021865193282954047,0.012455191485871629,11.827063816745067,9.495066249437514,0.024360118548751513,59,False,False,False,False,False,False,True,False,False,False,False,False,False,False,False,False,1,False,hold_slip
36,244,1,0,0,1,0,0,0,0,1,0,0,0,78,0.319672131147541,153,165,153,0.6270491803278688,12,0.001371491700410843,0.034056562930345535,0.022921591997146606,True,True,0,32,0,0.09145522117614746,0.0005980565450646815,0.002239910441972383,0.0066513484343886375,0.019468897124747177,0.00495802185381923,12.298761511512566,9.81392428644358,0.038342765106509094,107,False,False,False,False,False,False,False,False,False,False,False,False,False,False,False,False,0,False,
37,251,1,0,0,1,0,0,0,0,1,0,0,0,72,0.2868525896414343,159,169,159,0.6334661354581673,10,0.0014341957867145538,0.03499388322234154,0.025253496132791042,True,True,0,1,0,0.0724635124206543,0.0007839760714131372,0.0027496771182416394,0.03152048587799072,0.023500162255271625,0.006690544414425192,15.457206959428731,9.210873770347462,0.04639632685868303,4,False,False,False,False,False,False,False,False,False,False,False,False,False,False,False,False,0,False,
38,240,1,0,0,1,0,0,0,0,1,0,0,0,70,0.2916666666666667,141,152,141,0.5875,11,0.005200745537877083,0.028276554308831692,0.024742906913161278,True,True,0,31,0,0.08988916873931885,0.0007867640454754609,0.002802250390458905,0.009897282114252448,0.01021559640348315,0.004500777940174584,11.250575994257815,11.0783244671602,0.03470571843545133,425,False,False,False,False,False,False,True,False,False,False,False,False,False,False,False,False,1,False,hold_slip
39,240,1,0,0,1,0,0,0,0,1,0,0,0,70,0.2916666666666667,141,152,141,0.5875,11,0.004435133188962936,0.02566480077803135,0.023758981376886368,True,True,0,31,0,0.08662045001983643,0.0008073695951173492,0.0029860071803129527,0.021711925393901765,0.010087620288117993,0.004202222657731745,13.127358676632866,10.914034028171955,0.21152484186286205,398,False,False,False,False,False,False,False,False,False,False,False,False,False,False,False,False,0,False,
40,251,1,0,0,1,0,0,0,0,1,0,0,0,74,0.2948207171314741,154,164,154,0.6135458167330677,10,0.0018969252705574036,0.033690182492136955,0.02539331465959549,True,True,0,0,0,0.06468068063259125,0.0005405619968292287,0.0023878883565892984,0.012859344482421875,0.0055398128626059,0.004000869751821667,13.295223880850244,12.0494717568763,0.07890547640075185,280,False,False,False,False,False,False,False,False,False,False,False,False,False,False,False,False,0,False,
41,256,1,0,0,1,0,0,0,0,1,0,0,0,75,0.29296875,164,176,164,0.640625,12,0.0026045143604278564,0.030828585848212242,0.026756402105093002,True,True,0,0,0,0.08607131242752075,0.00049279100359509,0.0019435376389174976,0.007963906042277813,0.01997376369854087,0.001533154842483046,12.867146730190143,9.747213936781918,0.049596989883224925,260,False,False,False,False,False,False,False,False,False,False,False,False,False,False,False,False,0,False,
42,244,1,0,0,1,0,0,1,0,1,0,0,0,64,0.26229508196721313,139,150,139,0.569672131147541,11,0.0019085407257080078,0.035105371847748756,0.027431083843111992,True,True,0,0,0,0.07220527529716492,0.0006557964292657254,0.00263695544176851,0.02448947145603597,0.008917488569933883,0.006053962277012385,14.073887873440981,10.347629970590788,0.05204623790532266,320,False,False,False,False,False,True,False,False,False,False,False,False,False,False,False,False,1,False,gripper_twitch
43,241,1,0,0,1,0,0,0,1,1,0,0,0,80,0.33195020746887965,155,165,155,0.6431535269709544,10,0.0007304660975933075,0.025693954899907112,0.02689846884459257,True,True,0,29,0,0.07321138540282845,0.0008553930611130019,0.0030727163522545286,0.02646247297525406,0.014601032111843586,0.012993865874468782,15.810650151455775,8.794632152807026,0.16872804903129326,354,False,False,False,False,False,True,False,False,False,False,False,False,False,False,False,False,1,False,gripper_twitch
44,257,1,0,0,1,0,0,0,0,1,0,0,0,86,0.3346303501945525,164,174,164,0.6381322957198443,10,0.0014126896858215332,0.03368503414094448,0.022555531933903694,True,True,0,31,0,0.0728234350681305,0.0006344975791905172,0.0021447015071271685,0.007698178291320801,0.018712597923622887,0.006904671279892107,11.868552443454973,9.505825604031997,0.022685714081668373,29,False,False,False,False,False,False,False,False,False,False,False,False,False,False,False,False,0,False,
45,241,1,0,0,1,0,0,0,0,1,0,0,0,80,0.33195020746887965,155,165,155,0.6431535269709544,10,0.005554398521780968,0.03168202191591263,0.02479974925518036,True,True,0,29,0,0.07411304116249084,0.000830908935367249,0.0027361864392671143,0.018105456605553627,0.01301828266342834,0.011185999918400375,13.793008903507143,8.739416314630944,0.10699451173242948,429,False,False,False,False,False,False,True,False,False,False,False,False,False,False,False,False,1,False,hold_slip
46,240,1,0,0,1,0,0,0,0,1,0,0,0,70,0.2916666666666667,141,152,141,0.5875,11,0.005016963928937912,0.028561020269989967,0.024266351014375687,True,True,0,31,0,0.08824047446250916,0.0007753078120006811,0.0027159716919488517,0.010567665100097656,0.010792251197769715,0.005689609695559693,11.168277686807414,10.981411181484873,0.04967225704293216,475,False,False,False,False,False,False,True,False,False,False,False,False,False,False,False,False,1,False,hold_slip
47,241,1,0,0,1,0,0,0,0,1,0,0,0,80,0.33195020746887965,155,165,155,0.6431535269709544,10,0.004123415797948837,0.03186211362481117,0.025769864208996296,True,True,0,29,0,0.07075537368655205,0.0008200244361012054,0.0026577456370768275,0.010420698672533035,0.01202968177145096,0.010018191163673902,12.8348157069413,8.756249437217775,0.04764627949593234,248,False,False,False,False,False,False,False,False,False,False,False,False,False,False,False,False,0,False,
48,230,1,0,0,1,0,0,2,0,1,0,0,0,67,0.29130434782608694,141,151,141,0.6130434782608696,10,0.0013854783028364182,0.028446437790989876,0.02596408501267433,True,True,0,31,0,0.0727606862783432,0.0006853867896441308,0.0025510445114501914,0.019227027893066406,0.011582285888866053,0.008061694606820451,11.892807376338169,9.67033979129883,0.07437656946988003,229,False,False,False,False,False,True,False,False,False,False,False,False,False,False,False,False,1,False,gripper_twitch
49,233,1,0,0,1,0,0,0,0,1,0,0,0,68,0.2918454935622318,141,149,141,0.6051502145922747,8,0.0021585673093795776,0.02712142840027809,0.02247831504791975,True,True,0,30,0,0.07516098022460938,0.0007710652803634626,0.003020465886218768,0.020696163177490234,0.015840804195845055,0.005516781064039153,14.557107194326818,9.938869409299514,0.20420334400834908,494,False,False,False,False,False,False,False,False,False,False,False,False,False,False,False,False,0,False,
50,215,1,0,0,1,0,0,0,0,1,0,0,0,72,0.33488372093023255,132,142,132,0.6139534883720931,10,0.0035883765667676926,0.0331780556589365,0.026116831228137016,True,True,0,31,0,0.09265989065170288,0.0009272406346982205,0.0030433397653642303,0.0318760871887207,0.010847027496597031,0.004052107788933738,13.295801636239048,8.726626771932388,0.03648935146457248,326,False,False,False,False,False,False,False,False,False,False,False,False,False,False,False,False,0,False,
51,246,1,0,0,1,0,0,0,0,1,0,0,0,80,0.3252032520325203,155,167,155,0.6300813008130082,12,0.006135920062661171,0.0270502008497715,0.02732357196509838,True,True,0,30,0,0.07143279910087585,0.0005545914956747485,0.0020347507564081025,0.009374137036502361,0.02005242503634071,0.018583486419029085,9.830060732725542,8.745296844395853,0.0710400808411537,468,False,False,False,False,False,False,True,False,False,False,False,False,False,False,False,False,1,False,hold_slip
52,242,2,1,0,1,0,0,0,0,1,1,0,0,71,0.29338842975206614,145,158,145,0.5991735537190083,13,0.003456342965364456,0.025091195479035378,0.026990966871380806,True,True,0,32,0,0.0883215069770813,0.0006787824783173493,0.0026376914607956323,0.02922356128692627,0.022314297952231298,0.013227736418213972,13.729666782659478,9.835778483815375,0.2599222687029179,448,True,False,False,False,False,True,False,False,False,False,False,False,False,False,False,False,2,False,"right_pre_grasp_close,gripper_twitch"
53,245,1,0,0,1,0,0,0,0,1,0,0,0,75,0.30612244897959184,151,161,151,0.6163265306122448,10,0.0031772516667842865,0.028434133157134056,0.026898390613496304,True,True,0,3,0,0.10072636604309082,0.0007556166885639862,0.0027427891417946856,0.030724525451660156,0.012887141042780765,0.0035960968765643827,14.191975844092667,10.274702813112526,0.11150080734223462,377,False,False,False,False,False,False,False,False,False,False,False,False,False,False,False,False,0,False,
54,261,1,0,0,1,0,0,0,0,1,0,0,0,77,0.2950191570881226,167,177,167,0.6398467432950191,10,0.0008410103619098663,0.024428988806903362,0.026639810763299465,True,True,0,29,0,0.08119487762451172,0.0007333300589639164,0.0025025367207050734,0.0032302141189575195,0.008435536359914552,0.002104110256254492,12.51637716012192,11.279332362617424,0.03802121980267537,412,False,False,False,False,False,False,False,False,False,False,False,False,False,False,False,False,0,False,
55,247,1,0,0,1,0,0,0,0,1,0,0,0,65,0.2631578947368421,151,161,151,0.611336032388664,10,0.0034918002784252167,0.03156462125480175,0.022462968714535236,True,True,0,0,0,0.06863093376159668,0.0005834326403240227,0.0023164451461058747,0.014014085754752159,0.012210778878017026,0.00697867655323888,12.497369600270758,10.498345947278722,0.05453173355546625,105,False,False,False,False,False,False,False,False,False,False,False,False,False,False,False,False,0,False,
56,261,1,0,0,1,0,0,0,0,1,0,0,0,77,0.2950191570881226,167,177,167,0.6398467432950191,10,0.0002696160227060318,0.025986323133111,0.026518275029957294,True,True,0,29,0,0.0802379846572876,0.0007792385624095082,0.0027088589095690843,0.016333996318280697,0.009650834085145636,0.005138741565263915,14.140518649262958,11.223167881595145,0.10168944639367435,237,False,False,False,False,False,False,False,False,False,False,False,False,False,False,False,False,0,False,
57,230,1,0,0,1,0,0,0,0,1,0,0,0,67,0.29130434782608694,141,151,141,0.6130434782608696,10,0.0028043128550052643,0.026548790745437145,0.02719639614224434,True,True,0,31,0,0.07912057638168335,0.0006719279002951713,0.002484684642617059,0.012764811515808105,0.009458124736635229,0.004505231183130847,11.314442021161085,9.82447359606158,0.11592831915930785,73,False,False,False,False,False,False,False,False,False,False,False,False,False,False,False,False,0,False,
58,261,1,0,0,1,0,0,0,0,1,0,0,0,77,0.2950191570881226,167,177,167,0.6398467432950191,10,0.0008755698800086975,0.027617855928838253,0.02640301175415516,True,True,0,30,0,0.09634020924568176,0.0009240274343788608,0.0030618915696422745,0.02240949682891369,0.010315712345379636,0.006299438664171017,16.270898340415442,11.207798178431403,0.2936695023749959,56,False,False,False,False,False,False,False,False,False,False,False,False,False,False,False,False,0,False,
59,242,1,0,0,1,0,0,0,0,1,0,0,0,71,0.29338842975206614,145,158,145,0.5991735537190083,13,0.005357682704925537,0.030819004401564598,0.02407897263765335,True,True,0,32,0,0.08380734920501709,0.0006247041094989169,0.002359713539800694,0.006393313407897949,0.02174471714522586,0.012242460593143427,11.815607406257186,9.495355445120367,0.024360118548751513,35,False,False,False,False,False,False,True,False,False,False,False,False,False,False,False,False,1,False,hold_slip
60,241,1,0,0,1,0,0,0,0,1,0,0,0,80,0.33195020746887965,155,165,155,0.6431535269709544,10,0.0024400316178798676,0.0270136259496212,0.023642446845769882,True,True,0,29,0,0.07254331512376666,0.0008541533845306182,0.0029323503717927496,0.01429577823728323,0.012679353276444457,0.010789643698541655,13.768271713983268,9.021012442513893,0.08728377579230025,354,False,False,False,False,False,False,False,False,False,False,False,False,False,False,False,False,0,False,
61,259,1,0,0,1,0,0,0,0,1,0,0,0,78,0.30115830115830117,162,174,162,0.6254826254826255,12,0.0012799687683582306,0.03532855585217476,0.027219492942094803,True,True,0,0,0,0.072609543800354,0.0008095332300055738,0.002589673477713765,0.0029882885864935815,0.013524108630657729,0.009618454232245312,13.731805905117653,9.926610784988952,0.13927724959813836,283,False,False,False,False,False,False,False,False,False,False,False,False,False,False,False,False,0,False,
62,215,1,0,0,1,0,0,0,0,1,0,0,0,72,0.33488372093023255,132,142,132,0.6139534883720931,10,0.003153722733259201,0.03299371898174286,0.026938293129205704,True,True,0,31,0,0.09125164151191711,0.0009009668821250068,0.0029264556223156813,0.023488163948059082,0.01059947733780773,0.0033332404437581478,12.450091870792676,8.712037466896618,0.09245095550444014,411,False,False,False,False,False,False,False,False,False,False,False,False,False,False,False,False,0,False,
63,257,1,0,0,1,0,0,0,0,1,0,0,0,86,0.3346303501945525,164,174,164,0.6381322957198443,10,0.001493934541940689,0.0336359404027462,0.022773444652557373,True,True,0,31,0,0.07320420444011688,0.0006399283458533412,0.0021553743418117727,0.0070105791091918945,0.018961104640441297,0.007552261490305795,11.739500747295097,9.526642810506019,0.09198186314088469,274,False,False,False,False,False,False,False,False,False,False,False,False,False,False,False,False,0,False,
64,233,1,0,0,1,0,0,0,0,1,0,0,0,67,0.2875536480686695,141,152,141,0.6051502145922747,11,0.0018269643187522888,0.03400801867246628,0.026176095008850098,True,True,0,1,0,0.07914543151855469,0.0007931415391382459,0.0027907326847155657,0.020839810371398926,0.008915579667132257,0.0029412589558403973,12.918347524246201,9.57978829514559,0.1674427509365972,352,False,False,False,False,False,False,False,False,False,False,False,False,False,False,False,False,0,False,
65,240,1,0,0,1,0,0,0,0,1,0,0,0,76,0.31666666666666665,147,159,147,0.6125,12,0.000573083758354187,0.03503923490643501,0.02680705301463604,True,True,0,32,0,0.08460819721221924,0.0007255822772260955,0.0026063666299860413,0.017225129529833794,0.015792935291844026,0.012417455543660251,12.87484550505178,9.865794341159926,0.06394555558791615,483,False,False,False,False,False,False,False,False,False,False,False,False,False,False,False,False,0,False,
66,266,1,0,0,2,1,0,0,0,1,0,0,0,72,0.2706766917293233,160,170,160,0.6015037593984962,10,0.003791114315390587,0.030719314701855183,0.02370856422930956,True,True,0,31,0,0.08232289552688599,0.0007162201772097567,0.0028341933482811683,0.02095329761505127,0.016663313844924785,0.004778159268138507,15.716644371597795,10.293995715041092,0.1895821016515924,18,False,False,False,False,False,True,False,False,False,False,False,False,False,False,False,False,1,False,gripper_twitch
67,257,1,0,0,1,0,0,1,0,1,0,0,0,86,0.3346303501945525,164,174,164,0.6381322957198443,10,0.0015400610864162445,0.033918559551239014,0.023005500435829163,True,True,0,31,0,0.07317440211772919,0.0006411619862318887,0.0021885984093406663,0.00734745420049876,0.018655622484485896,0.006748055093176707,11.886841051338706,9.518596136731503,0.025003251262651103,470,False,False,False,False,False,True,False,False,False,False,False,False,False,False,False,False,1,False,gripper_twitch
68,256,1,0,0,1,0,0,0,0,1,0,0,0,75,0.29296875,164,176,164,0.640625,12,0.0008184220641851425,0.024063298478722572,0.027164355851709843,True,True,0,0,0,0.08541566133499146,0.0005487909344649606,0.002291550385289338,0.02776479721069336,0.02038470221769886,0.00435359190758684,14.441322169732302,9.956839832361766,0.026966840351057526,157,False,False,False,False,False,False,False,False,False,False,False,False,False,False,False,False,0,False,
69,247,1,0,0,1,0,0,0,0,1,0,0,0,72,0.291497975708502,149,158,149,0.6032388663967612,9,0.004295792430639267,0.027903534471988678,0.026308941654860973,True,True,0,0,0,0.07425129413604736,0.0004373113840435962,0.0019049602137868125,0.014105439186096191,0.014056902323205793,0.011758502373139284,11.916315960523207,9.78983587834955,0.07079287905847663,109,False,False,False,False,False,False,False,False,False,False,False,False,False,False,False,False,0,False,
70,247,1,0,0,1,0,0,0,0,1,0,0,0,65,0.2631578947368421,151,161,151,0.611336032388664,10,0.0024558305740356445,0.029322225600481033,0.02250687964260578,True,True,0,0,0,0.06781864166259766,0.0005824776953037834,0.002285957711308764,0.0163613943150267,0.011826971928075563,0.006282929312879829,12.156344467082818,10.571426802169299,0.08250002103456207,105,False,False,False,False,False,False,False,False,False,False,False,False,False,False,False,False,0,False,
71,247,2,1,0,1,0,0,0,0,1,1,0,0,65,0.2631578947368421,151,161,151,0.611336032388664,10,0.0025290995836257935,0.025577695108950138,0.022445968352258205,True,True,0,0,0,0.06853055953979492,0.0006351513346674088,0.0025587844525822795,0.03768587112426758,0.013290343972979615,0.008731096640572419,14.121350198111031,10.560303022772132,0.0509568851676477,82,True,False,False,False,False,True,False,False,False,False,False,False,False,False,False,False,2,False,"right_pre_grasp_close,gripper_twitch"
72,244,1,0,0,1,0,0,0,0,1,0,0,0,78,0.319672131147541,153,165,153,0.6270491803278688,12,0.000889308750629425,0.03410833328962326,0.022848933935165405,True,True,0,32,0,0.09177517890930176,0.000615217842642937,0.0024099753881455157,0.01314006932079792,0.020336326245033582,0.0076882985386543656,13.196286454156507,9.754642511478778,0.0554761776216588,346,False,False,False,False,False,False,False,False,False,False,False,False,False,False,False,False,0,False,
73,230,1,0,0,1,0,0,0,0,1,0,0,0,67,0.29130434782608694,141,151,141,0.6130434782608696,10,0.0010297112166881561,0.025955643504858017,0.02651161141693592,True,True,0,31,0,0.07310952246189117,0.0006638026974711128,0.002397094312191071,0.009935736656188965,0.009883398993185577,0.005340651658571733,10.656375454040244,9.704191200551577,0.080812474675095,195,False,False,False,False,False,False,False,False,False,False,False,False,False,False,False,False,0,False,
74,233,1,0,0,1,0,0,0,0,1,0,0,0,68,0.2918454935622318,141,149,141,0.6051502145922747,8,0.002058444544672966,0.02853616327047348,0.022531596012413502,True,True,0,30,0,0.07159709930419922,0.0006600443517021989,0.002585984307509942,0.018187761306762695,0.015179381346908574,0.0031491925651370633,12.789449364412576,9.877319024097233,0.035700843601850454,423,False,False,False,False,False,False,False,False,False,False,False,False,False,False,False,False,0,False,
75,233,1,0,0,1,0,0,0,0,1,0,0,0,67,0.2875536480686695,141,152,141,0.6051502145922747,11,0.0004744529724121094,0.0341775044798851,0.025991502217948437,True,True,0,1,0,0.07744470238685608,0.0008157025569500318,0.002957255345320766,0.029036388266831636,0.01955064317982445,0.0032884269217607464,14.08532791538164,9.522838397690066,0.1469786054903415,352,False,False,False,False,False,False,False,False,False,False,False,False,False,False,False,False,0,False,
76,240,1,0,0,1,0,0,0,0,1,0,0,0,70,0.2916666666666667,141,152,141,0.5875,11,0.005731947720050812,0.028753465972840786,0.02530990168452263,True,True,0,31,0,0.08925861120223999,0.0007835733551601217,0.0027986239476358583,0.008688588161021471,0.010253480243923791,0.004586114837249477,11.520300535717979,11.033809539962022,0.03361310726982981,190,False,False,False,False,False,False,True,False,False,False,False,False,False,False,False,False,1,False,hold_slip
77,239,1,0,0,1,0,0,0,0,1,0,0,0,66,0.27615062761506276,138,148,138,0.5774058577405857,10,0.0008127167820930481,0.03410579450428486,0.024106450378894806,True,True,0,0,0,0.07772383093833923,0.0007700278214799794,0.0028425689982180245,0.0264313742518425,0.017597461669598566,0.01632776821633829,16.16537395073101,9.72865529208866,0.0604879219616408,97,False,False,False,False,False,False,False,False,False,False,False,False,False,False,False,False,0,False,
78,256,1,0,0,1,0,0,0,0,1,0,0,0,75,0.29296875,164,176,164,0.640625,12,0.0021198447793722153,0.026768455281853676,0.026587162166833878,True,True,0,0,0,0.08636713027954102,0.00048331195314462247,0.0019764076910641563,0.012498005526140332,0.01999619015497436,0.0018070137540822267,13.060486900591059,9.674939449761041,0.012904649163889432,167,False,False,False,False,False,False,False,False,False,False,False,False,False,False,False,False,0,False,
79,240,2,0,0,1,0,0,0,0,2,0,0,0,47,0.19583333333333333,141,152,141,0.5875,11,0.0011493489146232605,0.024963730946183205,0.022465214133262634,True,True,0,31,0,0.08134853839874268,0.000813829249763884,0.002999395070934734,0.027453064918518066,0.01147103838832164,0.006890841333131517,12.641377028336592,10.657358842530812,0.09949742809235865,172,False,True,False,False,False,False,False,False,False,True,False,False,False,False,False,False,2,True,"right_regrasp,timing_outlier"
80,261,1,0,0,1,0,0,0,0,1,0,0,0,77,0.2950191570881226,167,177,167,0.6398467432950191,10,0.0007455553859472275,0.024771287105977535,0.027041603811085224,True,True,0,29,0,0.08263665437698364,0.000734148803369457,0.0025341200562582016,0.008987188339233398,0.008806724807081615,0.0032905027151943858,12.611571466200985,11.348466197530797,0.10245905015956881,412,False,False,False,False,False,False,False,False,False,False,False,False,False,False,False,False,0,False,
81,256,1,0,0,1,0,0,0,0,1,0,0,0,75,0.29296875,164,176,164,0.640625,12,0.0005098544061183929,0.033471401780843735,0.027021517977118492,True,True,0,0,0,0.08647483587265015,0.0005669856515742981,0.00204879938054791,0.007964185439050198,0.0200855521855934,0.002616693446650703,12.768733996897936,9.787388310652204,0.06357749996661458,391,False,False,False,False,False,False,False,False,False,False,False,False,False,False,False,False,0,False,
82,247,1,0,0,1,0,0,0,0,1,0,0,0,65,0.2631578947368421,151,161,151,0.611336032388664,10,0.0031127892434597015,0.030266783200204372,0.022885040380060673,True,True,0,0,0,0.06928807497024536,0.0006189746206439122,0.002495389877183656,0.03352576307952404,0.013110583212351062,0.008454899640512518,13.827215178906044,10.590915467910236,0.02935663650645859,440,False,False,False,False,False,False,False,False,False,False,False,False,False,False,False,False,0,False,
83,247,1,0,0,1,0,0,0,0,1,0,0,0,65,0.2631578947368421,151,161,151,0.611336032388664,10,0.0019405931234359741,0.03318296559154987,0.022456671111285686,True,True,0,0,0,0.06770700216293335,0.0006983476918604325,0.002477664706073557,0.030917882919311523,0.011639586459177046,0.005922660610216903,13.863092626648722,10.463422124594217,0.08754745717112203,278,False,False,False,False,False,False,False,False,False,False,False,False,False,False,False,False,0,False,
84,239,1,0,0,1,0,0,1,0,1,0,0,0,66,0.27615062761506276,138,148,138,0.5774058577405857,10,0.0007799714803695679,0.03420007601380348,0.02360476367175579,True,True,0,0,0,0.07695162296295166,0.0008449524982027693,0.0030126656470456383,0.03864729404449463,0.015248437514102103,0.013763727850221117,15.837892156210728,9.638876876404538,0.24199830918946305,238,False,False,False,False,False,True,False,False,False,False,False,False,False,False,False,False,1,False,gripper_twitch
85,240,2,0,1,1,0,0,0,0,1,1,0,0,76,0.31666666666666665,147,159,147,0.6125,12,0.005127031356096268,0.03221423551440239,0.02696997858583927,True,True,0,32,0,0.09197878837585449,0.0008212851866191603,0.0031753051677862873,0.06348323822021484,0.015687206247587078,0.012282769383654623,16.1319820866629,10.497801621273538,0.4345048324571222,279,True,False,False,False,False,False,True,False,False,False,False,False,False,False,False,False,2,False,"right_pre_grasp_close,hold_slip"
86,246,1,0,0,1,0,0,0,0,1,0,0,0,80,0.3252032520325203,155,167,155,0.6300813008130082,12,0.0032104868441820145,0.030948234722018242,0.0273179579526186,True,True,0,32,0,0.08118689060211182,0.0007851791167844051,0.0026733285893334982,0.03303228132426739,0.030643572394729774,0.022480576637599,14.394317786558531,8.750119322174214,0.22717712894783804,462,False,False,False,False,False,False,False,False,False,False,False,False,False,False,False,False,0,False,
87,246,1,0,0,1,0,0,0,0,1,0,0,0,80,0.3252032520325203,155,167,155,0.6300813008130082,12,0.002305358648300171,0.02827543579041958,0.027396325021982193,True,True,0,32,0,0.07341992855072021,0.0006599410943207022,0.0023759641069691483,0.03386378288269043,0.021973901732843408,0.020642116935053568,13.054025051300414,8.797695633717012,0.03582327208303482,218,False,False,False,False,False,False,False,False,False,False,False,False,False,False,False,False,0,False,
88,253,1,0,0,1,0,0,0,1,1,0,0,0,69,0.2727272727272727,151,162,151,0.5968379446640316,11,0.0003427378833293915,0.03425931558012962,0.023712930269539356,True,True,0,2,0,0.0788554847240448,0.0007980721140842075,0.0026826166399417095,0.010167464381083846,0.022356185557165825,0.006873282817085569,13.093578099971637,10.815132301184349,0.0763159495153477,381,False,False,False,False,False,True,False,False,False,False,False,False,False,False,False,False,1,False,gripper_twitch
89,221,1,0,0,1,0,0,0,0,1,0,0,0,70,0.3167420814479638,132,142,132,0.5972850678733032,10,0.002218622714281082,0.03562157414853573,0.024675464257597923,True,True,0,0,0,0.0786672830581665,0.0005795957431105035,0.00237975705425697,0.007469196803867817,0.008898998527799941,0.003010516243311838,11.70846858236473,9.342775257087851,0.13863905553397837,179,False,False,False,False,False,False,False,False,False,False,False,False,False,False,False,False,0,False,
90,245,1,0,0,1,0,0,0,0,1,0,0,0,75,0.30612244897959184,151,161,151,0.6163265306122448,10,0.0025497935712337494,0.025676301680505276,0.026986257173120975,True,True,0,30,0,0.09169214963912964,0.0006786226612291157,0.0024077840387950354,0.009404540061950684,0.012596283549889101,0.0023494398818268204,11.882760667765979,9.950084335738211,0.11400761082263072,347,False,False,False,False,False,False,False,False,False,False,False,False,False,False,False,False,0,False,
91,214,1,0,0,1,0,0,0,2,1,0,0,0,64,0.29906542056074764,132,140,132,0.616822429906542,8,0.004774892702698708,0.030800907872617245,0.022954043932259083,True,True,0,32,0,0.08754515647888184,0.000783915946969142,0.003150392465331734,0.01980900764465332,0.01944397656758703,0.003988475168850033,13.449310209136456,10.087112262903247,0.4441688827208658,482,False,False,False,False,False,True,False,False,False,False,False,False,False,False,False,False,1,False,gripper_twitch
92,244,1,0,0,1,0,0,1,0,1,0,0,0,64,0.26229508196721313,139,150,139,0.569672131147541,11,0.0021752193570137024,0.034717755392193794,0.0271616093814373,True,True,0,0,0,0.08203783631324768,0.0008238407661015874,0.002936260694134151,0.03390836715698242,0.009542620842308691,0.0069419355655790825,16.522555948002264,10.301778494449536,0.09253720764964897,224,False,False,False,False,False,True,False,False,False,False,False,False,False,False,False,False,1,False,gripper_twitch
93,253,1,0,0,1,0,0,0,0,1,0,0,0,69,0.2727272727272727,151,162,151,0.5968379446640316,11,0.00150294229388237,0.03525269776582718,0.023725329898297787,True,True,0,2,0,0.08069922029972076,0.0008357482265746948,0.0027539359204288892,0.031171798706054688,0.022465761240426645,0.007221731934174104,14.887948524788953,10.839186471770518,0.04907577745354668,493,False,False,False,False,False,False,False,False,False,False,False,False,False,False,False,False,0,False,
94,251,1,0,0,1,0,0,0,1,1,0,0,0,74,0.2948207171314741,154,164,154,0.6135458167330677,10,0.0015566907823085785,0.03496532328426838,0.02568882331252098,True,True,0,0,0,0.08558157086372375,0.0007399544788759325,0.0028219346188346076,0.03571188449859619,0.006393130641492356,0.005117572824839551,16.88928507361561,12.05113123409319,0.12471156670890168,329,False,False,False,False,False,True,False,False,False,False,False,False,False,False,False,False,1,False,gripper_twitch
95,247,1,0,0,1,0,0,0,0,1,0,0,0,65,0.2631578947368421,151,161,151,0.611336032388664,10,0.0022667981684207916,0.03291136212646961,0.02309222985059023,True,True,0,0,0,0.06996536254882812,0.0005752304554953242,0.00229047313597386,0.016735315322875977,0.012046919376429674,0.006687830148044736,12.555598224003916,10.460100497039093,0.042543240479165904,140,False,False,False,False,False,False,False,False,False,False,False,False,False,False,False,False,0,False,
96,242,1,0,0,1,0,0,0,0,1,0,0,0,71,0.29338842975206614,145,158,145,0.5991735537190083,13,0.00635322742164135,0.031151751056313515,0.025957975536584854,True,True,0,32,0,0.07964345812797546,0.0006566485421111333,0.002531209420356867,0.017220377922058105,0.021608206478901083,0.011998320919345884,12.825763667176943,9.428857408158365,0.11430716183754293,364,False,False,False,False,False,False,True,False,False,False,False,False,False,False,False,False,1,False,hold_slip
97,239,1,0,0,1,0,0,0,0,1,0,0,0,66,0.27615062761506276,138,148,138,0.5774058577405857,10,0.0005115903913974762,0.03366699069738388,0.024864159524440765,True,True,0,0,0,0.07725459337234497,0.0007149349328067918,0.0027728512848182395,0.03079099766910076,0.018135438310225238,0.0169061965094891,15.708043757360429,9.694511472091108,0.0604879219616408,77,False,False,False,False,False,False,False,False,False,False,False,False,False,False,False,False,0,False,
98,221,1,0,0,1,0,0,0,0,1,0,0,0,70,0.3167420814479638,132,142,132,0.5972850678733032,10,0.00025490671396255493,0.033683840185403824,0.024876531213521957,True,True,0,0,0,0.08414864540100098,0.0008566328107549082,0.003113681300850534,0.02789127826690674,0.009803907469625322,0.00509780687417973,15.061516146175563,9.273622519469427,0.4426899195169377,125,False,False,False,False,False,False,False,False,False,False,False,False,False,False,False,False,0,False,
99,245,1,0,0,1,0,0,0,0,1,0,0,0,75,0.30612244897959184,151,161,151,0.6163265306122448,10,0.003691578283905983,0.02743527851998806,0.027060721069574356,True,True,0,30,0,0.09980663657188416,0.0007017305100209617,0.0024183411390851606,0.007066516205668449,0.012507305436452646,0.0018127872930461346,11.224954244680703,10.225441821487038,0.06011731674049361,347,False,False,False,False,False,False,False,False,False,False,False,False,False,False,False,False,0,False,
100,247,1,0,0,1,0,0,0,0,1,0,0,0,72,0.291497975708502,149,158,149,0.6032388663967612,9,0.0011031515896320343,0.027163786813616753,0.0263960687443614,True,True,0,0,0,0.07991206645965576,0.0005320502200223623,0.002108336363491444,0.004450559616088867,0.014051261787162313,0.011751737498680102,12.023134617775213,9.937747569534622,0.10603378586214574,201,False,False,False,False,False,False,False,False,False,False,False,False,False,False,False,False,0,False,
101,242,1,0,0,1,0,0,0,0,1,0,0,0,71,0.29338842975206614,145,158,145,0.5991735537190083,13,0.001986999064683914,0.03305552527308464,0.026153825223445892,True,True,0,32,0,0.08278602361679077,0.00060636557460515,0.0022516117812155304,0.003573584370315075,0.02232132091022817,0.013239580236026352,11.334466324886307,9.526891944624367,0.0866664049011049,268,False,False,False,False,False,False,False,False,False,False,False,False,False,False,False,False,0,False,
102,251,1,0,0,1,0,0,0,0,1,0,0,0,72,0.2868525896414343,159,169,159,0.6334661354581673,10,0.0013475678861141205,0.03507489338517189,0.025215081870555878,True,True,0,1,0,0.07247459888458252,0.0008065091924723233,0.0028154857249405073,0.03511083126068115,0.023571007989518743,0.006934205998677132,15.988459231390152,9.214602859065053,0.060871021820710094,37,False,False,False,False,False,False,False,False,False,False,False,False,False,False,False,False,0,False,
103,253,1,0,0,1,0,0,0,0,1,0,0,0,69,0.2727272727272727,151,162,151,0.5968379446640316,11,0.002147924154996872,0.03531951084733009,0.02416160237044096,True,True,0,2,0,0.08134916424751282,0.0007639629048328212,0.002455365620119184,0.006608247756958008,0.022205257123349892,0.006365251599999407,12.14143647137098,10.863523379783146,0.0890997315463659,380,False,False,False,False,False,False,False,False,False,False,False,False,False,False,False,False,0,False,
104,261,1,0,0,1,0,0,0,0,1,0,0,0,77,0.2950191570881226,167,177,167,0.6398467432950191,10,0.0010731276124715805,0.024573096074163914,0.024829105474054813,True,True,0,30,0,0.08079332113265991,0.0007804361091130954,0.002750310830130909,0.01765638613142073,0.00979754135086854,0.005409240506535199,14.012607179116458,11.268870763240557,0.1540830966658385,225,False,False,False,False,False,False,False,False,False,False,False,False,False,False,False,False,0,False,
105,247,1,0,0,1,0,0,0,0,1,0,0,0,65,0.2631578947368421,151,161,151,0.611336032388664,10,0.0031159836798906326,0.031478241086006165,0.022507536225020885,True,True,0,0,0,0.0699872374534607,0.0005754579698658196,0.0022813715960217896,0.00973331363638863,0.011894270744869187,0.006408713780112838,12.118272399529815,10.580778061732417,0.05453173355546625,55,False,False,False,False,False,False,False,False,False,False,False,False,False,False,False,False,0,False,
106,230,1,0,0,1,0,0,0,0,1,0,0,0,67,0.29130434782608694,141,151,141,0.6130434782608696,10,0.001321151852607727,0.02689662203192711,0.02631983533501625,True,True,0,31,0,0.07348451018333435,0.0007816410615777848,0.002709834245115672,0.027264714241027832,0.010955533394689021,0.007131948993217047,13.232867169193923,9.707351184566505,0.07935931913454473,203,False,False,False,False,False,False,False,False,False,False,False,False,False,False,False,False,0,False,
107,244,1,0,0,1,0,0,0,0,1,0,0,0,78,0.319672131147541,153,165,153,0.6270491803278688,12,0.0021927878260612488,0.03469197079539299,0.02276158332824707,True,True,0,32,0,0.0917661190032959,0.000608533615454303,0.002307744785725928,0.0066513484343886375,0.019437094823139357,0.0048316333276306285,12.452187907518237,9.784554875384856,0.038342765106509094,36,False,False,False,False,False,False,False,False,False,False,False,False,False,False,False,False,0,False,
108,214,2,0,0,1,0,0,0,0,2,0,0,0,39,0.1822429906542056,132,140,132,0.616822429906542,8,0.0009309388697147369,0.025449810549616814,0.025640571489930153,True,True,0,25,0,0.08538830280303955,0.0008273982593288161,0.0032814397742078616,0.046807169914245605,0.020260535580050875,0.007942711393394298,14.386313129682094,9.479849044830189,0.17529795021505773,311,False,True,False,False,False,False,False,False,False,True,False,False,False,False,False,False,2,True,"right_regrasp,timing_outlier"
109,247,1,0,0,1,0,0,0,0,1,0,0,0,72,0.291497975708502,149,158,149,0.6032388663967612,9,0.0035818032920360565,0.027555162087082863,0.02654547430574894,True,True,0,0,0,0.0743398666381836,0.0004347463671319998,0.0018802759370249097,0.007593274116516113,0.014524663411385311,0.012313883317175332,11.664555451599881,9.78997702110064,0.049805267390463766,184,False,False,False,False,False,False,False,False,False,False,False,False,False,False,False,False,0,False,
110,247,1,0,0,1,0,0,0,0,1,0,0,0,72,0.291497975708502,149,158,149,0.6032388663967612,9,0.002076081931591034,0.03403549827635288,0.02491346374154091,True,True,0,0,0,0.07339799404144287,0.0006145716184165645,0.0023050463764587234,0.01459156395867467,0.01242051471016922,0.009743436872687491,12.396100292913616,10.0872397583571,0.17754338738325706,232,False,False,False,False,False,False,False,False,False,False,False,False,False,False,False,False,0,False,
111,221,1,0,0,1,0,0,0,0,1,0,0,0,70,0.3167420814479638,132,142,132,0.5972850678733032,10,0.0038159675896167755,0.034094665199518204,0.02395588532090187,True,True,0,0,0,0.07492488622665405,0.0005743724442644702,0.00237389508931298,0.004155041591729969,0.008433296613140065,0.000995753492918114,11.371488481177948,9.371965155138241,0.042117670866154464,15,False,False,False,False,False,False,False,False,False,False,False,False,False,False,False,False,0,False,
112,247,1,0,0,1,0,0,0,0,1,0,0,0,72,0.291497975708502,149,158,149,0.6032388663967612,9,0.003576258197426796,0.028975932858884335,0.026902816258370876,True,True,0,0,0,0.07446455955505371,0.0005085897259973643,0.002084920424552788,0.022456049919128418,0.014189073361579136,0.011916021818208168,12.566199508131831,9.873910552056259,0.07998586322143995,69,False,False,False,False,False,False,False,False,False,False,False,False,False,False,False,False,0,False,
113,242,1,0,0,1,0,0,0,0,1,0,0,0,71,0.29338842975206614,145,158,145,0.5991735537190083,13,0.006180755794048309,0.032656945288181305,0.02647632732987404,True,True,0,32,0,0.08830827474594116,0.0007426858652601481,0.002668234428196548,0.02370619773864746,0.021259921068018214,0.011358945555962322,14.319166030385531,9.750382919592084,0.06533734978291589,155,False,False,False,False,False,False,True,False,False,False,False,False,False,False,False,False,1,False,hold_slip
114,221,1,0,0,1,0,0,0,0,1,0,0,0,70,0.3167420814479638,132,142,132,0.5972850678733032,10,0.002968069165945053,0.0338867511600256,0.024097317829728127,True,True,0,0,0,0.07523137331008911,0.0005817617089219558,0.002460309947559983,0.01269376277923584,0.008451449338033752,0.0011393108297607204,12.25335580969113,9.34180749314146,0.06667308738220522,143,False,False,False,False,False,False,False,False,False,False,False,False,False,False,False,False,0,False,
115,240,1,0,0,1,0,0,0,0,1,0,0,0,70,0.2916666666666667,141,152,141,0.5875,11,0.004625331610441208,0.028356053866446018,0.024655673652887344,True,True,0,31,0,0.08838918805122375,0.0007995965666057785,0.002906133706177803,0.02238774299621582,0.010457917438703524,0.005026592219649769,12.60209342953749,11.002923448670117,0.09412123100583127,34,False,False,False,False,False,False,False,False,False,False,False,False,False,False,False,False,0,False,
116,241,1,0,0,1,0,0,0,0,1,0,0,0,80,0.33195020746887965,155,165,155,0.6431535269709544,10,0.0012940801680088043,0.03448456898331642,0.02577356155961752,True,True,0,29,0,0.06974053382873535,0.0008450852290503264,0.00278879283831386,0.015198239940218627,0.010590717568816297,0.008234908029542954,13.47775486059254,8.741142922641302,0.0193992516195387,399,False,False,False,False,False,False,False,False,False,False,False,False,False,False,False,False,0,False,
117,253,1,0,0,1,0,0,0,0,1,0,0,0,69,0.2727272727272727,151,162,151,0.5968379446640316,11,0.0015948861837387085,0.03526948764920235,0.023712782189249992,True,True,0,2,0,0.08094875514507294,0.0008186257025685483,0.0026751477836710665,0.029797077178955078,0.02237744419883979,0.006942117320342723,14.286049030808499,10.852230323827825,0.06495843377468788,93,False,False,False,False,False,False,False,False,False,False,False,False,False,False,False,False,0,False,
118,242,1,0,0,1,0,0,0,0,1,0,0,0,71,0.29338842975206614,145,158,145,0.5991735537190083,13,0.004888515919446945,0.030917566269636154,0.025982191786170006,True,True,0,32,0,0.08527734875679016,0.0006494365084235724,0.0025427016283830293,0.02089100726880133,0.020743274880725117,0.010359770900086211,13.153640997014008,9.607053620071383,0.06481125571172694,5,False,False,False,False,False,False,False,False,False,False,False,False,False,False,False,False,0,False,
119,217,1,0,0,1,0,0,0,0,1,0,0,0,59,0.271889400921659,124,134,124,0.5714285714285714,10,0.0007886923849582672,0.03437146544456482,0.023028839379549026,True,True,0,31,0,0.09267866611480713,0.0007290771165796512,0.0027068375592045686,0.014248865656554699,0.013401473362180227,0.008493418908067318,11.76964424806647,9.465261627826294,0.08941920497379062,400,False,False,False,False,False,False,False,False,False,False,False,False,False,False,False,False,0,False,
120,241,1,0,0,1,0,0,0,3,1,0,0,0,80,0.33195020746887965,155,165,155,0.6431535269709544,10,0.0038384348154067993,0.031028172001242638,0.023818508721888065,True,True,0,29,0,0.07053795829415321,0.0008654404422761292,0.0029961697471262163,0.0241211773827672,0.013820483809829706,0.012110189239120064,14.36598961474374,8.92611896374001,0.14387222582486278,429,False,False,False,False,False,True,False,False,False,False,False,False,False,False,False,False,1,False,gripper_twitch
121,246,1,0,0,1,0,0,0,0,1,0,0,0,80,0.3252032520325203,155,167,155,0.6300813008130082,12,0.005245925858616829,0.027948888018727303,0.027390139177441597,True,True,0,30,0,0.07385900616645813,0.0005938518009788722,0.0021380394363367983,0.01609814167022705,0.01995451718394666,0.018477753928445674,10.381276461412199,8.79375186049765,0.05323424914678158,468,False,False,False,False,False,False,True,False,False,False,False,False,False,False,False,False,1,False,hold_slip
122,251,1,0,0,1,0,0,0,0,1,0,0,0,74,0.2948207171314741,154,164,154,0.6135458167330677,10,0.0014641210436820984,0.03500822186470032,0.026145894080400467,True,True,0,0,0,0.06662307679653168,0.0005533836515032954,0.002458422862835505,0.01823723316192627,0.007316103880241527,0.006232399875235295,14.077452407334931,12.027931639397138,0.07260591528162422,25,False,False,False,False,False,False,False,False,False,False,False,False,False,False,False,False,0,False,
123,217,1,0,0,1,0,0,0,0,1,0,0,0,59,0.271889400921659,124,134,124,0.5714285714285714,10,0.0006331838667392731,0.03421235457062721,0.02382064051926136,True,True,0,32,0,0.09092986583709717,0.0007805319562495929,0.003139021850422018,0.03158670384436846,0.014517180838487433,0.010579130953427583,14.550962979905307,9.482126110593526,0.07964039264029184,221,False,False,False,False,False,False,False,False,False,False,False,False,False,False,False,False,0,False,
124,246,1,0,0,1,0,0,0,0,1,0,0,0,80,0.3252032520325203,155,167,155,0.6300813008130082,12,0.0025672465562820435,0.02642352133989334,0.027360882610082626,True,True,0,32,0,0.07305988669395447,0.0006161227546838337,0.0021436410287261746,0.006966858170926571,0.019742974034644954,0.01824910019503514,10.256944176042452,8.747908213636038,0.05871617463360967,133,False,False,False,False,False,False,False,False,False,False,False,False,False,False,False,False,0,False,
125,240,1,0,0,1,0,0,0,0,1,0,0,0,70,0.2916666666666667,141,152,141,0.5875,11,0.000628126785159111,0.025548212230205536,0.024388721212744713,True,True,0,31,0,0.0888390839099884,0.000851884421983638,0.0032027562500716008,0.02180325984954834,0.010613164998021923,0.005342084187200908,14.043523964472115,11.031299734122513,0.22258098819898534,275,False,False,False,False,False,False,False,False,False,False,False,False,False,False,False,False,0,False,
126,230,1,0,0,1,0,0,0,0,1,0,0,0,67,0.29130434782608694,141,151,141,0.6130434782608696,10,0.003044312819838524,0.03222550451755524,0.02546319179236889,True,True,0,31,0,0.07174389064311981,0.0006678883392806568,0.0025095651774462388,0.02079282095655799,0.011693867416792795,0.008221162912947992,11.617892281268723,9.660000582109205,0.07012236985013764,128,False,False,False,False,False,False,False,False,False,False,False,False,False,False,False,False,0,False,
127,247,1,0,0,1,0,0,0,0,1,0,0,0,65,0.2631578947368421,151,161,151,0.611336032388664,10,0.002815769985318184,0.032211046665906906,0.022495554760098457,True,True,0,0,0,0.06850826740264893,0.0005738310939696569,0.002219580889815763,0.006049383606296033,0.01140072938686531,0.005438330274949621,11.640009639246273,10.541460359971097,0.018710284700626842,182,False,False,False,False,False,False,False,False,False,False,False,False,False,False,False,False,0,False,
128,230,1,0,0,1,0,0,0,2,1,0,0,0,67,0.29130434782608694,141,151,141,0.6130434782608696,10,0.0043816883116960526,0.03264993242919445,0.024891575798392296,True,True,0,31,0,0.0717136561870575,0.0006896246360891872,0.0026477119238639837,0.024154345504939556,0.012095685901164294,0.008783347365431755,12.337998661911115,9.744505409005797,0.07012236985013764,126,False,False,False,False,False,True,False,False,False,False,False,False,False,False,False,False,1,False,gripper_twitch
129,240,2,0,1,1,0,0,0,0,1,1,0,0,76,0.31666666666666665,149,159,149,0.6208333333333333,10,0.0029318295419216156,0.03213032707571983,0.02543123997747898,True,True,0,32,0,0.0893392562866211,0.0008618823434160129,0.003347735236788992,0.06272554397583008,0.01613437007737366,0.012848902476089417,18.47079595120158,9.462094490729214,0.03712302652826084,390,True,False,False,False,False,False,False,False,False,False,False,False,False,False,False,False,1,False,right_pre_grasp_close
130,240,1,0,0,1,0,0,0,0,1,0,0,0,70,0.2916666666666667,141,152,141,0.5875,11,0.000820530578494072,0.02638427633792162,0.02438298612833023,True,True,0,31,0,0.08805772662162781,0.0007792054049889205,0.002766666083300382,0.006822935014497489,0.01059886497564979,0.0053136175022257814,11.258662718435517,10.971104355163334,0.04273464605832185,211,False,False,False,False,False,False,False,False,False,False,False,False,False,False,False,False,0,False,
131,251,1,0,0,1,0,0,0,0,1,0,0,0,74,0.2948207171314741,154,164,154,0.6135458167330677,10,0.0022905170917510986,0.034870415925979614,0.025363773107528687,True,True,0,0,0,0.06630676984786987,0.0005299705979168653,0.002309675273749755,0.0036768104328075424,0.0053549155724452015,0.0037406621080183,12.527140557634993,12.01669305021278,0.027989520496529655,333,False,False,False,False,False,False,False,False,False,False,False,False,False,False,False,False,0,False,
132,233,1,0,0,1,0,0,0,0,1,0,0,0,67,0.2875536480686695,141,152,141,0.6051502145922747,11,0.004622742533683777,0.031094223260879517,0.022998030297458172,True,True,0,1,0,0.07599219679832458,0.0009169364277437193,0.0030944840988125877,0.01774075347930193,0.009239408252973466,0.0038118379175200267,13.124117533909157,9.586449502095093,0.0834013238814276,422,False,False,False,False,False,False,False,False,False,False,False,False,False,False,False,False,0,False,
133,246,1,0,0,1,0,0,0,0,1,0,0,0,80,0.3252032520325203,155,167,155,0.6300813008130082,12,0.0013424474745988846,0.02542988397181034,0.02742735669016838,True,True,0,32,0,0.07271263003349304,0.0005975407728763589,0.0020795177536722807,0.010379314422607422,0.01935260044453789,0.017826086547924728,10.387870962847956,8.743915497905618,0.05871617463360967,124,False,False,False,False,False,False,False,False,False,False,False,False,False,False,False,False,0,False,
134,221,1,0,0,1,0,0,0,0,1,0,0,0,70,0.3167420814479638,132,142,132,0.5972850678733032,10,0.002797849476337433,0.034064026549458504,0.023872381076216698,True,True,0,0,0,0.0752299427986145,0.0005778233403083168,0.002422167673356906,0.008716458920389414,0.00840236788214857,0.000686162721532406,11.695833318051882,9.330135970043557,0.04772144992879448,111,False,False,False,False,False,False,False,False,False,False,False,False,False,False,False,False,0,False,
135,230,1,0,0,1,0,0,0,0,1,0,0,0,67,0.29130434782608694,141,151,141,0.6130434782608696,10,0.0012438371777534485,0.034933025017380714,0.026303373277187347,True,True,0,31,0,0.07635270059108734,0.0006838247712963435,0.0025786861148024347,0.02432555751875043,0.012099864880130779,0.008789067902634815,11.875584050780162,9.765113523812033,0.17527726893803286,128,False,False,False,False,False,False,False,False,False,False,False,False,False,False,False,False,0,False,
136,221,1,0,0,1,0,0,0,0,1,0,0,0,70,0.3167420814479638,132,142,132,0.5972850678733032,10,0.00295821949839592,0.03412122093141079,0.024179847911000252,True,True,0,0,0,0.07493811845779419,0.0006420244685475961,0.002794426687890561,0.029561208044469822,0.010137717343628085,0.0057134589918549005,14.602530296891928,9.34779891811013,0.14910778970912605,158,False,False,False,False,False,False,False,False,False,False,False,False,False,False,False,False,0,False,
137,251,1,0,0,1,0,0,0,0,1,0,0,0,74,0.2948207171314741,154,164,154,0.6135458167330677,10,0.0006492733955383301,0.03296330384910107,0.025299526751041412,True,True,0,0,0,0.06383146345615387,0.0005586417715314185,0.002406570297626136,0.008882880210876465,0.00566052866472599,0.004166319899138614,12.931614718283527,12.066130452669313,0.06412851393483784,181,False,False,False,False,False,False,False,False,False,False,False,False,False,False,False,False,0,False,
138,261,2,1,0,1,0,0,0,0,1,1,0,0,77,0.2950191570881226,167,177,167,0.6398467432950191,10,0.0011786166578531265,0.024963179603219032,0.02697500679641962,True,True,0,29,0,0.08194637298583984,0.0007560014692780539,0.0026253337419842823,0.0211106538772583,0.008946776435567235,0.003648810063439319,13.542413310613483,11.342899952585867,0.18649642821470008,80,True,False,False,False,False,True,False,False,False,False,False,False,False,False,False,False,2,False,"right_pre_grasp_close,gripper_twitch"
139,253,1,0,0,1,0,0,0,0,1,0,0,0,69,0.2727272727272727,151,162,151,0.5968379446640316,11,0.001853644847869873,0.03526509180665016,0.023541351780295372,True,True,0,2,0,0.0812055915594101,0.0007847683867004604,0.002526268044232928,0.017985105514526367,0.022245881080272638,0.006505552171402977,12.915148400294129,10.847074615652673,0.0374792673760841,392,False,False,False,False,False,False,False,False,False,False,False,False,False,False,False,False,0,False,
140,247,1,0,0,1,0,0,0,0,1,0,0,0,65,0.2631578947368421,151,161,151,0.611336032388664,10,0.0015135183930397034,0.03220756538212299,0.022538132034242153,True,True,0,0,0,0.06804591417312622,0.0005695303404498599,0.002283329883357845,0.017196885775774717,0.01211666910639186,0.006812670244528959,12.621972329128766,10.403385227000399,0.042543240479165904,95,False,False,False,False,False,False,False,False,False,False,False,False,False,False,False,False,0,False,
141,241,1,0,0,1,0,0,0,0,1,0,0,0,80,0.33195020746887965,155,165,155,0.6431535269709544,10,0.003804907202720642,0.03293772041797638,0.024846374057233334,True,True,0,29,0,0.07038652524352074,0.0008528533825055765,0.002808763331622036,0.023073554039001465,0.011997522468470325,0.009979551896301989,14.761296430137008,8.739944495835516,0.06714486327924751,324,False,False,False,False,False,False,False,False,False,False,False,False,False,False,False,False,0,False,
142,266,1,0,0,1,0,0,0,1,1,0,0,0,72,0.2706766917293233,160,170,160,0.6015037593984962,10,0.0013830550014972687,0.035613588988780975,0.024607110768556595,True,True,0,4,0,0.08417224884033203,0.0006859408524514623,0.0025404139916316865,0.018769383430480957,0.016223881264780884,0.0028946676822986187,14.568556999322027,9.900755164740985,0.034876135642710845,297,False,False,False,False,False,True,False,False,False,False,False,False,False,False,False,False,1,False,gripper_twitch
143,221,1,0,0,1,0,0,0,0,1,0,0,0,70,0.3167420814479638,132,142,132,0.5972850678733032,10,0.00435715913772583,0.03375014290213585,0.02396116778254509,True,True,0,0,0,0.07508695125579834,0.0005747129434628695,0.002384449249216852,0.007317781448364258,0.008437217959205951,0.0010284357756351952,11.645178445382044,9.292613452433216,0.062016182833193066,111,False,False,False,False,False,False,False,False,False,False,False,False,False,False,False,False,0,False,
144,251,1,0,0,1,0,0,0,0,1,0,0,0,74,0.2948207171314741,154,164,154,0.6135458167330677,10,0.0016765408217906952,0.03483361937105656,0.02669459953904152,True,True,0,0,0,0.06664146482944489,0.0005836800256546405,0.0025862247583014063,0.03187847137451172,0.007449089681809066,0.006387924062276264,15.230585921555758,12.032988644899888,0.15017564986745932,122,False,False,False,False,False,False,False,False,False,False,False,False,False,False,False,False,0,False,
145,239,1,0,0,1,0,0,0,0,1,0,0,0,66,0.27615062761506276,138,148,138,0.5774058577405857,10,0.001088123768568039,0.03359386324882507,0.024662883952260017,True,True,0,0,0,0.07703927159309387,0.0006885357302155806,0.0026678645100751404,0.021639160811901093,0.01689043277357274,0.015563164106056848,15.01042619603686,9.67740154029525,0.07949840705113816,97,False,False,False,False,False,False,False,False,False,False,False,False,False,False,False,False,0,False,
146,217,1,0,0,1,0,0,0,0,1,0,0,0,59,0.271889400921659,124,134,124,0.5714285714285714,10,0.0013045445084571838,0.03523973003029823,0.023261018097400665,True,True,0,1,0,0.09068834781646729,0.0007117446119041803,0.002604151647958997,0.0060122013092041016,0.012924510103808797,0.007718914295038189,10.87515055728727,9.479260002634874,0.10344264420158172,496,False,False,False,False,False,False,False,False,False,False,False,False,False,False,False,False,0,False,
147,230,1,0,0,1,0,0,0,0,1,0,0,0,67,0.29130434782608694,141,151,141,0.6130434782608696,10,0.0009733345359563828,0.027249330654740334,0.026343191042542458,True,True,0,31,0,0.07428538799285889,0.0006533832387251901,0.0023373484143512377,0.006292084464803338,0.010206553263623085,0.0059173232126425515,10.374757161131129,9.706654436304234,0.032603532437203375,202,False,False,False,False,False,False,False,False,False,False,False,False,False,False,False,False,0,False,
148,241,1,0,0,2,0,0,0,0,1,0,0,1,80,0.33195020746887965,155,165,155,0.6431535269709544,10,0.0027173757553100586,0.03451960161328316,0.025277533568441868,True,True,0,29,0,0.06989850848913193,0.0008021463791079418,0.0027370381919202677,0.011392831802368164,0.025666514396126702,0.007991971844764911,13.719009928783635,9.176327595545445,0.14684434152747672,307,False,False,False,True,False,False,False,False,False,False,False,False,False,False,False,False,1,True,left_early_close
149,221,1,0,0,1,0,0,0,0,1,0,0,0,70,0.3167420814479638,132,142,132,0.5972850678733032,10,0.004168525338172913,0.033874912187457085,0.023952513933181763,True,True,0,0,0,0.07395213842391968,0.000591385105543468,0.0025305111583516127,0.015825851121917367,0.008546962798387335,0.0017092707013448675,12.552756977267563,9.327785269024389,0.03380129973095704,180,False,False,False,False,False,False,False,False,False,False,False,False,False,False,False,False,0,False,
150,247,1,0,0,1,0,0,0,0,1,0,0,0,65,0.2631578947368421,151,161,151,0.611336032388664,10,0.0027901344001293182,0.033269328996539116,0.022791978903114796,True,True,0,0,0,0.06389492750167847,0.0007116801569700993,0.0025965275980432117,0.03194534778594971,0.012363516658784823,0.007242606561104172,14.077106555661885,10.721600474476872,0.117981033497196,230,False,False,False,False,False,False,False,False,False,False,False,False,False,False,False,False,0,False,
151,257,1,0,0,1,0,0,0,0,1,0,0,0,86,0.3346303501945525,164,174,164,0.6381322957198443,10,0.0013873614370822906,0.03333395533263683,0.02277105301618576,True,True,0,31,0,0.07257130742073059,0.0006685656313585257,0.002411242623268401,0.030355215072631836,0.020076968251055257,0.010029846388956917,14.579261829145253,9.510622617508488,0.32631155713347315,213,False,False,False,False,False,False,False,False,False,False,False,False,False,False,False,False,0,False,
152,244,1,0,0,2,1,0,0,0,1,0,0,0,78,0.319672131147541,153,165,153,0.6270491803278688,12,0.002258043736219406,0.03550827503204346,0.02535470388829708,True,True,0,32,0,0.09078621864318848,0.0006905384083064086,0.002757337715971655,0.021757247392088175,0.020811493600985727,0.009002422710904113,14.172840865387116,10.010576010579825,0.13718557644672688,308,False,False,False,False,False,True,False,False,False,False,False,False,False,False,False,False,1,False,gripper_twitch
153,244,1,0,0,1,0,0,0,0,1,0,0,0,78,0.319672131147541,153,165,153,0.6270491803278688,12,0.00153457373380661,0.03466746583580971,0.02310713194310665,True,True,0,2,0,0.09055447578430176,0.0005949346084028587,0.002194086173446149,0.006651570089161396,0.01965029490596919,0.005628308730568354,11.773237579123816,9.787463545560058,0.08080130447036611,36,False,False,False,False,False,False,False,False,False,False,False,False,False,False,False,False,0,False,
154,261,1,0,0,1,0,0,0,0,1,0,0,0,77,0.2950191570881226,167,177,167,0.6398467432950191,10,0.0010024048388004303,0.02472590934485197,0.026995128020644188,True,True,0,30,0,0.08119004964828491,0.0007782106455529946,0.002659380695256534,0.015520691871643066,0.009078229710902703,0.003960209713506531,13.561935008969158,11.301842416207364,0.2049679809977029,138,False,False,False,False,False,False,False,False,False,False,False,False,False,False,False,False,0,False,
155,242,1,0,0,1,0,0,0,0,1,0,0,0,71,0.29338842975206614,145,158,145,0.5991735537190083,13,0.004430605098605156,0.032867904752492905,0.026438988745212555,True,True,0,32,0,0.08703991770744324,0.000881366256063076,0.002867492309995119,0.02455723285675049,0.021659343026740895,0.012090171959026048,14.766039207810536,9.692786510262522,0.06533734978291589,113,False,False,False,False,False,False,False,False,False,False,False,False,False,False,False,False,0,False,
156,245,1,0,0,1,0,0,0,0,1,0,0,0,75,0.30612244897959184,151,161,151,0.6163265306122448,10,0.006399089470505714,0.028681033290922642,0.026067430153489113,True,True,0,30,0,0.0966021716594696,0.0007511304173056519,0.002809829611708801,0.03102898597717285,0.013064047769002869,0.004187047505868304,14.558534865034744,10.174844948865939,0.06423030253183006,164,False,False,False,False,False,False,True,False,False,False,False,False,False,False,False,False,1,False,hold_slip
157,256,1,0,0,1,0,0,0,0,1,0,0,0,75,0.29296875,164,176,164,0.640625,12,0.0006442088633775711,0.024230608716607094,0.027350500226020813,True,True,0,0,0,0.08518087863922119,0.0005511162453861351,0.002282978611103323,0.03043222427368164,0.020433406611171143,0.00457421394595101,14.440347058465704,10.013710688705032,0.026966840351057526,68,False,False,False,False,False,False,False,False,False,False,False,False,False,False,False,False,0,False,
158,221,1,0,0,1,0,0,0,0,1,0,0,0,70,0.3167420814479638,132,142,132,0.5972850678733032,10,0.005249660462141037,0.03158801607787609,0.024928951635956764,True,True,0,0,0,0.07439112663269043,0.0006455439073571065,0.002776736398793998,0.026180386543273926,0.009098587250991013,0.003557329149264398,14.481480220347294,9.269376549606022,0.14910778970912605,136,False,False,False,False,False,False,True,False,False,False,False,False,False,False,False,False,1,False,hold_slip
159,251,1,0,0,1,0,0,0,0,1,0,0,0,74,0.2948207171314741,154,164,154,0.6135458167330677,10,0.0025012120604515076,0.03449789248406887,0.023456407710909843,True,True,0,0,0,0.06411953270435333,0.0005819364900227975,0.002532839252868663,0.024669885635375977,0.006338569925975491,0.00504916878745945,14.349908689458971,12.132119080048142,0.09978162483668471,329,False,False,False,False,False,False,False,False,False,False,False,False,False,False,False,False,0,False,
160,233,1,0,0,1,0,0,0,0,1,0,0,0,67,0.2875536480686695,141,150,141,0.6051502145922747,9,0.004109654575586319,0.034195221960544586,0.027430186979472637,True,True,0,1,0,0.08517846465110779,0.0008913554156341759,0.003252386540042845,0.021252595353871584,0.00928341888500782,0.0039181921960261485,13.637168334185844,9.992484316207992,0.1689270989044525,369,False,False,False,False,False,False,False,False,False,False,False,False,False,False,False,False,0,False,
161,239,1,0,0,1,0,0,0,0,1,0,0,0,66,0.27615062761506276,138,148,138,0.5774058577405857,10,0.001176297664642334,0.034168120473623276,0.023499833419919014,True,True,0,0,0,0.07664000988006592,0.0006454811980888065,0.0024686173123667373,0.009903797879815102,0.015290440399416114,0.013810247112980003,13.238884013728239,9.66609812302704,0.041407595353841586,472,False,False,False,False,False,False,False,False,False,False,False,False,False,False,False,False,0,False,
162,256,1,0,0,1,0,0,0,0,1,0,0,0,75,0.29296875,164,176,164,0.640625,12,0.003370216116309166,0.029056977480649948,0.025732388719916344,True,True,0,0,0,0.08638334274291992,0.0005657162237858621,0.002083709023894376,0.014498339616693556,0.01999164557112663,0.0017560098619016841,13.05489312276768,9.783261197969296,0.05182705943254257,413,False,False,False,False,False,False,False,False,False,False,False,False,False,False,False,False,0,False,
163,240,1,0,0,1,0,0,0,0,1,0,0,0,70,0.2916666666666667,141,152,141,0.5875,11,0.0033564697951078415,0.028331436216831207,0.024222534149885178,True,True,0,31,0,0.0875089168548584,0.0008446854103512371,0.0030577279640606504,0.02999591827392578,0.01051768934475054,0.005149794300803029,13.92836606502533,10.96313119410297,0.06096299095193108,24,False,False,False,False,False,False,False,False,False,False,False,False,False,False,False,False,0,False,
164,245,1,0,0,1,0,0,0,0,1,0,0,0,75,0.30612244897959184,151,161,151,0.6163265306122448,10,0.004132602363824844,0.02872291300445795,0.02688498329371214,True,True,0,30,0,0.10022425651550293,0.0007633371963968341,0.0027934161471395956,0.032578110694885254,0.013029896926469919,0.004078200878272412,14.636300635989755,10.233230127123534,0.06423030253183006,156,False,False,False,False,False,False,False,False,False,False,False,False,False,False,False,False,0,False,
165,230,1,0,0,1,0,0,0,0,1,0,0,0,67,0.29130434782608694,141,151,141,0.6130434782608696,10,0.0016039181500673294,0.025337545201182365,0.02592507377266884,True,True,0,31,0,0.07129502296447754,0.000673496762042407,0.002558482712611186,0.015314698219299316,0.009297606705595868,0.004157771515385793,11.82102569208655,9.580101630912395,0.12628558673901774,197,False,False,False,False,False,False,False,False,False,False,False,False,False,False,False,False,0,False,
166,256,1,0,0,1,0,0,0,0,1,0,0,0,75,0.29296875,164,176,164,0.640625,12,0.0016598757356405258,0.025605522096157074,0.02728900872170925,True,True,0,0,0,0.08613854646682739,0.0005299508014475674,0.0022102679581060794,0.017302989959716797,0.020124292993461638,0.0028991113259476606,13.52971371304011,9.966613556608536,0.12167390094255276,78,False,False,False,False,False,False,False,False,False,False,False,False,False,False,False,False,0,False,
167,256,1,0,0,1,0,0,0,0,1,0,0,0,75,0.29296875,164,176,164,0.640625,12,0.002409026026725769,0.027455683797597885,0.026949956081807613,True,True,0,0,0,0.08635914325714111,0.00048340673024760216,0.0019673972868688022,0.012424900545738637,0.01999223124751936,0.0017626650980371561,13.0404008240439,9.68460522533951,0.012904649163889432,78,False,False,False,False,False,False,False,False,False,False,False,False,False,False,False,False,0,False,
168,242,1,0,0,1,0,0,0,0,1,0,0,0,71,0.29338842975206614,145,158,145,0.5991735537190083,13,0.0057698991149663925,0.03254951909184456,0.0257975235581398,True,True,0,32,0,0.08661001920700073,0.000635694327881887,0.0023992527443298132,0.00829172134399414,0.02199122463434942,0.012675136234660643,11.874841054232093,9.690166485423106,0.03983177993426638,35,False,False,False,False,False,False,True,False,False,False,False,False,False,False,False,False,1,False,hold_slip
169,246,1,0,0,1,0,0,0,0,1,0,0,0,80,0.3252032520325203,155,167,155,0.6300813008130082,12,0.0009893979877233505,0.026263663545250893,0.026983080431818962,True,True,0,32,0,0.07342728972434998,0.0006256114363367382,0.002244523304207721,0.012553095817565918,0.020526203140920636,0.01909374853271392,11.17894187849015,8.765206893787763,0.08003091383404774,124,False,False,False,False,False,False,False,False,False,False,False,False,False,False,False,False,0,False,
170,242,1,0,0,1,0,0,0,1,1,0,0,0,71,0.29338842975206614,145,158,145,0.5991735537190083,13,0.004313722252845764,0.03037586249411106,0.026645228266716003,True,True,0,32,0,0.08198416233062744,0.000654384320565603,0.0025185925664737976,0.010288596153259277,0.02165620261198863,0.012084391250553526,12.181881471653469,9.697100289427908,0.0708245399947989,268,False,False,False,False,False,True,False,False,False,False,False,False,False,False,False,False,1,False,gripper_twitch
171,251,1,0,0,1,0,0,0,0,1,0,0,0,72,0.2868525896414343,159,169,159,0.6334661354581673,10,0.0020936131477355957,0.035178836435079575,0.025463448837399483,True,True,0,1,0,0.07240283489227295,0.0007334928473129675,0.0023591243912872285,0.005310177803039551,0.0226758262234323,0.0025853220506221984,11.889460530714132,9.20766875751724,0.04078872390629194,277,False,False,False,False,False,False,False,False,False,False,False,False,False,False,False,False,0,False,
172,240,1,0,0,1,0,0,1,0,1,0,0,0,70,0.2916666666666667,141,152,141,0.5875,11,0.0019084326922893524,0.025660322047770023,0.022445358335971832,True,True,0,31,0,0.08229765295982361,0.0007979333296812253,0.0029452065158452963,0.021471500396728516,0.010977038273581544,0.006032740790683652,12.161175523502607,10.68464408638647,0.09949742809235865,79,False,False,False,False,False,True,False,False,False,False,False,False,False,False,False,False,1,False,gripper_twitch
173,240,1,0,0,1,0,0,0,0,1,0,0,0,76,0.31666666666666665,148,158,148,0.6166666666666667,10,0.0035185739398002625,0.035280048847198486,0.02718845009803772,True,True,0,33,0,0.07128554582595825,0.000540546537334316,0.002300929542762378,0.018131136894226074,0.01434223609970782,0.006905924854829048,12.298741963226348,9.345200409412428,0.0480315268928375,31,False,False,False,False,False,False,False,False,False,False,False,False,False,False,False,False,0,False,
174,221,1,0,0,1,0,0,0,0,1,0,0,0,70,0.3167420814479638,132,142,132,0.5972850678733032,10,0.0020901821553707123,0.034100042656064034,0.024953145533800125,True,True,0,0,0,0.07668942213058472,0.0006127820781459928,0.0025413221428806677,0.01654064655303955,0.008875056954727406,0.002938991187995333,12.067801502533257,9.344933217524158,0.11266421473813731,246,False,False,False,False,False,False,False,False,False,False,False,False,False,False,False,False,0,False,
175,241,1,0,0,1,0,0,0,0,1,0,0,0,80,0.33195020746887965,155,165,155,0.6431535269709544,10,0.0049012210220098495,0.031950417906045914,0.025157596915960312,True,True,0,29,0,0.06990251317620277,0.0008256945994138365,0.0026779973125926624,0.0168607234954834,0.011077001614352504,0.00885160298668565,13.45411719342519,8.739418806151662,0.1262506598033964,357,False,False,False,False,False,False,False,False,False,False,False,False,False,False,False,False,0,False,
176,239,1,0,0,1,0,0,0,0,1,0,0,0,66,0.27615062761506276,138,148,138,0.5774058577405857,10,0.0011128224432468414,0.0342699158936739,0.025400979444384575,True,True,0,0,0,0.07574856281280518,0.0006556696099898013,0.0025448127959143887,0.018458138220012188,0.01639002580882978,0.015018598593996128,13.92988823284395,9.611208906822867,0.04500413117147827,472,False,False,False,False,False,False,False,False,False,False,False,False,False,False,False,False,0,False,
177,253,1,0,0,1,0,0,0,0,1,0,0,0,69,0.2727272727272727,151,162,151,0.5968379446640316,11,0.00024582818150520325,0.03409973904490471,0.02358947228640318,True,True,0,2,0,0.08020587265491486,0.0007964362762818369,0.002640733831339216,0.017615899443626404,0.022437977175496074,0.007134830323511322,13.62377297738567,10.860441797762178,0.1414007092458963,27,False,False,False,False,False,False,False,False,False,False,False,False,False,False,False,False,0,False,
178,233,1,0,0,1,0,0,0,0,1,0,0,0,67,0.2875536480686695,141,152,141,0.6051502145922747,11,0.0006846152245998383,0.03369331359863281,0.02641038503497839,True,True,0,1,0,0.08139926195144653,0.0009703310827171061,0.0033566164360171137,0.037978172302246094,0.01032751883992768,0.005985072166097114,16.764150083006825,9.57050075015377,0.2088260856254252,446,False,False,False,False,False,False,False,False,False,False,False,False,False,False,False,False,0,False,
179,221,1,0,0,1,0,0,0,0,1,0,0,0,70,0.3167420814479638,132,142,132,0.5972850678733032,10,0.004593148827552795,0.03414689376950264,0.024004098027944565,True,True,0,0,0,0.07405626773834229,0.0005705086423967538,0.002330483722511411,0.002690673529286869,0.00853728616575577,0.0016602073152060773,11.176103797450196,9.329042483719604,0.04646190131647936,15,False,False,False,False,False,False,False,False,False,False,False,False,False,False,False,False,0,False,
180,221,1,0,0,1,0,0,0,0,1,0,0,0,70,0.3167420814479638,132,142,132,0.5972850678733032,10,0.0036322474479675293,0.03402234800159931,0.02398223988711834,True,True,0,0,0,0.07497888803482056,0.0005965825295271295,0.0025593672460978304,0.017458321060985327,0.008613816711759367,0.0020171444165562064,12.785440090316115,9.366621688141095,0.03380129973095704,149,False,False,False,False,False,False,False,False,False,False,False,False,False,False,False,False,0,False,
181,251,1,0,0,1,0,0,0,0,1,0,0,0,74,0.2948207171314741,154,164,154,0.6135458167330677,10,0.0014508552849292755,0.033230844885110855,0.026007048785686493,True,True,0,0,0,0.06457170844078064,0.0005510900159464569,0.002417720162754839,0.014251112937927246,0.005615401640614132,0.0041047986945994906,13.35074959602207,12.040167250230297,0.06412851393483784,137,False,False,False,False,False,False,False,False,False,False,False,False,False,False,False,False,0,False,
182,247,1,0,0,1,0,0,0,0,1,0,0,0,65,0.2631578947368421,151,161,151,0.611336032388664,10,0.002047155052423477,0.03388039395213127,0.02316321711987257,True,True,0,0,0,0.06936860084533691,0.0005572483100189828,0.002177650058807052,0.005685004929546267,0.011365146179028184,0.005363334158672038,11.625685701801558,10.445291594085575,0.018710284700626842,127,False,False,False,False,False,False,False,False,False,False,False,False,False,False,False,False,0,False,
183,240,1,0,0,1,0,0,0,0,1,0,0,0,76,0.31666666666666665,149,159,149,0.6208333333333333,10,0.0005441717803478241,0.033033180981874466,0.026852106675505638,True,True,0,32,0,0.08443689346313477,0.00060313085093504,0.002278136721670808,0.016318798065185547,0.014303101702836487,0.010457299621225843,11.44942661409732,9.642612491814361,0.06589158330188175,255,False,False,False,False,False,False,False,False,False,False,False,False,False,False,False,False,0,False,
184,247,1,0,0,1,0,0,0,0,1,0,0,0,72,0.291497975708502,149,158,149,0.6032388663967612,9,0.002593984827399254,0.028400959447026253,0.026982707902789116,True,True,0,0,0,0.07402420043945312,0.0004388540091256588,0.0019163593253213368,0.010129690170288086,0.015172659989661717,0.013071915987658339,12.013963321573101,9.793385423034124,0.049805267390463766,109,False,False,False,False,False,False,False,False,False,False,False,False,False,False,False,False,0,False,
185,245,1,0,0,1,0,0,0,0,1,0,0,0,75,0.30612244897959184,151,161,151,0.6163265306122448,10,0.004588812589645386,0.031125119887292385,0.027179930359125137,True,True,0,30,0,0.11013153195381165,0.0010545003180956164,0.003342480344368107,0.039858102798461914,0.013170172675339204,0.004506324088141353,16.91935821977677,10.252395651405095,0.13716116211141247,340,False,False,False,False,False,False,False,False,False,False,False,False,False,False,False,False,0,False,
186,214,1,0,0,1,0,0,0,0,1,0,0,0,64,0.29906542056074764,132,140,132,0.616822429906542,8,0.0034767333418130875,0.029750547371804714,0.023060266859829426,True,True,0,32,0,0.08713650703430176,0.000729611414487621,0.002718138801652189,0.008728981018066406,0.018938548028027528,0.0033563589371958724,11.714670208049938,9.51123322692365,0.10903904111283631,386,False,False,False,False,False,False,False,False,False,False,False,False,False,False,False,False,0,False,
187,257,1,0,0,1,0,0,0,0,1,0,0,0,86,0.3346303501945525,164,174,164,0.6381322957198443,10,0.0012547411024570465,0.03339305706322193,0.02281869575381279,True,True,0,31,0,0.07277533411979675,0.000651314373490592,0.0022719800025655496,0.026215672492980957,0.01919835920961753,0.008129021687657044,13.126056503970176,9.509403902360646,0.09304829923320508,285,False,False,False,False,False,False,False,False,False,False,False,False,False,False,False,False,0,False,
188,240,1,0,0,1,0,0,0,0,1,0,0,0,70,0.2916666666666667,141,152,141,0.5875,11,0.00509444996714592,0.029590344987809658,0.02517474628984928,True,True,0,4,0,0.08883684873580933,0.0007853397937233186,0.0028183802535300837,0.014058755012229085,0.010119276681491417,0.0042776573897964605,11.546822493197396,11.014603077999709,0.07401680098106696,398,False,False,False,False,False,False,True,False,False,False,False,False,False,False,False,False,1,False,hold_slip
189,215,1,0,0,1,0,0,0,1,1,0,0,0,72,0.33488372093023255,132,142,132,0.6139534883720931,10,0.0013898052275180817,0.03538566641509533,0.027269257232546806,True,True,0,31,0,0.10664248466491699,0.001257783543338053,0.0037588138591072677,0.04562580585479736,0.011523039821032317,0.005616063610571693,16.92169057391584,8.73358650645423,0.1935564571693832,402,False,False,False,False,False,True,False,False,False,False,False,False,False,False,False,False,1,False,gripper_twitch
190,240,1,0,0,1,0,0,0,0,1,0,0,0,70,0.2916666666666667,141,152,141,0.5875,11,0.006159285083413124,0.027695070952177048,0.02444673329591751,True,True,0,31,0,0.08909109234809875,0.0007841285667694603,0.002820980698358071,0.011202216148376465,0.010207771921986882,0.004482990051205564,11.839639766607434,11.032055800415037,0.03361310726982981,76,False,False,False,False,False,False,True,False,False,False,False,False,False,False,False,False,1,False,hold_slip
191,261,1,0,0,1,0,0,0,0,1,0,0,0,77,0.2950191570881226,167,177,167,0.6398467432950191,10,0.0008537396788597107,0.024844097904860973,0.026616578921675682,True,True,0,29,0,0.08191001415252686,0.000809738987932925,0.002737474205803035,0.02278745174407959,0.009282085685465057,0.004407400708793968,14.907576867961325,11.296657284947287,0.046999933866534574,3,False,False,False,False,False,False,False,False,False,False,False,False,False,False,False,False,0,False,
192,233,1,0,0,1,0,0,0,0,1,0,0,0,68,0.2918454935622318,141,149,141,0.6051502145922747,8,0.005632948130369186,0.025872135534882545,0.02499712724238634,True,True,0,30,0,0.11168670654296875,0.0019775756832736634,0.005069107655747095,0.0484696626663208,0.015679804339282122,0.005035887734186678,19.93313649281845,9.955731696310977,0.4795186228267669,373,False,False,False,False,False,False,True,False,False,False,False,False,False,False,False,False,1,False,hold_slip
193,261,1,0,0,1,0,0,0,0,1,0,0,0,77,0.2950191570881226,167,177,167,0.6398467432950191,10,0.0009210575371980667,0.02461386378854513,0.026318388991057873,True,True,0,29,0,0.08356362581253052,0.0007806038533389616,0.0026645585661871445,0.021256446838378906,0.008812126012969474,0.0033047891315506842,14.031108578376006,11.382614364141773,0.05108894359018961,3,False,False,False,False,False,False,False,False,False,False,False,False,False,False,False,False,0,False,
194,247,2,1,0,1,0,0,0,0,1,1,0,0,65,0.2631578947368421,151,161,151,0.611336032388664,10,0.004432739689946175,0.026329953223466873,0.022431133314967155,True,True,0,0,0,0.05923658609390259,0.0006440453821450791,0.0025207865889764346,0.027604103088378906,0.01206406050626098,0.006718657717552317,13.653754004917573,10.72487205654761,0.2504095351269604,299,True,False,False,False,False,True,False,False,False,False,False,False,False,False,False,False,2,False,"right_pre_grasp_close,gripper_twitch"
195,230,1,0,0,1,0,0,0,0,1,0,0,0,67,0.29130434782608694,141,151,141,0.6130434782608696,10,0.001054210588335991,0.027825244702398777,0.025879928842186928,True,True,0,31,0,0.07257770001888275,0.0006526044372436438,0.002363431814682515,0.0043637752532958984,0.009455968537755599,0.004500768213231604,10.48108619346749,9.700980774854543,0.080812474675095,73,False,False,False,False,False,False,False,False,False,False,False,False,False,False,False,False,0,False,
196,233,1,0,0,1,0,0,0,0,1,0,0,0,68,0.2918454935622318,141,149,141,0.6051502145922747,8,0.0022764503955841064,0.026413559913635254,0.024074869230389595,True,True,0,8,20,0.10278826951980591,0.0009410147755443133,0.0032931547492687056,0.03411376476287842,0.0152865166147255,0.0036306178468295627,16.15820345983957,9.978494514980412,0.19266459260026675,199,False,False,False,False,False,False,False,False,False,False,False,False,False,False,False,False,0,False,
197,230,1,0,0,1,0,0,0,0,1,0,0,0,67,0.29130434782608694,141,151,141,0.6130434782608696,10,0.001587333157658577,0.02930525131523609,0.02707926370203495,True,True,0,31,0,0.07214805483818054,0.0006571510801690758,0.0024193444434266504,0.018169522285461426,0.009693924214114741,0.004981280071297282,11.291438616171945,9.645334809087217,0.11334924688932951,73,False,False,False,False,False,False,False,False,False,False,False,False,False,False,False,False,0,False,
198,214,1,0,0,1,0,0,0,0,1,0,0,0,64,0.29906542056074764,132,140,132,0.616822429906542,8,0.0014740489423274994,0.034692078828811646,0.023232290521264076,True,True,0,1,0,0.08777809143066406,0.0007522421369912767,0.002800470881823727,0.010466683306731284,0.018793120851696606,0.002403733606675863,12.515904094907455,9.56943736633184,0.03850831506303342,404,False,False,False,False,False,False,False,False,False,False,False,False,False,False,False,False,0,False,
199,233,1,0,0,1,0,0,0,0,1,0,0,0,68,0.2918454935622318,141,149,141,0.6051502145922747,8,0.0013251490890979767,0.029026810079813004,0.023170548491179943,True,True,0,30,0,0.07219326496124268,0.0006881161243078043,0.0026580947127979025,0.022879958152770996,0.015306624167697151,0.0037143692800486474,13.414077711640857,9.89727595106524,0.05570611401162618,325,False,False,False,False,False,False,False,False,False,False,False,False,False,False,False,False,0,False,
200,233,2,1,0,1,0,0,0,0,1,1,0,0,68,0.2918454935622318,141,149,141,0.6051502145922747,8,0.0014089588075876236,0.02552986890077591,0.023311254568398,True,True,0,30,0,0.07156991958618164,0.0006864204092271351,0.002645278775508537,0.018004655838012695,0.015289016639125918,0.003641129705037678,12.792719472723547,9.990572277492902,0.06414607231796952,219,True,False,False,False,False,True,False,False,False,False,False,False,False,False,False,False,2,False,"right_pre_grasp_close,gripper_twitch"
201,247,1,0,0,1,0,0,0,0,1,0,0,0,72,0.291497975708502,149,158,149,0.6032388663967612,9,0.004094362258911133,0.027911962941288948,0.026376848109066486,True,True,0,0,0,0.07434487342834473,0.0004448115204307348,0.0019046322799557496,0.005223678221227601,0.013975323169020181,0.0116608547205394,11.388638801348861,9.822697311807133,0.05617600603946063,109,False,False,False,False,False,False,False,False,False,False,False,False,False,False,False,False,0,False,
202,230,1,0,0,1,0,0,0,0,1,0,0,0,67,0.29130434782608694,141,151,141,0.6130434782608696,10,0.0019674301147460938,0.02750854194164276,0.026068681851029396,True,True,0,31,0,0.07222801446914673,0.0006509976692721623,0.002337715904353348,0.005137583008036017,0.010105890339730467,0.005742002532293921,10.392438122769818,9.67528221863904,0.032603532437203375,147,False,False,False,False,False,False,False,False,False,False,False,False,False,False,False,False,0,False,
203,230,1,0,0,1,0,0,0,0,1,0,0,0,67,0.29130434782608694,141,151,141,0.6130434782608696,10,0.0018865801393985748,0.026597389951348305,0.026286235079169273,True,True,0,31,0,0.07198785245418549,0.0006840707477287799,0.002543362924678255,0.021384000778198242,0.010774624513695924,0.006850804178404201,12.143818350043148,9.655652169254608,0.07935931913454473,106,False,False,False,False,False,False,False,False,False,False,False,False,False,False,False,False,0,False,
204,247,2,0,0,1,0,0,0,0,2,0,0,0,43,0.17408906882591094,151,161,151,0.611336032388664,10,0.002210162580013275,0.0289226109161973,0.02303643338382244,True,True,0,0,0,0.06887388229370117,0.0006134487081335011,0.0024903246780359034,0.03635203838348389,0.013034189414974123,0.008336000199875408,13.757709490048,10.5236912028995,0.059814462237735296,71,False,True,False,False,False,False,False,False,False,True,False,False,False,False,False,False,2,True,"right_regrasp,timing_outlier"
205,253,2,0,0,1,0,0,0,0,2,0,0,0,69,0.2727272727272727,151,162,151,0.5968379446640316,11,0.0010065510869026184,0.030779315158724785,0.025337550789117813,True,True,0,1,0,0.08299326174892485,0.0008340965389284213,0.002899365400228625,0.022754135890863836,0.022747933705706734,0.00805676559770994,15.336385818198323,10.94527220504824,0.07392225326054715,464,False,True,False,False,False,False,False,False,False,False,False,False,False,False,False,False,1,True,right_regrasp
206,233,1,0,0,1,0,0,0,0,1,0,0,0,68,0.2918454935622318,141,149,141,0.6051502145922747,8,0.0034177880734205246,0.029210982844233513,0.022947884164750576,True,True,0,30,0,0.0714573860168457,0.0006645776720207373,0.0025561000693260817,0.011865058913826942,0.01549999819777717,0.004444529815881181,12.087160110939294,9.929610501138086,0.05972724612951934,417,False,False,False,False,False,False,False,False,False,False,False,False,False,False,False,False,0,False,
207,233,1,0,0,1,0,0,0,0,1,0,0,0,68,0.2918454935622318,141,149,141,0.6051502145922747,8,0.001905590295791626,0.03282880783081055,0.024460808373987675,True,True,0,30,0,0.07104146480560303,0.0006897759076017418,0.0026554618887557405,0.014963955851271749,0.01572155965262249,0.005164419972117486,12.329209161456674,9.926795173938444,0.12356483005488385,206,False,False,False,False,False,False,False,False,False,False,False,False,False,False,False,False,0,False,
208,233,1,0,0,2,1,0,0,0,1,0,0,0,67,0.2875536480686695,141,152,141,0.6051502145922747,11,0.009773587808012962,0.03170790150761604,0.024120044894516468,True,True,0,1,0,0.06819796562194824,0.0009312661898701689,0.0033582922701562725,0.028700459748506546,0.009874662858494018,0.005164533862145786,14.23678214312531,10.039685680124421,0.19693205718971582,263,False,False,False,False,False,True,True,False,False,False,False,False,False,False,False,False,2,False,"gripper_twitch,hold_slip"
209,245,1,0,0,1,0,0,0,0,1,0,0,0,75,0.30612244897959184,151,161,151,0.6163265306122448,10,0.0037816110998392105,0.028333513997495174,0.02667246013879776,True,True,0,30,0,0.09990939497947693,0.0007615491929388972,0.0027464323220441765,0.031137585639953613,0.012902138242777632,0.0036506429490370954,14.393417145009153,10.233261545945425,0.10870876158710342,305,False,False,False,False,False,False,False,False,False,False,False,False,False,False,False,False,0,False,
210,261,1,0,0,1,0,0,1,0,1,0,0,0,77,0.2950191570881226,167,177,167,0.6398467432950191,10,0.0006501618772745132,0.024107646197080612,0.026455746963620186,True,True,0,30,0,0.08640992641448975,0.0008947645714319233,0.0030785904779704752,0.024976253509521484,0.009470685757789185,0.004791961499618483,15.737234399479348,11.553879489227256,0.25843578784723215,225,False,False,False,False,False,True,False,False,False,False,False,False,False,False,False,False,1,False,gripper_twitch
211,240,1,0,0,1,0,0,0,0,1,0,0,0,70,0.2916666666666667,141,152,141,0.5875,11,0.0006501246243715286,0.02577994577586651,0.023005075752735138,True,True,0,31,0,0.08850932121276855,0.0007777792054223455,0.002752162741959499,0.00972941261716187,0.010825142252499398,0.0057517212184486155,11.204196857164789,11.011430244061557,0.04273464605832185,130,False,False,False,False,False,False,False,False,False,False,False,False,False,False,False,False,0,False,
212,247,1,0,0,1,0,0,0,0,1,0,0,0,65,0.2631578947368421,151,161,151,0.611336032388664,10,0.0008001253008842468,0.03319411724805832,0.022520946338772774,True,True,0,0,0,0.06909441947937012,0.0005899122645053869,0.0023077544621975363,0.021396517753601074,0.011690719092635018,0.006022528427999172,12.565116311656311,10.47737672374933,0.031069650972092473,226,False,False,False,False,False,False,False,False,False,False,False,False,False,False,False,False,0,False,
213,257,1,0,0,1,0,0,0,0,1,0,0,0,86,0.3346303501945525,164,174,164,0.6381322957198443,10,0.0006124749779701233,0.03312349319458008,0.022592442110180855,True,True,0,31,0,0.07621407508850098,0.0007691025523988705,0.0026255468446364665,0.050850749015808105,0.019721508797376604,0.009297906951416225,16.129260670393705,9.524170021246391,0.14400982644668572,363,False,False,False,False,False,False,False,False,False,False,False,False,False,False,False,False,0,False,
214,245,1,0,0,1,0,0,0,0,1,0,0,0,75,0.30612244897959184,151,161,151,0.6163265306122448,10,0.005678072571754456,0.02815163414925337,0.026625395752489567,True,True,0,30,0,0.09960788488388062,0.0007216777186794232,0.0026194676449277357,0.01718723773956299,0.012831452129487855,0.003391116665709101,13.265124480705708,10.222087054149597,0.09627396472238786,424,False,False,False,False,False,False,True,False,False,False,False,False,False,False,False,False,1,False,hold_slip
215,233,1,0,0,1,0,0,0,0,1,0,0,0,68,0.2918454935622318,141,149,141,0.6051502145922747,8,0.0031036026775836945,0.02820047177374363,0.022495605051517487,True,True,0,30,0,0.07247269153594971,0.000664586081252522,0.002569200040293679,0.009294172399677336,0.01540005193467162,0.004082327195120654,11.9965514249634,10.05040730912151,0.10316532325074904,417,False,False,False,False,False,False,False,False,False,False,False,False,False,False,False,False,0,False,
216,242,1,0,0,1,0,0,0,0,1,0,0,0,71,0.29338842975206614,145,158,145,0.5991735537190083,13,0.0024487264454364777,0.02588381990790367,0.026296064257621765,True,True,0,32,0,0.08308184146881104,0.0006749167188649797,0.0026938799129718823,0.027111143339425325,0.02069404737243735,0.010261028910468553,14.108503274153918,9.564430671438458,0.14248584647308837,384,False,False,False,False,False,False,False,False,False,False,False,False,False,False,False,False,0,False,
217,233,1,0,0,1,0,0,0,0,1,0,0,0,68,0.2918454935622318,141,149,141,0.6051502145922747,8,0.0012084264308214188,0.0253797248005867,0.022914068773388863,True,True,0,9,20,0.07215213775634766,0.0006456940518948491,0.0025889771142006846,0.013987595681101084,0.01507477084482288,0.0025985595550921075,13.156810163520277,9.891604961398116,0.035992772040227536,313,False,False,False,False,False,False,False,False,False,False,False,False,False,False,False,False,0,False,
218,246,1,0,0,1,0,0,0,0,1,0,0,0,80,0.3252032520325203,155,167,155,0.6300813008130082,12,0.0021448973566293716,0.027814634144306183,0.02734432741999626,True,True,0,32,0,0.07551795244216919,0.000723131061969722,0.0024876724857739864,0.03521120548248291,0.02200224099447132,0.02067232029615856,13.448378924746066,8.823821226947985,0.03582327208303482,87,False,False,False,False,False,False,False,False,False,False,False,False,False,False,False,False,0,False,
219,233,1,0,0,1,0,0,1,0,1,0,0,0,68,0.2918454935622318,141,149,141,0.6051502145922747,8,0.0021586548537015915,0.02619101107120514,0.0224536070600152,True,True,0,30,0,0.07400226593017578,0.0006586399271349734,0.0026321184118198978,0.016057252883911133,0.015422386168195879,0.004165800796260052,12.92648157547228,9.875329387934471,0.06414607231796952,200,False,False,False,False,False,True,False,False,False,False,False,False,False,False,False,False,1,False,gripper_twitch
220,245,1,0,0,2,1,0,0,0,1,0,0,0,75,0.30612244897959184,151,161,151,0.6163265306122448,10,0.0093091931194067,0.029003320261836052,0.025638739578425884,True,True,0,30,0,0.09678277373313904,0.0007142677181556553,0.002644892263941636,0.017198681831359863,0.01271874494497196,0.002937430115059591,13.121292117983103,10.305884936940856,0.137292109211843,245,False,False,False,False,False,True,True,False,False,False,False,False,False,False,False,False,2,False,"gripper_twitch,hold_slip"
221,217,1,0,0,1,0,0,0,0,1,0,0,0,59,0.271889400921659,124,134,124,0.5714285714285714,10,0.0007425025105476379,0.03431377187371254,0.023272348567843437,True,True,0,32,0,0.09137976169586182,0.0007970020499445137,0.0031396331967319087,0.031907777301967144,0.014727875032472902,0.010461786627666803,14.319847373466473,9.460475035383752,0.07964039264028068,123,False,False,False,False,False,False,False,False,False,False,False,False,False,False,False,False,0,False,
222,274,1,0,0,1,0,0,0,0,1,0,0,0,80,0.291970802919708,182,191,182,0.6642335766423357,9,0.0006398074328899384,0.034105099737644196,0.027456801384687424,True,True,0,0,0,0.0664299726486206,0.0005475942780121864,0.0021545377749981934,0.0234060469083488,0.019647109984495603,0.00517094969539039,13.444803195132408,10.480637650907738,0.3235787082400652,304,False,False,False,False,False,False,False,False,False,False,False,False,False,False,False,False,0,False,
223,256,1,0,0,1,0,0,0,0,1,0,0,0,75,0.29296875,164,176,164,0.640625,12,0.0006713178008794785,0.023896589875221252,0.027178604155778885,True,True,0,0,0,0.0846511721611023,0.000543177902367729,0.002288179813771888,0.02859020233154297,0.020432840987983963,0.004573770507147944,14.596772016957402,9.932824729492495,0.029641138362556014,68,False,False,False,False,False,False,False,False,False,False,False,False,False,False,False,False,0,False,
224,244,1,0,0,1,0,0,1,1,1,0,0,0,64,0.26229508196721313,139,150,139,0.569672131147541,11,0.00171574205160141,0.03478667326271534,0.025781359523534775,True,True,0,0,0,0.10081571340560913,0.0008221898154843276,0.003160650758702408,0.03690385818481445,0.00955792376628285,0.007449966566531681,17.406446948181838,10.318342533922987,0.09253720764964897,92,False,False,False,False,False,True,False,False,False,False,False,False,False,False,False,False,1,False,gripper_twitch
225,261,1,0,0,1,0,0,0,0,1,0,0,0,77,0.2950191570881226,167,177,167,0.6398467432950191,10,0.00035749562084674835,0.02528361976146698,0.025433205999433994,True,True,0,30,0,0.07988262176513672,0.0007840219826008671,0.0027687921753028234,0.01759842108003795,0.00984436503636241,0.005493680848046199,14.26802540733479,11.216196512839815,0.1540830966658385,104,False,False,False,False,False,False,False,False,False,False,False,False,False,False,False,False,0,False,
226,247,1,0,0,1,0,0,0,0,1,0,0,0,65,0.2631578947368421,151,161,151,0.611336032388664,10,0.0012656450271606445,0.03295686095952988,0.022445918060839176,True,True,0,0,0,0.06982344388961792,0.0006013371810532303,0.002325722062070755,0.023604154586791992,0.01166135247662408,0.005965395813436519,12.789260926656425,10.484600645846513,0.031069650972092473,212,False,False,False,False,False,False,False,False,False,False,False,False,False,False,False,False,0,False,
227,240,1,0,0,1,0,0,0,0,1,0,0,0,76,0.31666666666666665,148,158,148,0.6166666666666667,10,0.0027512963861227036,0.033271437510848045,0.027059311047196388,True,True,0,33,0,0.0715796947479248,0.0005117601420694923,0.0020868112634350303,0.007533426163718104,0.014866488136790987,0.007937501954384436,11.130387713346863,9.368132468445765,0.20851882628497254,258,False,False,False,False,False,False,False,False,False,False,False,False,False,False,False,False,0,False,
228,221,1,0,0,1,0,0,0,0,1,0,0,0,70,0.3167420814479638,132,142,132,0.5972850678733032,10,0.003943193703889847,0.03429594077169895,0.023820923641324043,True,True,0,0,0,0.07406526803970337,0.000599584916230228,0.0025736291654450357,0.01894831657409668,0.008626571911627795,0.0020707591986504777,13.048073355879751,9.338382066429403,0.08081545175397327,180,False,False,False,False,False,False,False,False,False,False,False,False,False,False,False,False,0,False,
229,230,1,0,0,1,0,0,0,0,1,0,0,0,67,0.29130434782608694,141,151,141,0.6130434782608696,10,0.0010578688234090805,0.027026700787246227,0.026076294481754303,True,True,0,31,0,0.07208654284477234,0.0006799566860234377,0.0024943699647164163,0.020259499549865723,0.009766647880396126,0.005121366546084109,11.64543338821386,9.679812462534755,0.07437656946988003,48,False,False,False,False,False,False,False,False,False,False,False,False,False,False,False,False,0,False,
230,247,1,0,0,1,0,0,0,0,1,0,0,0,65,0.2631578947368421,151,161,151,0.611336032388664,10,0.001749679446220398,0.03393227979540825,0.022650927305221558,True,True,0,0,0,0.07090628147125244,0.000704851811006682,0.0025290735107991185,0.03330123424530029,0.01239202872603516,0.00729117148157825,14.523544462339487,10.495767872438591,0.117981033497196,150,False,False,False,False,False,False,False,False,False,False,False,False,False,False,False,False,0,False,
231,257,1,0,0,1,0,0,0,0,1,0,0,0,86,0.3346303501945525,164,174,164,0.6381322957198443,10,0.0014435574412345886,0.03336099348962307,0.022568853572010994,True,True,0,31,0,0.07306383550167084,0.000642717727417131,0.002208684792954076,0.015562653541564941,0.019189581044104113,0.008108833768208054,12.56142648588866,9.502611535786855,0.0607654062884413,323,False,False,False,False,False,False,False,False,False,False,False,False,False,False,False,False,0,False,
232,247,1,0,0,1,0,0,0,0,1,0,0,0,72,0.291497975708502,149,158,149,0.6032388663967612,9,0.007159654051065445,0.03136031702160835,0.023613592609763145,True,True,0,0,0,0.07412242889404297,0.000471893213178408,0.002077495245536719,0.010697364807128906,0.01290789307167478,0.010357585562512317,12.240016836789437,9.835333478338725,0.09927203341041486,69,False,False,False,False,False,False,True,False,False,False,False,False,False,False,False,False,1,False,hold_slip
233,251,1,0,0,1,0,0,0,0,1,0,0,0,72,0.2868525896414343,159,169,159,0.6334661354581673,10,0.0015277266502380371,0.03504261001944542,0.026297716423869133,True,True,0,1,0,0.07250845432281494,0.000787892644009734,0.0027684147646985886,0.029836297035217285,0.02367548342103619,0.007282463440145958,15.46833424770739,9.207158789775349,0.10904015263872759,4,False,False,False,False,False,False,False,False,False,False,False,False,False,False,False,False,0,False,
234,244,1,0,0,1,0,0,0,0,1,0,0,0,78,0.319672131147541,153,165,153,0.6270491803278688,12,0.0005485415458679199,0.03384143114089966,0.022370828315615654,True,True,0,32,0,0.09129452705383301,0.0005985634387148021,0.002272590989751675,0.0066513484343886375,0.019789277512393202,0.006095861703768503,12.349810591345886,9.732243400927473,0.08824635756738723,36,False,False,False,False,False,False,False,False,False,False,False,False,False,False,False,False,0,False,
235,253,1,0,0,1,0,0,0,0,1,0,0,0,69,0.2727272727272727,151,162,151,0.5968379446640316,11,0.0016366168856620789,0.03507392853498459,0.023731953464448452,True,True,0,2,0,0.08121791481971741,0.0008127561502101058,0.0026931544817035006,0.024837255477905273,0.022462221340227812,0.0072107122778959695,14.670142632410716,10.85456789645832,0.1292772828373335,458,False,False,False,False,False,False,False,False,False,False,False,False,False,False,False,False,0,False,
236,247,1,0,0,1,0,0,0,0,1,0,0,0,72,0.291497975708502,149,158,149,0.6032388663967612,9,0.002771332859992981,0.029997562989592552,0.02654349524527788,True,True,0,0,0,0.09336027503013611,0.0008569674972727928,0.002667249076878029,0.04322099685668945,0.016335634131775963,0.014405513445282594,15.768296051770449,9.98796667780698,0.059817858964630724,322,False,False,False,False,False,False,False,False,False,False,False,False,False,False,False,False,0,False,
237,261,1,0,0,1,0,0,0,0,1,0,0,0,77,0.2950191570881226,167,177,167,0.6398467432950191,10,0.0007562153041362762,0.025608429685235023,0.02660782914608717,True,True,0,29,0,0.08122122287750244,0.0007716762835925162,0.0026584074260694213,0.013480268884450197,0.009376380626348622,0.004602670962140137,13.55172145938559,11.260862851275306,0.09065689711035756,244,False,False,False,False,False,False,False,False,False,False,False,False,False,False,False,False,0,False,
238,239,2,1,0,1,0,0,0,0,1,1,0,0,66,0.27615062761506276,138,148,138,0.5774058577405857,10,0.0007263533771038055,0.026179257780313492,0.023617731407284737,True,True,0,0,0,0.07712256908416748,0.0007803287688426982,0.0030593640879802105,0.04366159439086914,0.015876844337880294,0.014456816518264236,16.82371939928271,9.469080934086378,0.24199830918946305,84,True,False,False,False,False,True,False,False,False,False,False,False,False,False,False,False,2,False,"right_pre_grasp_close,gripper_twitch"
239,215,1,0,0,1,0,0,0,0,1,0,0,0,72,0.33488372093023255,132,142,132,0.6139534883720931,10,0.0031028855592012405,0.033154748380184174,0.02592693455517292,True,True,0,31,0,0.09267312288284302,0.0008986895197383437,0.0028419129366894272,0.012957572937011719,0.010399426908123746,0.0026282701113658946,11.6781576883659,8.717723163603296,0.06793514461708111,411,False,False,False,False,False,False,False,False,False,False,False,False,False,False,False,False,0,False,
240,256,2,0,0,1,0,0,0,0,2,0,0,0,46,0.1796875,164,176,164,0.640625,12,0.0023091528564691544,0.024371681734919548,0.023388206958770752,True,True,0,0,0,0.08622497320175171,0.000580194843259952,0.0024344772646810136,0.04183220863342285,0.020760802162072933,0.005867587613856402,15.200065357043059,9.996175480192505,0.0826304250765848,394,False,True,False,False,False,False,False,False,False,True,False,False,False,False,False,False,2,True,"right_regrasp,timing_outlier"
241,253,1,0,0,1,0,0,0,0,1,0,0,0,69,0.2727272727272727,151,162,151,0.5968379446640316,11,0.00013926997780799866,0.03406831994652748,0.02392671350389719,True,True,0,2,0,0.07973127067089081,0.0008046155391648968,0.002691422498736993,0.018537876196205616,0.022525532886174027,0.007405580046378642,13.809645969420671,10.81169913627673,0.16558254923037485,432,False,False,False,False,False,False,False,False,False,False,False,False,False,False,False,False,0,False,
242,240,1,0,0,1,0,0,0,0,1,0,0,0,70,0.2916666666666667,141,152,141,0.5875,11,0.005643144249916077,0.028045359067618847,0.02484128065407276,True,True,0,31,0,0.089243084192276,0.0007819570791259624,0.0027497750171590627,0.006292283069342375,0.011038390218318041,0.006143698493896362,11.026291597776435,11.049235546590353,0.04315118533757957,314,False,False,False,False,False,False,True,False,False,False,False,False,False,False,False,False,1,False,hold_slip
243,261,1,0,0,1,0,0,0,0,1,0,0,0,77,0.2950191570881226,167,177,167,0.6398467432950191,10,0.0007630381733179092,0.0245670722797513,0.026033283211290836,True,True,0,29,0,0.08347445726394653,0.000750597998404549,0.0025576027591818935,0.005782226915471256,0.008821495923591053,0.0033296931788823723,12.639223632897483,11.398688539622526,0.04693739354620419,358,False,False,False,False,False,False,False,False,False,False,False,False,False,False,False,False,0,False,
244,261,1,0,0,1,0,0,0,0,1,0,0,0,77,0.2950191570881226,167,177,167,0.6398467432950191,10,0.0010402612388134003,0.025184950791299343,0.0252175685018301,True,True,0,29,0,0.07917988300323486,0.0007655935571183465,0.0026339113554128676,0.012251019477844238,0.009229259809537142,0.004295141781475028,13.69535686133895,11.178271695076546,0.09065689711035756,237,False,False,False,False,False,False,False,False,False,False,False,False,False,False,False,False,0,False,
245,245,1,0,0,1,0,0,0,0,1,0,0,0,75,0.30612244897959184,151,161,151,0.6163265306122448,10,0.010859701782464981,0.02941499464213848,0.0244587454944849,True,True,0,30,0,0.09923359751701355,0.0007168382688809944,0.0026227630160568223,0.015132501837797463,0.012794503593275393,0.0032498222880560867,12.600402615382336,10.300914002757054,0.06626848868828525,286,False,False,False,False,False,False,True,False,False,False,False,False,False,False,False,False,1,False,hold_slip
246,221,1,0,0,1,0,0,0,0,1,0,0,0,70,0.3167420814479638,132,142,132,0.5972850678733032,10,0.0016581881791353226,0.03041662462055683,0.025202197954058647,True,True,0,0,0,0.07423222064971924,0.0005844282998005449,0.0024705070631394054,0.009766459465026855,0.008578400051008588,0.0018601023328309269,12.000884893117473,9.253237704879211,0.08037348494175894,15,False,False,False,False,False,False,False,False,False,False,False,False,False,False,False,False,0,False,
247,245,1,0,0,1,0,0,0,0,1,0,0,0,75,0.30612244897959184,151,161,151,0.6163265306122448,10,0.004652727395296097,0.031159887090325356,0.026538196951150894,True,True,0,30,0,0.0996529757976532,0.0007614657803882426,0.0028122656782749484,0.04294240474700928,0.023102711349838486,0.01950892330019615,14.652235694229603,10.201979188270343,0.14189334283437277,156,False,False,False,False,False,False,False,False,False,False,False,False,False,False,False,False,0,False,
248,241,1,0,0,1,0,0,0,0,1,0,0,0,80,0.33195020746887965,155,165,155,0.6431535269709544,10,0.0050940848886966705,0.03153253346681595,0.025202997028827667,True,True,0,29,0,0.07056273147463799,0.0008197722106559912,0.0026417128904502834,0.010906875133514404,0.012086459101287871,0.010086273109513802,12.952830258291215,8.727779349173943,0.04764627949593234,47,False,False,False,False,False,False,True,False,False,False,False,False,False,False,False,False,1,False,hold_slip
249,244,1,0,0,1,0,0,1,0,1,0,0,0,64,0.26229508196721313,139,150,139,0.569672131147541,11,0.0021950341761112213,0.03462687507271767,0.027440253645181656,True,True,0,0,0,0.10428208112716675,0.0009537591006909054,0.0032599452013573472,0.03993213176727295,0.009251183345706676,0.006535537479998728,17.425619318848476,10.317495694918762,0.024404173326871018,251,False,False,False,False,False,True,False,False,False,False,False,False,False,False,False,False,1,False,gripper_twitch
250,242,1,0,0,1,0,0,0,0,1,0,0,0,71,0.29338842975206614,145,158,145,0.5991735537190083,13,0.0048123691231012344,0.031578633934259415,0.026122447103261948,True,True,0,32,0,0.08647528290748596,0.0006457158057013822,0.0024370414148176616,0.016501903533935547,0.021872094735033442,0.012467153982494527,12.699269026663387,9.659742007526802,0.039455735895323196,317,False,False,False,False,False,False,False,False,False,False,False,False,False,False,False,False,0,False,
251,244,1,0,0,1,0,0,1,0,1,0,0,0,64,0.26229508196721313,139,150,139,0.569672131147541,11,0.001991596072912216,0.034722404554486275,0.02605501376092434,True,True,0,0,0,0.10431215167045593,0.0009547089189341157,0.0032865304954465082,0.039980411529541016,0.009178926369474523,0.006432827439207875,17.427124767797068,10.331115356650116,0.024404173326871018,249,False,False,False,False,False,True,False,False,False,False,False,False,False,False,False,False,1,False,gripper_twitch
252,231,1,0,0,1,0,0,0,0,1,0,0,0,68,0.2943722943722944,141,152,141,0.6103896103896104,11,0.0013370141386985779,0.03537782467901707,0.027109462767839432,True,True,0,33,0,0.08010458946228027,0.000599580465004379,0.0022537473493656713,0.009484171867370605,0.011116305068240646,0.007166429328177156,11.402438290053396,8.454498143015371,0.07085091731898803,450,False,False,False,False,False,False,False,False,False,False,False,False,False,False,False,False,0,False,
253,251,1,0,0,1,0,0,0,0,1,0,0,0,74,0.2948207171314741,154,164,154,0.6135458167330677,10,0.0018864534795284271,0.03515358082950115,0.02574809268116951,True,True,0,0,0,0.06663566827774048,0.0005431856847873833,0.002386775535869414,0.010475176386535168,0.005006246427321047,0.0032216672746946647,13.432909350376576,12.028360674825308,0.07196924566569218,280,False,False,False,False,False,False,False,False,False,False,False,False,False,False,False,False,0,False,
254,266,1,0,0,1,0,0,0,0,1,0,0,0,72,0.2706766917293233,160,170,160,0.6015037593984962,10,0.0009127408266067505,0.03526303172111511,0.024870106019079685,True,True,0,31,0,0.08090752363204956,0.0006909697945346435,0.002740172012329398,0.0318322298116982,0.016928677418656897,0.005634260984563977,15.357988508942071,10.004007362123957,0.2189110234679062,18,False,False,False,False,False,False,False,False,False,False,False,False,False,False,False,False,0,False,
255,240,1,0,0,1,0,0,0,0,1,0,0,0,76,0.31666666666666665,149,159,149,0.6208333333333333,10,0.0007794201374053955,0.033077873289585114,0.027257753536105156,True,True,0,32,0,0.08445620536804199,0.0006020663476995022,0.0022976289399252686,0.016501545906066895,0.014021871843671619,0.010069303544836612,11.554136938706506,9.646596982671326,0.06589158330188175,183,False,False,False,False,False,False,False,False,False,False,False,False,False,False,False,False,0,False,
256,247,1,0,0,1,0,0,1,0,1,0,0,0,65,0.2631578947368421,151,161,151,0.611336032388664,10,0.003863072022795677,0.03084739949554205,0.023641719482839108,True,True,0,0,0,0.06286519765853882,0.0007527505051891488,0.0028876316791983407,0.030680060386657715,0.012176606312413067,0.006918709916913495,15.048924193863058,10.831117128873302,0.36669585511362773,494,False,False,False,False,False,True,False,False,False,False,False,False,False,False,False,False,1,False,gripper_twitch
257,240,1,0,0,1,0,0,0,1,1,0,0,0,76,0.31666666666666665,149,159,149,0.6208333333333333,10,0.0076518673449754715,0.033499009907245636,0.025096189230680466,True,True,0,32,0,0.08802208304405212,0.0007412981464709131,0.0028605791966776306,0.03495311737060547,0.014345082905347523,0.010514646955922956,13.291009138687514,10.299768282064178,0.13003669063993398,459,False,False,False,False,False,True,True,False,False,False,False,False,False,False,False,False,2,False,"gripper_twitch,hold_slip"
258,240,1,0,0,2,1,0,0,0,1,0,0,0,76,0.31666666666666665,148,158,148,0.6166666666666667,10,0.0023655183613300323,0.03563477843999863,0.02372266910970211,True,True,0,33,0,0.0663144439458847,0.0006054711761798411,0.0022727756065794103,0.0075279586017131805,0.014828897844921017,0.007866910006850632,11.119597303972114,9.386620250761553,0.20851882628497254,227,False,False,False,False,False,True,False,False,False,False,False,False,False,False,False,False,1,False,gripper_twitch
259,256,1,0,0,1,0,0,0,0,1,0,0,0,75,0.29296875,164,176,164,0.640625,12,0.0006934478878974915,0.03435659408569336,0.026816084049642086,True,True,0,0,0,0.08652898669242859,0.0008256184639907663,0.002426499461554717,0.014998316764831543,0.02008679917634117,0.0026262481117002422,14.538844081340358,9.880453157355987,0.06718324234539565,371,False,False,False,False,False,False,False,False,False,False,False,False,False,False,False,False,0,False,
260,256,1,0,0,1,0,0,0,0,1,0,0,0,75,0.29296875,164,176,164,0.640625,12,0.0017620809376239777,0.03090163692831993,0.025980512611567974,True,True,0,0,0,0.08630269765853882,0.0005557316589345152,0.002045708423573887,0.008888721466064453,0.020010587888152624,0.001959924902395312,13.417125950858463,9.804157146602847,0.049596989883224925,41,False,False,False,False,False,False,False,False,False,False,False,False,False,False,False,False,0,False,
261,230,1,0,0,1,0,0,0,0,1,0,0,0,67,0.29130434782608694,141,151,141,0.6130434782608696,10,0.0005494523793458939,0.027796193957328796,0.026399068534374237,True,True,0,31,0,0.07361161708831787,0.0006615293864109744,0.002419850931981475,0.013730764389038086,0.010520356178157164,0.006443560167911979,11.173593550920486,9.685080200928496,0.0913544704180712,203,False,False,False,False,False,False,False,False,False,False,False,False,False,False,False,False,0,False,
262,256,1,0,0,1,0,0,0,0,1,0,0,0,75,0.29296875,164,176,164,0.640625,12,0.0016859937459230423,0.030946075916290283,0.027069528587162495,True,True,0,0,0,0.08627402782440186,0.000774547707433339,0.0021681426799949883,0.007964185439050198,0.01999176009759717,0.0017573132314494294,13.10730823490303,9.937032608199843,0.06956478905750331,260,False,False,False,False,False,False,False,False,False,False,False,False,False,False,False,False,0,False,
263,233,1,0,0,1,0,0,0,1,1,0,0,0,67,0.2875536480686695,141,152,141,0.6051502145922747,11,0.002486966550350189,0.026958316564559937,0.023456154391169548,True,True,0,1,0,0.0685194730758667,0.0008762433323591392,0.003178535203993494,0.02995715430006385,0.010099935863307622,0.0055838220184214185,14.256339563056827,9.551367952291912,0.17658775979619293,132,False,False,False,False,False,True,False,False,False,False,False,False,False,False,False,False,1,False,gripper_twitch
264,217,1,0,0,1,0,0,0,0,1,0,0,0,59,0.271889400921659,124,134,124,0.5714285714285714,10,0.0006258077919483185,0.03438650444149971,0.023163197562098503,True,True,0,32,0,0.09036946296691895,0.0008116118175863248,0.0031213365335746803,0.030075686052441597,0.014434667779125086,0.010044815098567078,13.820545324182604,9.422320721111646,0.2656322846675951,420,False,False,False,False,False,False,False,False,False,False,False,False,False,False,False,False,0,False,
265,257,1,0,0,1,0,0,0,0,1,0,0,0,86,0.3346303501945525,164,174,164,0.6381322957198443,10,0.0015290118753910065,0.03355695866048336,0.022481247782707214,True,True,0,31,0,0.072776198387146,0.000646507828501458,0.0022784696472338034,0.01689469814300537,0.019508044712032293,0.008836117525182792,13.278135541826487,9.52770296269955,0.027117175842224128,344,False,False,False,False,False,False,False,False,False,False,False,False,False,False,False,False,0,False,
266,247,1,0,0,1,0,0,0,0,1,0,0,0,65,0.2631578947368421,151,161,151,0.611336032388664,10,0.0029140599071979523,0.032871220260858536,0.022534876130521297,True,True,0,0,0,0.0611535906791687,0.0005748468128888789,0.002255063050834714,0.0196303129196167,0.01166354446463664,0.005969606791214409,12.274434975275653,10.61499058836489,0.11169056988749855,22,False,False,False,False,False,False,False,False,False,False,False,False,False,False,False,False,0,False,
267,247,1,0,0,1,0,0,1,0,1,0,0,0,72,0.291497975708502,149,158,149,0.6032388663967612,9,0.002595510333776474,0.031087646260857582,0.02633731346577406,True,True,0,0,0,0.07454085350036621,0.0006416545943898011,0.002444808073647598,0.0453568696975708,0.03276556963309225,0.031847267206402345,14.635566949960776,9.967240907884843,0.15001179318311078,322,False,False,False,False,False,True,False,False,False,False,False,False,False,False,False,False,1,False,gripper_twitch
268,242,1,0,0,1,0,0,0,0,1,0,0,0,71,0.29338842975206614,145,158,145,0.5991735537190083,13,0.0024213772267103195,0.026401394978165627,0.025861773639917374,True,True,0,32,0,0.08513215184211731,0.000619953738644222,0.0023416506381947894,0.006828605430200696,0.02174401439328122,0.012241060503901297,11.968004426977132,9.581426094082417,0.06791647992862934,434,False,False,False,False,False,False,False,False,False,False,False,False,False,False,False,False,0,False,
269,217,1,0,0,1,0,0,0,0,1,0,0,0,59,0.271889400921659,124,134,124,0.5714285714285714,10,0.0006302185356616974,0.03459986671805382,0.02328919619321823,True,True,0,32,0,0.09012007713317871,0.0007559538823407681,0.0028727000720269167,0.021899054758250713,0.01384517192539216,0.009177138158803352,12.640885379165411,9.475871532637939,0.20757790269481452,306,False,False,False,False,False,False,False,False,False,False,False,False,False,False,False,False,0,False,
270,215,1,0,0,2,1,0,0,0,1,0,0,0,72,0.33488372093023255,132,142,132,0.6139534883720931,10,0.0020911023020744324,0.03536522015929222,0.02635437622666359,True,True,0,31,0,0.09146082401275635,0.0009381452451065359,0.003195627770162097,0.03077876567840576,0.011083746599239134,0.004648764426958032,14.03246235800907,8.855398575885374,0.1559378700275226,0,False,False,False,False,False,True,False,False,False,False,False,False,False,False,False,False,1,False,gripper_twitch
271,247,1,0,0,1,0,0,0,0,1,0,0,0,72,0.291497975708502,149,158,149,0.6032388663967612,9,0.0010043494403362274,0.025941995903849602,0.026588640175759792,True,True,0,0,0,0.07327437400817871,0.00044412372305808323,0.0019762584908026353,0.011349495500326157,0.01548955861025057,0.01343844493856725,12.107481469400227,9.89431182901717,0.03492673992434878,23,False,False,False,False,False,False,False,False,False,False,False,False,False,False,False,False,0,False,
272,240,1,0,0,1,0,0,0,0,1,0,0,0,70,0.2916666666666667,141,152,141,0.5875,11,0.0011259708553552628,0.02475560735911131,0.02287040464580059,True,True,0,31,0,0.0867106020450592,0.0007913842412156606,0.0028478928142170504,0.01068964833393693,0.01050710688932698,0.005128146582503937,11.7678518013563,10.902578084946072,0.05665036016977529,130,False,False,False,False,False,False,False,False,False,False,False,False,False,False,False,False,0,False,
273,215,1,0,0,1,0,0,0,0,1,0,0,0,72,0.33488372093023255,132,142,132,0.6139534883720931,10,0.003085905686020851,0.0329648032784462,0.023239942267537117,True,True,0,31,0,0.09533801674842834,0.0009051890606964056,0.002925226947566157,0.01844334416091442,0.01083822677585361,0.004028260593075032,12.395906895340886,8.777415536374974,0.16789186861134436,383,False,False,False,False,False,False,False,False,False,False,False,False,False,False,False,False,0,False,
274,257,1,0,0,1,0,0,0,0,1,0,0,0,86,0.3346303501945525,164,174,164,0.6381322957198443,10,0.0015269741415977478,0.03365144692361355,0.022549264132976532,True,True,0,31,0,0.07343301177024841,0.0006360111761857615,0.002148743246675165,0.004878401756286621,0.018729569857723085,0.006950536057565671,11.760442471597344,9.532066247145849,0.02731979287625163,44,False,False,False,False,False,False,False,False,False,False,False,False,False,False,False,False,0,False,
275,240,1,0,0,1,0,0,0,0,1,0,0,0,70,0.2916666666666667,141,152,141,0.5875,11,0.00466042198240757,0.030357162468135357,0.025183843448758125,True,True,0,31,0,0.08941391110420227,0.0008300572456701348,0.0031325159869659454,0.025513013169984333,0.01018289339417213,0.004426049035537082,13.087843434419483,11.031048750372065,0.22258098819898534,125,False,False,False,False,False,False,False,False,False,False,False,False,False,False,False,False,0,False,
276,247,1,0,0,1,0,0,0,0,1,0,0,0,72,0.291497975708502,149,158,149,0.6032388663967612,9,0.0010936558246612549,0.02664431557059288,0.02666002605110407,True,True,0,0,0,0.07306075096130371,0.0004257574579301452,0.0019008906827172808,0.009576675482094288,0.015237744278116867,0.01314742278244132,11.825063225696795,9.803070105779625,0.025192265995190373,23,False,False,False,False,False,False,False,False,False,False,False,False,False,False,False,False,0,False,
277,251,1,0,0,1,0,0,0,0,1,0,0,0,72,0.2868525896414343,159,169,159,0.6334661354581673,10,0.0019203238189220428,0.03534343093633652,0.024975107051432133,True,True,0,1,0,0.07240235805511475,0.0007305227181786353,0.002333797191216945,0.004696369171142578,0.022634926811468958,0.00220128832683481,11.757918853370938,9.217142777570189,0.04078872390629194,171,False,False,False,False,False,False,False,False,False,False,False,False,False,False,False,False,0,False,
278,247,1,0,0,1,0,0,0,0,1,0,0,0,65,0.2631578947368421,151,161,151,0.611336032388664,10,0.0022506937384605408,0.03345004841685295,0.02246480342000723,True,True,0,0,0,0.0858263373374939,0.0008222906410704344,0.0025592342013315106,0.031975626945495605,0.011606491907616114,0.005857427765534775,14.360288862117159,10.60710479827685,0.08754745717112203,83,False,False,False,False,False,False,False,False,False,False,False,False,False,False,False,False,0,False,
279,242,2,1,0,1,0,0,0,0,1,1,0,0,71,0.29338842975206614,145,158,145,0.5991735537190083,13,0.005908362567424774,0.0234492477029562,0.02618616819381714,True,True,0,32,0,0.09177342057228088,0.0007850512016087949,0.00292320699074658,0.031012535095214844,0.022579054970761854,0.013669496102550268,14.998126778868027,9.79514859218034,0.4104135978682551,238,True,False,False,False,False,True,True,False,False,False,False,False,False,False,False,False,3,False,"right_pre_grasp_close,gripper_twitch,hold_slip"
280,251,1,0,0,1,0,0,0,0,1,0,0,0,74,0.2948207171314741,154,164,154,0.6135458167330677,10,0.0019893161952495575,0.034767208620905876,0.025751451030373573,True,True,0,0,0,0.06508882343769073,0.0005403752055681168,0.002359105851570478,0.005142721871379763,0.005307035532588987,0.0036716839300157448,12.805263442278374,12.052716384929226,0.049976181480325975,131,False,False,False,False,False,False,False,False,False,False,False,False,False,False,False,False,0,False,
281,215,1,0,0,1,0,0,0,0,1,0,0,0,72,0.33488372093023255,132,142,132,0.6139534883720931,10,0.002319004386663437,0.03344854153692722,0.025823920965194702,True,True,0,31,0,0.0930020809173584,0.0009555193718194015,0.0031710406039087776,0.03575539588928223,0.01107550199123995,0.004629072950296362,14.240430616308004,8.764657374006674,0.05197808900765022,467,False,False,False,False,False,False,False,False,False,False,False,False,False,False,False,False,0,False,
282,251,1,0,0,1,0,0,0,0,1,0,0,0,72,0.2868525896414343,159,169,159,0.6334661354581673,10,0.0013235397636890411,0.034829031676054,0.026223551481962204,True,True,0,1,0,0.07331308722496033,0.0007422154386237036,0.0024268321168505543,0.015101444441825151,0.022928612585422135,0.0042693130161281555,12.682997114490718,9.246952371258885,0.13912999045647673,291,False,False,False,False,False,False,False,False,False,False,False,False,False,False,False,False,0,False,
283,259,1,0,0,1,0,0,0,0,1,0,0,0,78,0.30115830115830117,162,174,162,0.6254826254826255,12,0.0014249682426452637,0.035407669842243195,0.027384627610445023,True,True,0,0,0,0.07261025905609131,0.0008069209893524859,0.0026563670563216164,0.009982574731111526,0.012612190817275208,0.008287302161205682,14.125370091445802,9.880892147009945,0.13927724959813836,61,False,False,False,False,False,False,False,False,False,False,False,False,False,False,False,False,0,False,
284,259,1,0,0,1,0,0,0,0,1,0,0,0,78,0.30115830115830117,162,174,162,0.6254826254826255,12,0.0015477612614631653,0.0351750273257494,0.027137205004692078,True,True,0,0,0,0.0726088285446167,0.0008477205647197919,0.0028877996016916005,0.026237084064632654,0.012054626630676918,0.0074112106369194795,15.822740574571071,9.962249871130552,0.17134774248893367,283,False,False,False,False,False,False,False,False,False,False,False,False,False,False,False,False,0,False,
285,257,1,0,0,1,0,0,0,0,1,0,0,0,86,0.3346303501945525,164,174,164,0.6381322957198443,10,0.0014428608119487762,0.03340989723801613,0.02244863286614418,True,True,0,31,0,0.07283072173595428,0.0006661302663112048,0.0023350325886204765,0.03494250774383545,0.019238628828414574,0.008224232707657026,13.767484466428868,9.502278445939737,0.04414559931983536,342,False,False,False,False,False,False,False,False,False,False,False,False,False,False,False,False,0,False,
286,245,1,0,0,1,0,0,0,0,1,0,0,0,75,0.30612244897959184,151,161,151,0.6163265306122448,10,0.00750107504427433,0.029550877399742603,0.02666463516652584,True,True,0,30,0,0.10004118084907532,0.0007002258265327178,0.002498746863755038,0.01338712393771857,0.012733110378799716,0.0029976004416547397,11.887925805873238,10.259776438571862,0.06427190998306567,315,False,False,False,False,False,False,True,False,False,False,False,False,False,False,False,False,1,False,hold_slip
287,233,1,0,0,1,0,0,0,0,1,0,0,0,67,0.2875536480686695,141,152,141,0.6051502145922747,11,0.0018859058618545532,0.033023856580257416,0.026469295844435692,True,True,0,1,0,0.07916316390037537,0.0008334569842279138,0.0030202894289285825,0.03382995305582881,0.010233439367032856,0.0058218249002540585,14.218657282646745,9.562779686391877,0.10381999058873624,19,False,False,False,False,False,False,False,False,False,False,False,False,False,False,False,False,0,False,
288,231,1,0,0,1,0,0,0,0,1,0,0,0,68,0.2943722943722944,141,152,141,0.6103896103896104,11,0.0005040355026721954,0.03432057239115238,0.027221184223890305,True,True,0,33,0,0.08045411109924316,0.0005787155651381159,0.002191849152437177,0.003594024106860161,0.01111447772299668,0.007163594488841092,11.080911759506762,8.463676036415563,0.12267664871459143,252,False,False,False,False,False,False,False,False,False,False,False,False,False,False,False,False,0,False,
289,240,1,0,0,1,0,0,1,0,1,0,0,0,70,0.2916666666666667,141,152,141,0.5875,11,0.0010292306542396545,0.0248490571975708,0.02283412031829357,True,True,0,31,0,0.08596023917198181,0.0007794125622993756,0.0028385057417506755,0.02510523796081543,0.011594280865441954,0.007094077880504116,12.269898201106116,10.875390071987567,0.129649610027253,172,False,False,False,False,False,True,False,False,False,False,False,False,False,False,False,False,1,False,gripper_twitch
290,259,1,0,0,1,0,0,0,0,1,0,0,0,78,0.30115830115830117,162,174,162,0.6254826254826255,12,0.00223473459482193,0.03519674390554428,0.026776447892189026,True,True,0,0,0,0.08848345279693604,0.0009617885441754666,0.0030833562876795098,0.0230025053024292,0.01276836433384592,0.008523094957912404,16.9642533181177,9.936701610857199,0.21287821493771558,284,False,False,False,False,False,False,False,False,False,False,False,False,False,False,False,False,0,False,
291,251,1,0,0,1,0,0,0,1,1,0,0,0,72,0.2868525896414343,159,169,159,0.6334661354581673,10,0.00181574746966362,0.035131603479385376,0.026163932867348194,True,True,0,1,0,0.07240521907806396,0.0007360565565595706,0.0024089672272337857,0.012779593467712402,0.022712332578039146,0.002888052341214018,12.56935320768389,9.267827647490776,0.09434010860474502,171,False,False,False,False,False,True,False,False,False,False,False,False,False,False,False,False,1,False,gripper_twitch
292,240,1,0,0,1,0,0,0,0,1,0,0,0,70,0.2916666666666667,141,152,141,0.5875,11,0.004852034151554108,0.028399670496582985,0.02520635724067688,True,True,0,31,0,0.08988791704177856,0.0007978061038724722,0.0028913097097370984,0.014420688268728554,0.010097087549757602,0.004224898717765229,12.040399287128821,11.087058281276768,0.06525137525448438,398,False,False,False,False,False,False,False,False,False,False,False,False,False,False,False,False,0,False,
293,215,1,0,0,1,0,0,0,0,1,0,0,0,72,0.33488372093023255,132,142,132,0.6139534883720931,10,0.0032895300537347794,0.03302742540836334,0.026291895657777786,True,True,0,31,0,0.09239476919174194,0.0009121354747064291,0.003040489529426871,0.019331575371325016,0.010984059108162211,0.004405596242563804,13.277093278244138,8.730400888076474,0.23561037304360335,1,False,False,False,False,False,False,False,False,False,False,False,False,False,False,False,False,0,False,
294,256,1,0,0,1,0,0,0,0,1,0,0,0,75,0.29296875,164,176,164,0.640625,12,0.000812256708741188,0.03118150681257248,0.025920571759343147,True,True,0,0,0,0.08549952507019043,0.0006890767299428473,0.002292834203355666,0.02204741770401597,0.020111147977028974,0.0028064124692399393,14.26844296354102,9.86014317011086,0.15289874108059837,304,False,False,False,False,False,False,False,False,False,False,False,False,False,False,False,False,0,False,
295,242,1,0,0,1,0,0,0,0,1,0,0,0,71,0.29338842975206614,145,158,145,0.5991735537190083,13,0.004897350445389748,0.03222843259572983,0.026150774210691452,True,True,0,32,0,0.09131675958633423,0.0007449668072695616,0.0025339967315687805,0.005021810531616211,0.022107100288350716,0.012875131098671836,11.774682760471478,9.833154242063756,0.06553945068080264,168,False,False,False,False,False,False,False,False,False,False,False,False,False,False,False,False,0,False,
296,246,1,0,0,1,0,0,0,0,1,0,0,0,80,0.3252032520325203,155,167,155,0.6300813008130082,12,0.00603296235203743,0.026744786649942398,0.027226783335208893,True,True,0,32,0,0.07233613729476929,0.0005616776947133439,0.0020796979053963175,0.019317488186061382,0.02145590316476324,0.020089808730086606,10.206309495435562,8.772440865863246,0.12475699072114221,51,False,False,False,False,False,False,True,False,False,False,False,False,False,False,False,False,1,False,hold_slip
297,266,1,0,0,1,0,0,0,1,1,0,0,0,72,0.2706766917293233,160,170,160,0.6015037593984962,10,0.0016083978116512299,0.035558952018618584,0.02430407889187336,True,True,0,31,0,0.08415716886520386,0.0006881164717154198,0.0025483810685896953,0.018497467041015625,0.016213479756007718,0.002836111526913777,14.676146807556506,9.873058920227777,0.034876135642710845,142,False,False,False,False,False,True,False,False,False,False,False,False,False,False,False,False,1,False,gripper_twitch
298,217,2,1,0,3,2,0,0,0,1,1,0,0,59,0.271889400921659,124,134,124,0.5714285714285714,10,0.0012493692338466644,0.02914794534444809,0.02408372424542904,True,True,0,32,0,0.09020817279815674,0.0008480155133861538,0.0035996874903238673,0.035418372601270676,0.06009260853538389,0.011152505519953788,16.023412546725012,10.099718079087324,0.6200692588485573,464,True,False,False,False,False,True,False,False,False,False,True,False,False,False,False,False,3,False,"right_pre_grasp_close,gripper_twitch,start_outlier"
299,247,2,0,0,1,0,0,0,0,2,0,0,0,42,0.1700404858299595,151,161,151,0.611336032388664,10,0.0028263553977012634,0.025751732289791107,0.022480077110230923,True,True,0,0,0,0.0685616135597229,0.0006430555974719376,0.002593102788771898,0.0384221076965332,0.01308000475977944,0.008407456817775051,14.315101498374133,10.527547077428608,0.1290295806010109,204,False,True,False,False,False,False,False,False,False,True,False,False,False,False,False,False,2,True,"right_regrasp,timing_outlier"
300,221,1,0,0,1,0,0,0,0,1,0,0,0,70,0.3167420814479638,132,142,132,0.5972850678733032,10,0.0031514987349510193,0.03381294198334217,0.02398356981575489,True,True,0,0,0,0.07404452562332153,0.00063070382604195,0.0026603149451886283,0.026347875595092773,0.008780114145793714,0.0026383148268311033,13.918668095313478,9.297923108299074,0.10494523199360088,228,False,False,False,False,False,False,False,False,False,False,False,False,False,False,False,False,0,False,
301,230,1,0,0,1,0,0,0,1,1,0,0,0,67,0.29130434782608694,141,151,141,0.6130434782608696,10,0.002621937543153763,0.03434896096587181,0.025772608816623688,True,True,0,31,0,0.07169286906719208,0.0007078629804938595,0.0027021380540317116,0.021915767341852188,0.011892222743225536,0.008500937963201121,12.63506837701425,9.846153051708825,0.09888612453592392,128,False,False,False,False,False,True,False,False,False,False,False,False,False,False,False,False,1,False,gripper_twitch
302,230,1,0,0,1,0,0,0,0,1,0,0,0,67,0.29130434782608694,141,151,141,0.6130434782608696,10,0.002833958715200424,0.02799829561263323,0.026825787499547005,True,True,0,31,0,0.07289473712444305,0.0006604723335155609,0.0023995546072941294,0.00625002384185791,0.00965997340410163,0.004914882567025804,10.602395836249343,9.675011289538816,0.06021903178775918,452,False,False,False,False,False,False,False,False,False,False,False,False,False,False,False,False,0,False,
303,221,1,0,0,1,0,0,0,0,1,0,0,0,70,0.3167420814479638,132,142,132,0.5972850678733032,10,0.0038605108857154846,0.03435425087809563,0.023941362276673317,True,True,0,0,0,0.07394087314605713,0.0005973464686188894,0.002559464643001491,0.01922721229493618,0.008654915481372925,0.00218583226758566,12.795478047104552,9.330086414438483,0.034260862515191955,180,False,False,False,False,False,False,False,False,False,False,False,False,False,False,False,False,0,False,
304,256,1,0,0,1,0,0,0,0,1,0,0,0,75,0.29296875,164,176,164,0.640625,12,0.00257967971265316,0.03045964054763317,0.026052522473037243,True,True,0,0,0,0.0862199068069458,0.00048223248428240067,0.00191125970010566,0.008609050652012229,0.019946152641739635,0.0011172880977873133,12.574211008060956,9.723522879554366,0.03694421902798956,454,False,False,False,False,False,False,False,False,False,False,False,False,False,False,False,False,0,False,
305,245,1,0,0,1,0,0,0,0,1,0,0,0,75,0.30612244897959184,151,161,151,0.6163265306122448,10,0.005989113822579384,0.029257651418447495,0.027007684111595154,True,True,0,30,0,0.10092255473136902,0.0007272271854733763,0.002616307823525957,0.02377903461456299,0.012721018214640962,0.002945812775167276,13.231715224217623,10.2554560132412,0.02682323288536316,377,False,False,False,False,False,False,True,False,False,False,False,False,False,False,False,False,1,False,hold_slip
306,217,1,0,0,1,0,0,0,0,1,0,0,0,59,0.271889400921659,124,134,124,0.5714285714285714,10,0.0006596148014068604,0.03426843136548996,0.023095393553376198,True,True,0,31,0,0.0917283296585083,0.0007251636389672675,0.002747154018891853,0.018078895285725594,0.013631631377657097,0.008852121242222948,11.727403202094138,9.453011421393057,0.20757790269481452,269,False,False,False,False,False,False,False,False,False,False,False,False,False,False,False,False,0,False,
307,241,1,0,0,1,0,0,0,1,1,0,0,0,80,0.33195020746887965,155,165,155,0.6431535269709544,10,0.003614146262407303,0.03472905233502388,0.02418452687561512,True,True,0,29,0,0.06962156295776367,0.0008041812451985935,0.002618870221754475,0.0066106319427490234,0.010639561383968588,0.008297630871268762,12.769145471684169,8.854506187934021,0.09601672553962458,357,False,False,False,False,False,True,False,False,False,False,False,False,False,False,False,False,1,False,gripper_twitch
308,244,1,0,0,1,0,0,0,2,1,0,0,0,78,0.319672131147541,153,165,153,0.6270491803278688,12,0.001421511173248291,0.03444946929812431,0.022639678791165352,True,True,0,32,0,0.09071266651153564,0.0006164525645162913,0.002565633333321786,0.02044243272393942,0.020485350857074983,0.008907754696273468,13.971103175312692,9.984577913950488,0.13718557644672688,152,False,False,False,False,False,True,False,False,False,False,False,False,False,False,False,False,1,False,gripper_twitch
309,240,1,0,0,1,0,0,0,0,1,0,0,0,70,0.2916666666666667,141,152,141,0.5875,11,0.0040429625660181046,0.028849344700574875,0.02536611445248127,True,True,0,3,0,0.0890851616859436,0.0008036530556534816,0.002885844114504682,0.02504587173461914,0.011070511312061878,0.00620122514367403,12.443407207960263,11.054976591702143,0.025439427870554754,34,False,False,False,False,False,False,False,False,False,False,False,False,False,False,False,False,0,False,
310,241,1,0,0,1,0,0,0,0,1,0,0,0,80,0.33195020746887965,155,165,155,0.6431535269709544,10,0.00216873362660408,0.0339941568672657,0.024800735525786877,True,True,0,29,0,0.08199165761470795,0.000928838986883741,0.003043271106802303,0.02784264087677002,0.013868283413664107,0.012164711073890958,16.458440203219652,8.755738366271544,0.21514706667178388,409,False,False,False,False,False,False,False,False,False,False,False,False,False,False,False,False,0,False,
311,214,1,0,0,1,0,0,0,0,1,0,0,0,64,0.29906542056074764,132,140,132,0.616822429906542,8,0.0017815139144659042,0.026584522798657417,0.024295206181704998,True,True,0,32,0,0.08503448963165283,0.0008004651508552406,0.003216996652476293,0.03738284111022949,0.02021280133692641,0.007820147068585234,14.407028088811785,9.482255721130059,0.11248759596050119,465,False,False,False,False,False,False,False,False,False,False,False,False,False,False,False,False,0,False,
312,261,1,0,0,1,0,0,0,0,1,0,0,0,77,0.2950191570881226,167,177,167,0.6398467432950191,10,0.0004834569990634918,0.025899823755025864,0.025835556909441948,True,True,0,29,0,0.08199232816696167,0.0007768685070819618,0.002596494125607903,0.009737561224028468,0.009110667564017494,0.004033897593841801,12.836500103701837,11.32562563544343,0.0316771649395775,356,False,False,False,False,False,False,False,False,False,False,False,False,False,False,False,False,0,False,
313,233,1,0,0,1,0,0,0,0,1,0,0,0,68,0.2918454935622318,141,149,141,0.6051502145922747,8,0.001494668424129486,0.02524094097316265,0.022762199863791466,True,True,0,30,0,0.0724344253540039,0.0006380926533956861,0.002563461745436334,0.017128825187683105,0.015147109641721689,0.0029897878940653064,13.21730179619044,9.806323906268517,0.035992772040227536,217,False,False,False,False,False,False,False,False,False,False,False,False,False,False,False,False,0,False,
314,240,1,0,0,1,0,0,0,0,1,0,0,0,70,0.2916666666666667,141,152,141,0.5875,11,0.005953624844551086,0.02824064251035452,0.024876639246940613,True,True,0,4,0,0.0894416868686676,0.000779933135149664,0.0027169616323265344,0.0028575658798217773,0.01077861618526533,0.005663670104902656,10.869882360013435,11.05305477975162,0.04315118533757957,242,False,False,False,False,False,False,True,False,False,False,False,False,False,False,False,False,1,False,hold_slip
315,245,1,0,0,1,0,0,0,0,1,0,0,0,75,0.30612244897959184,151,161,151,0.6163265306122448,10,0.007191421464085579,0.03004724532365799,0.026517605409026146,True,True,0,30,0,0.0970478355884552,0.0006975193400619943,0.0025220692398201542,0.013187606469728053,0.012749185139205133,0.0030651639765011934,11.79528700618539,10.138769721248536,0.06427190998306567,286,False,False,False,False,False,False,True,False,False,False,False,False,False,False,False,False,1,False,hold_slip
316,259,1,0,0,1,0,0,0,0,1,0,0,0,78,0.30115830115830117,162,174,162,0.6254826254826255,12,0.00043608248233795166,0.034230759367346764,0.024653863161802292,True,True,0,0,0,0.07731829211115837,0.0009038277375904925,0.0031949350122947935,0.043045639991760254,0.013511239099329454,0.009600350491686014,18.10691446159035,10.586831678321687,0.40236657815325455,216,False,False,False,False,False,False,False,False,False,False,False,False,False,False,False,False,0,False,
317,242,1,0,0,1,0,0,0,0,1,0,0,0,71,0.29338842975206614,145,158,145,0.5991735537190083,13,0.005537176504731178,0.03205234929919243,0.025994831696152687,True,True,0,32,0,0.08730459213256836,0.0006554621471909441,0.0024875667634289018,0.015168905258178711,0.02159521833045501,0.011974914295677045,12.723697281384375,9.717876535534742,0.039455735895323196,250,False,False,False,False,False,False,True,False,False,False,False,False,False,False,False,False,1,False,hold_slip
318,241,2,0,0,1,0,0,0,0,2,0,0,0,43,0.17842323651452283,155,165,155,0.6431535269709544,10,0.0018444322049617767,0.02701321616768837,0.023123150691390038,True,True,0,29,0,0.07228007167577744,0.0009211973947397225,0.0030493558481171456,0.024624347686767578,0.011661404470850869,0.009572813894847088,14.236887405801099,8.87859944380034,0.19802400027358139,354,False,True,False,False,False,False,False,False,False,True,False,False,False,False,False,False,2,True,"right_regrasp,timing_outlier"
319,247,1,0,0,1,0,0,0,0,1,0,0,0,65,0.2631578947368421,151,161,151,0.611336032388664,10,0.0016655847430229187,0.03244531340897083,0.02253556251525879,True,True,0,0,0,0.07077616453170776,0.0006178474130376296,0.0023097184637850686,0.0039894371293485165,0.011452712054183911,0.005546399657363925,11.584495781440637,10.575297497824067,0.10448673541010774,182,False,False,False,False,False,False,False,False,False,False,False,False,False,False,False,False,0,False,
320,244,1,0,0,1,0,0,1,0,1,0,0,0,64,0.26229508196721313,139,150,139,0.569672131147541,11,0.002012331038713455,0.03501633740961552,0.027071528136730194,True,True,0,0,0,0.07220527529716492,0.0006482954791058685,0.002569448106462581,0.021573762642219663,0.008611805248971387,0.005593929433126476,13.832175549352542,10.325077426747157,0.03759534928739466,407,False,False,False,False,False,True,False,False,False,False,False,False,False,False,False,False,1,False,gripper_twitch
321,261,1,0,0,1,0,0,0,0,1,0,0,0,77,0.2950191570881226,167,177,167,0.6398467432950191,10,0.00047614797949790955,0.024840123020112514,0.025685017928481102,True,True,0,4,0,0.08140486478805542,0.000789608424564124,0.002731792003496244,0.015870711533352733,0.009621734419447338,0.005083880365817025,13.577762010274455,11.291081742143433,0.2983596881716785,58,False,False,False,False,False,False,False,False,False,False,False,False,False,False,False,False,0,False,
322,247,1,0,0,1,0,0,0,0,1,0,0,0,72,0.291497975708502,149,158,149,0.6032388663967612,9,0.001963997259736061,0.03238745033740997,0.026997667737305164,True,True,0,0,0,0.09911608695983887,0.0009232894282493565,0.0027844903225592204,0.043511033058166504,0.0164611402084697,0.014547663502755829,16.138130007777363,9.961547972879998,0.059817858964630724,236,False,False,False,False,False,False,False,False,False,False,False,False,False,False,False,False,0,False,
323,257,1,0,0,1,0,0,0,0,1,0,0,0,86,0.3346303501945525,164,174,164,0.6381322957198443,10,0.0017405562102794647,0.03330979682505131,0.02277143858373165,True,True,0,31,0,0.07312405109405518,0.0006444542415734518,0.002241875570891188,0.014139890670776367,0.019358100624572723,0.008499954365952451,12.960981095209718,9.523844064864534,0.047986259758677374,344,False,False,False,False,False,False,False,False,False,False,False,False,False,False,False,False,0,False,
324,241,1,0,0,1,0,0,0,0,1,0,0,0,80,0.33195020746887965,155,165,155,0.6431535269709544,10,0.0030268244445323944,0.03472885489463806,0.023663844913244247,True,True,0,28,0,0.07109678164124489,0.0008343385087794288,0.002746856204351746,0.01867842674255371,0.011832741362144598,0.009780832214742357,14.046636087354273,8.752408688531432,0.06714486327924751,141,False,False,False,False,False,False,False,False,False,False,False,False,False,False,False,False,0,False,
325,233,1,0,0,1,0,0,0,0,1,0,0,0,68,0.2918454935622318,141,149,141,0.6051502145922747,8,0.0012905485928058624,0.029112059623003006,0.02250648196786642,True,True,0,30,0,0.07214653491973877,0.0006682009464866241,0.0026499987930160814,0.021257758140563965,0.015438503980259085,0.004225068151629536,13.457579220063053,9.892724097277096,0.05570611401162618,199,False,False,False,False,False,False,False,False,False,False,False,False,False,False,False,False,0,False,
326,215,1,0,0,1,0,0,0,0,1,0,0,0,72,0.33488372093023255,132,142,132,0.6139534883720931,10,0.001598890870809555,0.0328616127371788,0.02714424766600132,True,True,0,31,0,0.09329143166542053,0.0009345616886730581,0.003075766028582349,0.03348088264465332,0.010902091408257701,0.004197060975837434,13.499883462267462,8.763450237334837,0.03648935146457248,50,False,False,False,False,False,False,False,False,False,False,False,False,False,False,False,False,0,False,
327,221,1,0,0,3,1,0,0,1,1,0,0,1,70,0.3167420814479638,132,142,132,0.5972850678733032,10,0.01098298653960228,0.029597903601825237,0.022765420377254486,True,True,0,0,0,0.08026559837162495,0.0006506804435188695,0.00273096589126589,0.018028034828603268,0.030464460374415817,0.002837958071745697,12.073840641998686,10.921947615453973,0.7314715398195818,7,False,False,False,True,False,True,True,False,False,False,False,False,False,False,False,False,3,True,"left_early_close,gripper_twitch,hold_slip"
328,242,1,0,0,1,0,0,0,0,1,0,0,0,71,0.29338842975206614,145,158,145,0.5991735537190083,13,0.006383802741765976,0.0314948633313179,0.024238308891654015,True,True,0,32,0,0.07908451557159424,0.0007134452308834052,0.0028369634405245306,0.023936521261930466,0.020580755467690587,0.010030398593566832,13.954208126955564,9.39079781252076,0.24588735867841086,96,False,False,False,False,False,False,True,False,False,False,False,False,False,False,False,False,1,False,hold_slip
329,251,1,0,0,1,0,0,0,0,1,0,0,0,74,0.2948207171314741,154,164,154,0.6135458167330677,10,0.002005532383918762,0.03476679138839245,0.023763597011566162,True,True,0,0,0,0.06382404267787933,0.0006866959116238227,0.002862271573124547,0.03015005588531494,0.006205401928369332,0.0048810291241660935,15.69723068055464,12.506155764971481,0.09978162483668471,159,False,False,False,False,False,False,False,False,False,False,False,False,False,False,False,False,0,False,
330,233,1,0,0,1,0,0,0,0,1,0,0,0,67,0.2875536480686695,141,152,141,0.6051502145922747,11,0.0018869005143642426,0.033858101814985275,0.02305771689862013,True,True,0,1,0,0.08048158884048462,0.0009739693955099719,0.00332014436787407,0.027028192300349474,0.00960830507979382,0.00463497248651175,13.531294891028665,9.940843808698446,0.1267982284303199,287,False,False,False,False,False,False,False,False,False,False,False,False,False,False,False,False,0,False,
331,233,1,0,0,1,0,0,0,0,1,0,0,0,68,0.2918454935622318,141,149,141,0.6051502145922747,8,0.002505609765648842,0.028156625106930733,0.024580555967986584,True,True,0,30,0,0.07134890556335449,0.0006484778267114774,0.002452675230455802,0.003116130828857422,0.01501194882707899,0.002205109688881609,11.778531018237118,9.871570718860312,0.026852667081277273,447,False,False,False,False,False,False,False,False,False,False,False,False,False,False,False,False,0,False,
332,233,1,0,0,1,0,0,0,0,1,0,0,0,68,0.2918454935622318,141,149,141,0.6051502145922747,8,0.001839691773056984,0.027256101369857788,0.023473190143704414,True,True,0,30,0,0.07132208347320557,0.0006932976908995338,0.0026558741988029853,0.016471691662445664,0.014906927283232287,0.0013116334018072402,12.776243433123454,9.948088841432764,0.13078471018649002,331,False,False,False,False,False,False,False,False,False,False,False,False,False,False,False,False,0,False,
333,251,1,0,0,1,0,0,0,0,1,0,0,0,74,0.2948207171314741,154,164,154,0.6135458167330677,10,0.0018725581467151642,0.03494762443006039,0.0235737394541502,True,True,0,0,0,0.06669944524765015,0.0005482683623614604,0.0023617595674188903,0.005514076445251703,0.005240596635994023,0.0035749810963088564,12.613299896882381,12.034670692632062,0.027989520496529655,131,False,False,False,False,False,False,False,False,False,False,False,False,False,False,False,False,0,False,
334,221,2,1,0,1,0,0,0,0,1,1,0,0,70,0.3167420814479638,132,142,132,0.5972850678733032,10,0.0016072802245616913,0.03047502227127552,0.02526899054646492,True,True,0,0,0,0.0728076696395874,0.0006354608058012256,0.0025988373720466583,0.023896336555480957,0.009171735597209402,0.003740557059927977,12.610403061000397,9.232080613162907,0.19895083918846404,174,True,False,False,False,False,True,False,False,False,False,False,False,False,False,False,False,2,False,"right_pre_grasp_close,gripper_twitch"
335,256,2,0,0,1,0,0,0,0,2,0,0,0,44,0.171875,164,176,164,0.640625,12,0.0008067954331636429,0.02513241395354271,0.02312569972127676,True,True,0,0,0,0.08625513315200806,0.0005872499191096862,0.002387184922283465,0.040609002113342285,0.020700679527593528,0.0056511778327777516,15.091100540594198,9.87382886459909,0.06148793074938382,394,False,True,False,False,False,False,False,False,False,True,False,False,False,False,False,False,2,True,"right_regrasp,timing_outlier"
336,244,1,0,0,1,0,0,1,0,1,0,0,0,64,0.26229508196721313,139,150,139,0.569672131147541,11,0.001879177987575531,0.03504626266658306,0.027442291378974915,True,True,0,0,0,0.07220512628555298,0.0006338712538724599,0.002467229220722042,0.01542616169899702,0.007992419567902384,0.004583377588174461,12.920009110297542,10.32247063075556,0.1216927653029701,407,False,False,False,False,False,True,False,False,False,False,False,False,False,False,False,False,1,False,gripper_twitch
337,274,1,0,0,1,0,0,0,0,1,0,0,0,80,0.291970802919708,182,191,182,0.6642335766423357,9,0.00022670626640319824,0.03413458168506622,0.026959105394780636,True,True,0,0,0,0.0662381649017334,0.000525909143862285,0.0020189434988281763,0.009853363037109375,0.019006617766507538,0.0014024889322693317,12.983830698416568,10.370873259947984,0.34866544833865853,222,False,False,False,False,False,False,False,False,False,False,False,False,False,False,False,False,0,False,
338,257,1,0,0,1,0,0,0,1,1,0,0,0,86,0.3346303501945525,164,174,164,0.6381322957198443,10,0.0022533833980560303,0.033821096643805504,0.022974921390414238,True,True,0,31,0,0.0729919970035553,0.000671686639856587,0.002381197583751517,0.03235173225402832,0.018964942522577667,0.0075618919138576626,13.52975465595955,9.649628817987832,0.08302490950931826,453,False,False,False,False,False,True,False,False,False,False,False,False,False,False,False,False,1,False,gripper_twitch
339,251,1,0,0,1,0,0,0,0,1,0,0,0,74,0.2948207171314741,154,164,154,0.6135458167330677,10,0.0017249584197998047,0.03449075669050217,0.025419337674975395,True,True,0,0,0,0.06617753207683563,0.0005306712334807739,0.002306783409316527,0.006621718406677246,0.00580425299545113,0.004359585940542658,12.76003354601562,12.010064982805488,0.08024055250470269,40,False,False,False,False,False,False,False,False,False,False,False,False,False,False,False,False,0,False,
340,245,1,0,0,1,0,0,0,0,1,0,0,0,75,0.30612244897959184,151,161,151,0.6163265306122448,10,0.004158100113272667,0.028790196403861046,0.023368130438029766,True,True,0,30,0,0.11011987924575806,0.0010599236033263207,0.0032486775756979114,0.03702497482299805,0.013083898129490679,0.0042485777583208765,15.946662813425064,10.390986297803465,0.1365135040212728,164,False,False,False,False,False,False,False,False,False,False,False,False,False,False,False,False,0,False,
341,246,2,1,0,1,0,0,0,0,1,1,0,0,80,0.3252032520325203,155,167,155,0.6300813008130082,12,0.0012006871402263641,0.024720942601561546,0.027232762426137924,True,True,0,32,0,0.06796354055404663,0.0005334366433790943,0.0021021358996660103,0.01681649684906006,0.020064277927971108,0.01859623303162862,10.95592964644311,8.628784051625189,0.09749632192208639,169,True,False,False,False,False,True,False,False,False,False,False,False,False,False,False,False,2,False,"right_pre_grasp_close,gripper_twitch"
342,257,1,0,0,1,0,0,0,0,1,0,0,0,86,0.3346303501945525,164,174,164,0.6381322957198443,10,0.001047525554895401,0.03333617188036442,0.022509925067424774,True,True,0,31,0,0.07319386303424835,0.0006718115469765051,0.0023655870332012696,0.0368494987487793,0.019335910945690704,0.008449296806946295,14.061688971705735,9.514172730687278,0.04414559931983536,285,False,False,False,False,False,False,False,False,False,False,False,False,False,False,False,False,0,False,
343,240,1,0,0,1,0,0,0,0,1,0,0,0,70,0.2916666666666667,141,152,141,0.5875,11,0.005941260606050491,0.02843715436756611,0.024609703570604324,True,True,0,31,0,0.08960890769958496,0.0007842139198987688,0.0027787130257918118,0.014095783233642578,0.01069114477909579,0.005495377045798721,11.47969162184745,11.069920723426549,0.04385710395487766,475,False,False,False,False,False,False,True,False,False,False,False,False,False,False,False,False,1,False,hold_slip
344,257,1,0,0,1,0,0,0,0,1,0,0,0,86,0.3346303501945525,164,174,164,0.6381322957198443,10,0.0015711747109889984,0.03337453119456768,0.022432677447795868,True,True,0,31,0,0.07360734045505524,0.0006479352815087152,0.0022735141688828365,0.018438100814819336,0.01942807507522335,0.008658132914243472,13.19396245945245,9.536036893678101,0.027117175842224128,265,False,False,False,False,False,False,False,False,False,False,False,False,False,False,False,False,0,False,
345,241,2,0,0,2,1,0,0,0,2,0,0,0,45,0.18672199170124482,155,165,155,0.6431535269709544,10,0.002574535086750984,0.023568378761410713,0.022955842316150665,True,True,0,29,0,0.08029142022132874,0.0011037989379754371,0.0035704100704541425,0.03052389621734619,0.012928038819875684,0.011080843758385325,16.028948193416,9.541812325704086,0.3051366702640685,354,False,True,False,False,False,True,False,False,False,True,False,False,False,False,False,False,3,True,"right_regrasp,gripper_twitch,timing_outlier"
346,244,1,0,0,1,0,0,0,0,1,0,0,0,78,0.319672131147541,153,165,153,0.6270491803278688,12,0.0012602806091308594,0.03456113487482071,0.023609356954693794,True,True,0,32,0,0.09085667133331299,0.0006100262276984383,0.0023691367477827424,0.013363487320020795,0.020315187377245494,0.007632225338756374,12.929125846072566,9.74650797007962,0.0554761776216588,72,False,False,False,False,False,False,False,False,False,False,False,False,False,False,False,False,0,False,
347,245,1,0,0,1,0,0,0,0,1,0,0,0,75,0.30612244897959184,151,161,151,0.6163265306122448,10,0.003432122990489006,0.026465559378266335,0.027478630654513836,True,True,0,30,0,0.09862670302391052,0.0007012766674011861,0.0024584944907729846,0.007066516205668449,0.012514205197259905,0.0018597957436875768,11.5391073396313,10.189868565284996,0.06011731674049361,99,False,False,False,False,False,False,False,False,False,False,False,False,False,False,False,False,0,False,
348,233,1,0,0,1,0,0,0,1,1,0,0,0,68,0.2918454935622318,141,149,141,0.6051502145922747,8,0.0036856383085250854,0.028069978579878807,0.023477897979319096,True,True,0,4,0,0.07249963283538818,0.0006664424156915205,0.0026138960551909765,0.015582868829369545,0.015708777576439695,0.005125376930869882,13.238420243142173,9.926625379397592,0.014172815738840987,351,False,False,False,False,False,True,False,False,False,False,False,False,False,False,False,False,1,False,gripper_twitch
349,230,1,0,0,1,0,0,0,0,1,0,0,0,67,0.29130434782608694,141,152,141,0.6130434782608696,11,0.014848321676254272,0.026386717334389687,0.02616470865905285,True,True,0,31,0,0.07643269002437592,0.0006959210734224324,0.002615686150245056,0.01772129535675049,0.010119773045801618,0.005766400959068421,11.753108935488854,9.775088175694691,0.1530459366409521,203,False,False,False,False,False,False,True,False,False,False,False,False,False,False,False,False,1,False,hold_slip
350,253,1,0,0,1,0,0,0,0,1,0,0,0,69,0.2727272727272727,151,162,151,0.5968379446640316,11,0.0013622045516967773,0.035056523978710175,0.02375224232673645,True,True,0,2,0,0.08092902600765228,0.0009148732840433383,0.002856118100593626,0.03464353084564209,0.022493070548180005,0.007306244363735486,15.545020727033261,10.854214573162608,0.020567881284471064,493,False,False,False,False,False,False,False,False,False,False,False,False,False,False,False,False,0,False,
351,233,1,0,0,1,0,0,0,1,1,0,0,0,68,0.2918454935622318,141,149,141,0.6051502145922747,8,0.0034878291189670563,0.029643934220075607,0.023514865897595882,True,True,0,6,3,0.07231688499450684,0.0006769437369600268,0.002666340861530159,0.015340391313657165,0.01569548599655785,0.00508449372165825,13.19315943797119,9.925732479990984,0.014172815738840987,348,False,False,False,False,False,True,False,False,False,False,False,False,False,False,False,False,1,False,gripper_twitch
352,233,1,0,0,1,0,0,0,0,1,0,0,0,67,0.2875536480686695,141,152,141,0.6051502145922747,11,0.0005879849195480347,0.033108025789260864,0.02651007380336523,True,True,0,1,0,0.07680463790893555,0.0008448217965053657,0.0029517912565061996,0.029910802841186523,0.016623626289410852,0.003620495160230272,14.664356506429613,9.519170355168171,0.1469786054903415,75,False,False,False,False,False,False,False,False,False,False,False,False,False,False,False,False,0,False,
353,233,1,0,0,2,1,0,0,0,1,0,0,0,67,0.2875536480686695,141,152,141,0.6051502145922747,11,0.009506968781352043,0.027204763144254684,0.02526024356484413,True,True,0,1,0,0.11253920197486877,0.0014319788348756961,0.004426293984398626,0.044667840003967285,0.010640652551915136,0.006510524569872022,19.055216863926034,9.974200766825561,0.3903756085821011,178,False,False,False,False,False,True,True,False,False,False,False,False,False,False,False,False,2,False,"gripper_twitch,hold_slip"
354,241,1,0,0,1,0,0,0,1,1,0,0,0,80,0.33195020746887965,155,165,155,0.6431535269709544,10,0.001683846116065979,0.026165466755628586,0.023121272213757038,True,True,0,29,0,0.07314499327912927,0.0009128116027665261,0.003010929505155348,0.01755504123866558,0.01276416358010789,0.010889204863959858,14.159251859411597,8.887399857740093,0.08728377579230025,60,False,False,False,False,False,True,False,False,False,False,False,False,False,False,False,False,1,False,gripper_twitch
355,242,1,0,0,1,0,0,0,0,1,0,0,0,71,0.29338842975206614,145,158,145,0.5991735537190083,13,0.002717910334467888,0.025947529822587967,0.026626484468579292,True,True,0,32,0,0.08542677760124207,0.0007205620050007095,0.0025781415038342264,0.014293432235717773,0.021538329625817254,0.011872015865856459,12.696057404275052,9.615168555334094,0.033906684201351255,389,False,False,False,False,False,False,False,False,False,False,False,False,False,False,False,False,0,False,
356,261,1,0,0,1,0,0,0,0,1,0,0,0,77,0.2950191570881226,167,177,167,0.6398467432950191,10,0.0005730874836444855,0.02559893485158682,0.026844535022974014,True,True,0,29,0,0.08140760660171509,0.0007522879277682041,0.0025415480561205585,0.008756163297221065,0.009029680555103904,0.0038476144841000453,12.688347884541145,11.27228393083351,0.0316771649395775,312,False,False,False,False,False,False,False,False,False,False,False,False,False,False,False,False,0,False,
357,241,1,0,0,1,0,0,0,0,1,0,0,0,80,0.33195020746887965,155,165,155,0.6431535269709544,10,0.003714095801115036,0.03479476273059845,0.02421267144382,True,True,0,29,0,0.06943964958190918,0.0008148460109057351,0.0025835880444308908,0.0061817169189453125,0.011241832119839212,0.00905702490226139,12.422606450127205,8.742972704225394,0.09601672553962458,307,False,False,False,False,False,False,False,False,False,False,False,False,False,False,False,False,0,False,
358,261,1,0,0,1,0,0,0,0,1,0,0,0,77,0.2950191570881226,167,177,167,0.6398467432950191,10,0.0012064073234796524,0.024210087954998016,0.027100003324449062,True,True,0,29,0,0.08360713720321655,0.0007366156736864993,0.0025442576299848033,0.006640434265136719,0.008756427055437435,0.003153265151039306,12.861629003200505,11.398426109219145,0.04693739354620419,243,False,False,False,False,False,False,False,False,False,False,False,False,False,False,False,False,0,False,
359,245,1,0,0,1,0,0,0,0,1,0,0,0,75,0.30612244897959184,151,161,151,0.6163265306122448,10,0.006256347522139549,0.028207892552018166,0.02666912879794836,True,True,0,30,0,0.09966951608657837,0.000700175287171405,0.002442499188894526,0.007066516205668449,0.012543605328495955,0.002048302498700757,11.384941077441908,10.233523948219954,0.07916184206525828,286,False,False,False,False,False,False,True,False,False,False,False,False,False,False,False,False,1,False,hold_slip
360,240,1,0,0,1,0,0,0,0,1,0,0,0,70,0.2916666666666667,141,152,141,0.5875,11,0.004053935408592224,0.025876608677208424,0.022859938442707062,True,True,0,31,0,0.08664330840110779,0.0008168622478321876,0.0030204446574180898,0.02081191531033255,0.010112694095256232,0.004262106807234573,12.619670833926648,10.929690072291123,0.25690916566486904,275,False,False,False,False,False,False,False,False,False,False,False,False,False,False,False,False,0,False,
361,261,1,0,0,1,0,0,0,0,1,0,0,0,77,0.2950191570881226,167,177,167,0.6398467432950191,10,0.0010985154658555984,0.024743358604609966,0.027336347848176956,True,True,0,29,0,0.08330130577087402,0.0007358824459138489,0.002551349316553404,0.012352585792541504,0.008523700636740735,0.0024336143564273566,13.037227269262075,11.379525715055934,0.10965451544920622,412,False,False,False,False,False,False,False,False,False,False,False,False,False,False,False,False,0,False,
362,233,1,0,0,1,0,0,0,0,1,0,0,0,68,0.2918454935622318,141,149,141,0.6051502145922747,8,0.002291535958647728,0.027629299089312553,0.023539786227047443,True,True,0,30,0,0.07166445255279541,0.0006518778934188873,0.0024574412826426527,0.0017433375032851472,0.01502548266190098,0.0022954138974323438,11.733268174924888,9.892562586152053,0.028749532397358765,331,False,False,False,False,False,False,False,False,False,False,False,False,False,False,False,False,0,False,
363,257,1,0,0,1,0,0,0,0,1,0,0,0,86,0.3346303501945525,164,174,164,0.6381322957198443,10,0.00044789165258407593,0.0327288918197155,0.022877708077430725,True,True,0,31,0,0.08571445941925049,0.0008079664085165517,0.0026478190974551347,0.05065023899078369,0.01950833129167763,0.008836750206837352,16.200372683819296,9.523516485594882,0.14400982644668572,213,False,False,False,False,False,False,False,False,False,False,False,False,False,False,False,False,0,False,
364,242,1,0,0,1,0,0,0,0,1,0,0,0,71,0.29338842975206614,145,158,145,0.5991735537190083,13,0.004823232069611549,0.03135203570127487,0.026108259335160255,True,True,0,32,0,0.08661788702011108,0.0006618315752854439,0.0024789460882153024,0.019684791564941406,0.02164576611295321,0.01206583226576036,13.226427872781642,9.668042269695434,0.04481923409579834,250,False,False,False,False,False,False,False,False,False,False,False,False,False,False,False,False,0,False,
365,233,1,0,0,1,0,0,0,0,1,0,0,0,68,0.2918454935622318,141,149,141,0.6051502145922747,8,0.0016667097806930542,0.02527596428990364,0.022388696670532227,True,True,0,30,0,0.0726175308227539,0.0006952925965183065,0.0027287555476306264,0.021764278411865234,0.015250091716257455,0.00347407520175162,13.70861171465367,9.895135883365583,0.05657155365319906,313,False,False,False,False,False,False,False,False,False,False,False,False,False,False,False,False,0,False,
366,221,2,1,0,1,0,0,0,1,1,1,0,0,70,0.3167420814479638,132,142,132,0.5972850678733032,10,0.0008080173283815384,0.0245461231097579,0.02491801604628563,True,True,0,0,0,0.0681389719247818,0.0006424642720891301,0.0028107585681829274,0.022847771644592285,0.009050332909232815,0.003432136218363343,13.065053826663643,9.509318028942289,0.1900986519479405,246,True,False,False,False,False,True,False,False,False,False,False,False,False,False,False,False,2,False,"right_pre_grasp_close,gripper_twitch"
367,233,1,0,0,1,0,0,0,0,1,0,0,0,67,0.2875536480686695,141,152,141,0.6051502145922747,11,0.0032769497483968735,0.029430819675326347,0.023330561816692352,True,True,0,1,0,0.07336035370826721,0.0008584318606450541,0.002959825254105145,0.01147628528997302,0.008848508766977984,0.0027312178315937077,12.340626245480962,9.584517188895006,0.09200882036325311,132,False,False,False,False,False,False,False,False,False,False,False,False,False,False,False,False,0,False,
368,253,1,0,0,1,0,0,0,0,1,0,0,0,69,0.2727272727272727,151,162,151,0.5968379446640316,11,0.0005355663597583771,0.03399617224931717,0.023382939398288727,True,True,0,2,0,0.07628434896469116,0.0008052159109029188,0.002714566589661125,0.01993846893310547,0.022493037410164018,0.007306142344100059,13.587959957076237,10.678197749482933,0.07738800145478894,381,False,False,False,False,False,False,False,False,False,False,False,False,False,False,False,False,0,False,
369,233,1,0,0,1,0,0,0,0,1,0,0,0,67,0.2875536480686695,141,152,141,0.6051502145922747,11,0.0014460831880569458,0.03388817980885506,0.022553961724042892,True,True,0,1,0,0.09320470690727234,0.0011017798282466295,0.0034222331660562874,0.02836022013798356,0.00966926550699115,0.004760783479131264,14.952062766184099,9.787833954651433,0.14417246666979008,408,False,False,False,False,False,False,False,False,False,False,False,False,False,False,False,False,0,False,
370,257,1,0,0,1,0,0,0,0,1,0,0,0,86,0.3346303501945525,164,174,164,0.6381322957198443,10,0.0019944794476032257,0.032695408910512924,0.022792071104049683,True,True,0,31,0,0.07286162674427032,0.0006448235561698911,0.0022585803613717204,0.018142069689929485,0.019589261721332907,0.00901400794425377,13.234391682781279,9.531239378917235,0.0725379043696025,323,False,False,False,False,False,False,False,False,False,False,False,False,False,False,False,False,0,False,
371,256,1,0,0,1,0,0,0,0,1,0,0,0,75,0.29296875,164,176,164,0.640625,12,0.0005712322890758514,0.03266550973057747,0.02640102431178093,True,True,0,0,0,0.08635604381561279,0.0006184981235632193,0.0021915952497509423,0.011363029479980469,0.020030246036816152,0.002151379624552112,14.269492278399412,9.75926414958758,0.05363605641773593,260,False,False,False,False,False,False,False,False,False,False,False,False,False,False,False,False,0,False,
372,215,1,0,0,1,0,0,0,0,1,0,0,0,72,0.33488372093023255,132,142,132,0.6139534883720931,10,0.0022085029631853104,0.02983240969479084,0.027246255427598953,True,True,0,31,0,0.08847573399543762,0.0008874481932878508,0.0029106971499304963,0.012486931518651545,0.010557030890563498,0.0031956960502396528,12.117356299480889,8.675225200096065,0.18607760942167803,239,False,False,False,False,False,False,False,False,False,False,False,False,False,False,False,False,0,False,
373,261,1,0,0,1,0,0,0,0,1,0,0,0,77,0.2950191570881226,167,177,167,0.6398467432950191,10,0.00665297731757164,0.024753278121352196,0.027241461910307407,True,True,0,29,0,0.10956829786300659,0.0016329439375509353,0.004118474705471442,0.037108540534973145,0.009105862624350682,0.004023033739494228,18.683565297299992,11.32355939039553,0.030106087910104874,488,False,False,False,False,False,False,True,False,False,False,False,False,False,False,False,False,1,False,hold_slip
374,247,1,0,0,1,0,0,0,0,1,0,0,0,72,0.291497975708502,149,158,149,0.6032388663967612,9,0.0014936737716197968,0.029137253761291504,0.026143066585063934,True,True,0,0,0,0.0748293399810791,0.000596479904509258,0.002311717557685285,0.034937381744384766,0.013879158149293733,0.011545427929188263,14.24774764443282,9.914586214981682,0.04277605098225057,484,False,False,False,False,False,False,False,False,False,False,False,False,False,False,False,False,0,False,
375,259,1,0,0,1,0,0,0,1,1,0,0,0,78,0.30115830115830117,162,174,162,0.6254826254826255,12,0.0028693154454231262,0.03491148725152016,0.025065982714295387,True,True,0,0,0,0.07558474130928516,0.0008401910379467377,0.0027463806306706894,0.008345675596501678,0.012720439623743455,0.008451130345762382,15.071842083591036,10.333227730056024,0.32442168758299345,61,False,False,False,False,False,True,False,False,False,False,False,False,False,False,False,False,1,False,gripper_twitch
376,247,1,0,0,1,0,0,0,0,1,0,0,0,72,0.291497975708502,149,158,149,0.6032388663967612,9,0.0034035630524158478,0.029765198938548565,0.026572725735604763,True,True,0,0,0,0.07562136650085449,0.0006154861297166707,0.002349890586501757,0.03085947036743164,0.012998433816085257,0.01047020328389676,14.42845485988073,9.912744243796624,0.07128350051250774,374,False,False,False,False,False,False,False,False,False,False,False,False,False,False,False,False,0,False,
377,245,1,0,0,1,0,0,0,0,1,0,0,0,75,0.30612244897959184,151,161,151,0.6163265306122448,10,0.005412565544247627,0.028375410474836826,0.02671907190233469,True,True,0,30,0,0.09989777207374573,0.0007254620259551084,0.0026150128833902046,0.02390766143798828,0.012727990946374243,0.0029757792290585486,13.276295601157472,10.222625347887515,0.02682323288536316,305,False,False,False,False,False,False,True,False,False,False,False,False,False,False,False,False,1,False,hold_slip
378,247,1,0,0,1,0,0,0,0,1,0,0,0,65,0.2631578947368421,151,161,151,0.611336032388664,10,0.002582862973213196,0.03414556011557579,0.023118123412132263,True,True,0,0,0,0.06800317764282227,0.000548472703208947,0.00221913515864281,0.006479315925389528,0.011232432470992017,0.005075970348470629,11.916170076234266,10.418825868371641,0.14395238153420212,442,False,False,False,False,False,False,False,False,False,False,False,False,False,False,False,False,0,False,
379,266,1,0,0,1,0,0,0,2,1,0,0,0,72,0.2706766917293233,160,170,160,0.6015037593984962,10,0.0010037049651145935,0.03504999913275242,0.025118851102888584,True,True,0,2,0,0.0840873122215271,0.0006422207791794175,0.0023888607871424146,0.00756547786295414,0.015993315650331984,0.0009751529051332847,13.575784916887642,9.950113639471965,0.17593002553152548,406,False,False,False,False,False,True,False,False,False,False,False,False,False,False,False,False,1,False,gripper_twitch
380,253,1,0,0,1,0,0,0,0,1,0,0,0,69,0.2727272727272727,151,162,151,0.5968379446640316,11,0.0001267567276954651,0.0339813306927681,0.023491505533456802,True,True,0,2,0,0.07988257706165314,0.0007803210268798918,0.002502358723748953,0.005162382964044809,0.02222191553460242,0.00642312338696823,12.262779363576556,10.744463995215483,0.06006936003474564,469,False,False,False,False,False,False,False,False,False,False,False,False,False,False,False,False,0,False,
381,253,1,0,0,1,0,0,0,1,1,0,0,0,69,0.2727272727272727,151,162,151,0.5968379446640316,11,0.0005785822868347168,0.034251343458890915,0.023944880813360214,True,True,0,2,0,0.0777585506439209,0.0007960681116230719,0.002694171017657499,0.013493657112121582,0.022443904777953164,0.0071534499158827395,13.41600423422642,10.71366700984072,0.0763159495153477,88,False,False,False,False,False,True,False,False,False,False,False,False,False,False,False,False,1,False,gripper_twitch
382,221,1,0,0,1,0,0,0,1,1,0,0,0,70,0.3167420814479638,132,142,132,0.5972850678733032,10,0.0018888413906097412,0.029305175878107548,0.02545948140323162,True,True,0,0,0,0.07069545984268188,0.0006229752526589739,0.0027636308590343094,0.024735055631026626,0.009443112085440835,0.004363874323540687,13.849765189923346,9.25594271267073,0.20140344192865176,246,False,False,False,False,False,True,False,False,False,False,False,False,False,False,False,False,1,False,gripper_twitch
383,215,1,0,0,1,0,0,0,0,1,0,0,0,72,0.33488372093023255,132,142,132,0.6139534883720931,10,0.002366982400417328,0.03283691965043545,0.027020080015063286,True,True,0,31,0,0.09289836883544922,0.0008931069230390417,0.0028184503108870684,0.010205984115600586,0.01039018362366493,0.0025914550920990245,11.54371167672798,8.757913301293229,0.07448345674798999,239,False,False,False,False,False,False,False,False,False,False,False,False,False,False,False,False,0,False,
384,242,1,0,0,1,0,0,0,0,1,0,0,0,71,0.29338842975206614,145,158,145,0.5991735537190083,13,0.00300738587975502,0.025637149810791016,0.02672319859266281,True,True,0,32,0,0.08863350749015808,0.0006604281316315134,0.0026029084545335424,0.02572917938232422,0.021487083344154778,0.011778631115864233,13.593953860457987,9.84779844552395,0.12331269931531123,355,False,False,False,False,False,False,False,False,False,False,False,False,False,False,False,False,0,False,
385,247,1,0,0,1,0,0,0,0,1,0,0,0,65,0.2631578947368421,151,161,151,0.611336032388664,10,0.0027662962675094604,0.028898547403514385,0.02310585230588913,True,True,0,0,0,0.07010602951049805,0.0005709037622644864,0.002207393031796514,0.008369899238459766,0.011574084062410527,0.005792871278295638,11.755849553155713,10.582556213019416,0.056773038277494296,127,False,False,False,False,False,False,False,False,False,False,False,False,False,False,False,False,0,False,
386,214,1,0,0,1,0,0,0,0,1,0,0,0,64,0.29906542056074764,132,140,132,0.616822429906542,8,0.0056473128497600555,0.03278811275959015,0.022668929770588875,True,True,0,32,0,0.08571386337280273,0.0007355264448279361,0.0028111731364543527,0.007949991850182414,0.019111406540796308,0.004224026973514861,11.9638274947647,9.485247440283274,0.10903904111283631,186,False,False,False,False,False,False,True,False,False,False,False,False,False,False,False,False,1,False,hold_slip
387,241,1,0,0,1,0,0,0,0,1,0,0,0,80,0.33195020746887965,155,165,155,0.6431535269709544,10,0.0024560056626796722,0.02878275141119957,0.02355360798537731,True,True,0,29,0,0.07104521617293358,0.0008207727073777976,0.0026984633749526396,0.00998603756306693,0.011798950735175113,0.009739925519254428,12.9745698957704,8.776367707519967,0.12060998589435144,60,False,False,False,False,False,False,False,False,False,False,False,False,False,False,False,False,0,False,
388,242,1,0,0,1,0,0,0,0,1,0,0,0,71,0.29338842975206614,145,158,145,0.5991735537190083,13,0.00399123877286911,0.029634395614266396,0.02701004594564438,True,True,0,1,0,0.08408275246620178,0.0006475239600816132,0.0025283904794565913,0.021660640137270093,0.02069179640745709,0.01025630727370264,12.72604360387777,9.554618503694655,0.07995859124001835,118,False,False,False,False,False,False,False,False,False,False,False,False,False,False,False,False,0,False,
389,242,1,0,0,1,0,0,0,0,1,0,0,0,71,0.29338842975206614,145,158,145,0.5991735537190083,13,0.002400493249297142,0.02593889646232128,0.02654876373708248,True,True,0,32,0,0.08607807755470276,0.0007302441000545051,0.002595638361125683,0.01266467571258545,0.021516743918606238,0.011832809746956503,12.730539246986154,9.661190129976603,0.033906684201351255,355,False,False,False,False,False,False,False,False,False,False,False,False,False,False,False,False,0,False,
390,240,2,0,1,1,0,0,0,0,1,1,0,0,76,0.31666666666666665,149,159,149,0.6208333333333333,10,0.0039462801069021225,0.03211197257041931,0.025699641555547714,True,True,0,32,0,0.08946025371551514,0.0008676942208090437,0.003356456872660622,0.06290316581726074,0.01613532446753257,0.012850162627385829,18.614243438234553,9.47649147926495,0.03712302652826084,129,True,False,False,False,False,False,False,False,False,False,False,False,False,False,False,False,1,False,right_pre_grasp_close
391,256,1,0,0,1,0,0,0,0,1,0,0,0,75,0.29296875,164,176,164,0.640625,12,0.00042900070548057556,0.032931458204984665,0.02716648578643799,True,True,0,0,0,0.08642363548278809,0.000554424894785499,0.0020069781357183653,0.007964185439050198,0.020051193769556677,0.002338386105384929,12.475271619070554,9.748158508330562,0.06357749996661458,81,False,False,False,False,False,False,False,False,False,False,False,False,False,False,False,False,0,False,
392,253,1,0,0,1,0,0,0,0,1,0,0,0,69,0.2727272727272727,151,162,151,0.5968379446640316,11,0.001897856593132019,0.03515129163861275,0.023718507029116154,True,True,0,2,0,0.08137443661689758,0.0007798982808421857,0.0025346720115303526,0.01817333698272705,0.022257296834263272,0.006544482132737457,12.99517869297415,10.863004583748989,0.0374792673760841,139,False,False,False,False,False,False,False,False,False,False,False,False,False,False,False,False,0,False,
393,247,1,0,0,1,0,0,0,1,1,0,0,0,72,0.291497975708502,149,158,149,0.6032388663967612,9,0.001822780817747116,0.03529650717973709,0.02400252688676119,True,True,0,0,0,0.07515478134155273,0.000610562209482632,0.0024555892815873643,0.021072030067443848,0.012349485174207173,0.00942691338005179,14.153104385361075,10.153086042777886,0.06443586667184853,476,False,False,False,False,False,True,False,False,False,False,False,False,False,False,False,False,1,False,gripper_twitch
394,256,2,0,0,1,0,0,0,0,2,0,0,0,45,0.17578125,164,176,164,0.640625,12,0.0009448211640119553,0.02566825971007347,0.023372490890324116,True,True,0,0,0,0.0862627625465393,0.0006175525588637046,0.0025251694596394817,0.04416072368621826,0.020836123350780753,0.006127263971368544,15.590595767833292,9.922848698122834,0.06148793074938382,335,False,True,False,False,False,False,False,False,False,True,False,False,False,False,False,False,2,True,"right_regrasp,timing_outlier"
395,242,2,1,0,1,0,0,0,0,1,1,0,0,71,0.29338842975206614,145,158,145,0.5991735537190083,13,0.0045817214995622635,0.026280725374817848,0.026964714750647545,True,True,0,32,0,0.08089947700500488,0.0006560291275087786,0.0025745340480367363,0.030842065811157227,0.021916829733609478,0.012545470333828855,13.384648527600802,9.464170794497477,0.10752885389760662,448,True,False,False,False,False,True,False,False,False,False,False,False,False,False,False,False,2,False,"right_pre_grasp_close,gripper_twitch"
396,240,1,0,0,1,0,0,0,0,1,0,0,0,70,0.2916666666666667,141,152,141,0.5875,11,0.003487559035420418,0.028492826968431473,0.025349585339426994,True,True,0,31,0,0.08866468071937561,0.0009123440872212224,0.0031076453638831424,0.035886526107788086,0.011232021450487066,0.006485128992711394,14.296138133046043,11.013816825912727,0.12229707590698388,163,False,False,False,False,False,False,False,False,False,False,False,False,False,False,False,False,0,False,
397,247,1,0,0,1,0,0,0,0,1,0,0,0,72,0.291497975708502,149,158,149,0.6032388663967612,9,0.0023362673819065094,0.028609766624867916,0.026067934930324554,True,True,0,0,0,0.07369840145111084,0.0005022681110739631,0.002039708841871451,0.007283580489456654,0.014930359611761096,0.01278989887651504,11.620872989966301,9.939484012480534,0.06808156436901881,109,False,False,False,False,False,False,False,False,False,False,False,False,False,False,False,False,0,False,
398,240,1,0,0,1,0,0,0,0,1,0,0,0,70,0.2916666666666667,141,152,141,0.5875,11,0.005262145772576332,0.03061925806105137,0.02607627771794796,True,True,0,31,0,0.0887477695941925,0.0007912330583618969,0.002863345149300114,0.01584751484915614,0.010068244808887737,0.004155541613765871,11.83437163149938,11.010233917368168,0.06525137525448438,292,False,False,False,False,False,False,True,False,False,False,False,False,False,False,False,False,1,False,hold_slip
399,241,1,0,0,1,0,0,0,0,1,0,0,0,80,0.33195020746887965,155,165,155,0.6431535269709544,10,0.0002978481352329254,0.03346353396773338,0.025687250308692455,True,True,0,29,0,0.06965678930282593,0.0008525345251233118,0.0028173920681230885,0.016466283123008907,0.010719730325470168,0.008400210052155783,13.646690558613045,8.73387446707784,0.0193992516195387,116,False,False,False,False,False,False,False,False,False,False,False,False,False,False,False,False,0,False,
400,217,1,0,0,1,0,0,0,0,1,0,0,0,59,0.271889400921659,124,134,124,0.5714285714285714,10,0.0006526447832584381,0.03425002098083496,0.023160068318247795,True,True,0,31,0,0.09165620803833008,0.000710494795122507,0.002653251247874691,0.01413071621209383,0.013398512724155546,0.008488746650127289,11.266036859364249,9.456702194082936,0.08941920497379062,119,False,False,False,False,False,False,False,False,False,False,False,False,False,False,False,False,0,False,
401,247,1,0,0,1,0,0,0,0,1,0,0,0,65,0.2631578947368421,151,161,151,0.611336032388664,10,0.002601657062768936,0.034074509516358376,0.023298741318285465,True,True,0,0,0,0.07332280278205872,0.00074427943804111,0.002520717451978214,0.027865886688232422,0.011303577900100571,0.005231603862157512,14.766882764553884,10.432850999226503,0.13465761695375758,83,False,False,False,False,False,False,False,False,False,False,False,False,False,False,False,False,0,False,
402,215,1,0,0,1,0,0,0,0,1,0,0,0,72,0.33488372093023255,132,142,132,0.6139534883720931,10,0.0011151954531669617,0.03272579051554203,0.026740023866295815,True,True,0,31,0,0.09252986311912537,0.0009464180955430838,0.0031449623249964146,0.038388967514038086,0.011089433809928372,0.00466230782402748,14.130457252613269,8.750813152139926,0.05817346034560929,1,False,False,False,False,False,False,False,False,False,False,False,False,False,False,False,False,0,False,
403,251,1,0,0,1,0,0,0,0,1,0,0,0,72,0.2868525896414343,159,169,159,0.6334661354581673,10,0.0017734840512275696,0.03511981666088104,0.025573786348104477,True,True,0,1,0,0.07379797101020813,0.0007591665033151555,0.00254721660832651,0.024305343627929688,0.023017776113945284,0.004724804310128938,13.915152463363484,9.244805782969706,0.16501851071624,291,False,False,False,False,False,False,False,False,False,False,False,False,False,False,False,False,0,False,
404,214,1,0,0,1,0,0,0,0,1,0,0,0,64,0.29906542056074764,132,140,132,0.616822429906542,8,0.0010278597474098206,0.03413859196007252,0.022972199134528637,True,True,0,32,0,0.0893283486366272,0.0007518918389433414,0.0027974787703229226,0.011453155719209462,0.01879337794412277,0.0024059128909601863,12.460961793083698,9.558133495869697,0.03850831506303342,198,False,False,False,False,False,False,False,False,False,False,False,False,False,False,False,False,0,False,
405,233,1,0,0,1,0,0,0,0,1,0,0,0,67,0.2875536480686695,141,152,141,0.6051502145922747,11,0.0021142810583114624,0.03414859622716904,0.02281864546239376,True,True,0,1,0,0.07548683881759644,0.0008784478714509745,0.0031491295262211626,0.03221595287322998,0.009643144421196138,0.0047067693561906555,14.97725101665128,9.557634110854451,0.15302894266594155,446,False,False,False,False,False,False,False,False,False,False,False,False,False,False,False,False,0,False,
406,266,1,0,0,1,0,0,0,1,1,0,0,0,72,0.2706766917293233,160,170,160,0.6015037593984962,10,0.0007905177772045135,0.03494670055806637,0.02420302852988243,True,True,0,31,0,0.08412796258926392,0.0006502892528961554,0.0024590362414553014,0.01196587085723877,0.01612414610002538,0.002270394293858407,14.169388749403879,9.92379614823949,0.17593002553152548,379,False,False,False,False,False,True,False,False,False,False,False,False,False,False,False,False,1,False,gripper_twitch
407,244,1,0,0,1,0,0,1,0,1,0,0,0,64,0.26229508196721313,139,150,139,0.569672131147541,11,0.0018937177956104279,0.034906139597296715,0.026967035606503487,True,True,0,0,0,0.07220527529716492,0.0006426844797001783,0.0025568393668579624,0.021559712244197726,0.008572021340639953,0.005532486486289356,13.620973272947595,10.316784581704269,0.03759534928739466,320,False,False,False,False,False,True,False,False,False,False,False,False,False,False,False,False,1,False,gripper_twitch
408,233,1,0,0,1,0,0,0,0,1,0,0,0,67,0.2875536480686695,141,152,141,0.6051502145922747,11,0.0009693987667560577,0.033501092344522476,0.026465597562491894,True,True,0,1,0,0.07864272594451904,0.0008301646251313654,0.002992551908898311,0.03335044253617525,0.010059688038845044,0.005510060515385584,13.904000979906414,9.569235346339156,0.14417246666979008,369,False,False,False,False,False,False,False,False,False,False,False,False,False,False,False,False,0,False,
409,241,1,0,0,1,0,0,0,0,1,0,0,0,80,0.33195020746887965,155,165,155,0.6431535269709544,10,0.003272194415330887,0.03443621098995209,0.02542690560221672,True,True,0,29,0,0.07684328872710466,0.000868200510370467,0.002909473974881935,0.024562716484069824,0.01324970158639613,0.011454497055658203,15.430997285526246,8.75480284832156,0.21243365958511978,45,False,False,False,False,False,False,False,False,False,False,False,False,False,False,False,False,0,False,
410,241,1,0,0,1,0,0,0,0,1,0,0,0,80,0.33195020746887965,155,165,155,0.6431535269709544,10,0.0010135583579540253,0.03406360000371933,0.025939013808965683,True,True,0,29,0,0.06979057192802429,0.0008282185951962433,0.0027033515466568826,0.009690001199487597,0.010357453205003482,0.007932701151774926,13.252831542515196,8.723318355965603,0.06148851177042275,116,False,False,False,False,False,False,False,False,False,False,False,False,False,False,False,False,0,False,
411,215,1,0,0,1,0,0,0,0,1,0,0,0,72,0.33488372093023255,132,142,132,0.6139534883720931,10,0.0021815039217472076,0.03299579583108425,0.026182107627391815,True,True,0,31,0,0.0923033058643341,0.0008988379303172168,0.002868841849975773,0.017138004302978516,0.01046268793777419,0.0028683728216772303,11.980165131870308,8.726956703992983,0.06793514461708111,239,False,False,False,False,False,False,False,False,False,False,False,False,False,False,False,False,0,False,
412,261,1,0,0,1,0,0,0,0,1,0,0,0,77,0.2950191570881226,167,177,167,0.6398467432950191,10,0.0012698676437139511,0.024339497089385986,0.027408167719841003,True,True,0,29,0,0.08274269104003906,0.0007311221322118608,0.0025005201154986675,0.004375260614324361,0.008375658527875428,0.0018492490668199951,12.474320261177127,11.343827342374425,0.03802121980267537,54,False,False,False,False,False,False,False,False,False,False,False,False,False,False,False,False,0,False,
413,256,1,0,0,1,0,0,0,0,1,0,0,0,75,0.29296875,164,176,164,0.640625,12,0.0037940163165330887,0.028250833973288536,0.026490618474781513,True,True,0,0,0,0.08620607852935791,0.0004926170639971602,0.0020100501042357643,0.018506929511204362,0.020042501956158237,0.002262645057483731,13.278740963462042,9.683435174986698,0.05182705943254257,162,False,False,False,False,False,False,False,False,False,False,False,False,False,False,False,False,0,False,
414,256,1,0,0,2,1,0,0,1,1,0,0,0,75,0.29296875,164,176,164,0.640625,12,0.0005510561168193817,0.03395982086658478,0.025550931692123413,True,True,0,0,0,0.08677083253860474,0.0005673655153792636,0.0022226984389733446,0.013088421896100044,0.013958517170412006,0.0038209787775573246,13.799424831333454,9.944289024511818,0.38248078030804705,455,False,False,False,False,False,True,False,False,False,False,False,False,False,False,False,False,1,False,gripper_twitch
415,261,1,0,0,1,0,0,0,0,1,0,0,0,77,0.2950191570881226,167,177,167,0.6398467432950191,10,0.001994997262954712,0.02483353018760681,0.025483950972557068,True,True,0,5,3,0.10919678211212158,0.0015810064483984248,0.004065817322330052,0.03236198425292969,0.008906716860557199,0.0035493198742429684,18.576560384499317,11.326489647144626,0.06121101194722469,488,False,False,False,False,False,False,False,False,False,False,False,False,False,False,False,False,0,False,
416,233,1,0,0,1,0,0,0,1,1,0,0,0,68,0.2918454935622318,141,149,141,0.6051502145922747,8,0.00562465563416481,0.029645653441548347,0.026183529756963253,True,True,0,30,0,0.07255339622497559,0.0006630926358676761,0.00269227508538756,0.016844641650095582,0.0157542857614804,0.005263213942786795,12.868158719851635,10.000226471434871,0.07651186954265693,351,False,False,False,False,False,True,True,False,False,False,False,False,False,False,False,False,2,False,"gripper_twitch,hold_slip"
417,233,1,0,0,1,0,0,0,0,1,0,0,0,68,0.2918454935622318,141,149,141,0.6051502145922747,8,0.0027276352047920227,0.028766600415110588,0.02255726233124733,True,True,0,30,0,0.07270610332489014,0.0006462014903558654,0.0025389036731416252,0.009761835681274533,0.015431684603474074,0.00420008159903321,12.197836057981476,9.867935705267882,0.05972724612951934,206,False,False,False,False,False,False,False,False,False,False,False,False,False,False,False,False,0,False,
418,217,1,0,0,1,0,0,0,0,1,0,0,0,59,0.271889400921659,124,134,124,0.5714285714285714,10,0.0007536374032497406,0.03472457453608513,0.02339755930006504,True,True,0,31,0,0.09151875972747803,0.0007181343388402371,0.002625384204477132,0.008302252274006605,0.013131330801609926,0.00805995829787021,11.028493496589363,9.454489190079585,0.07533116685193132,496,False,False,False,False,False,False,False,False,False,False,False,False,False,False,False,False,0,False,
419,247,2,1,0,1,0,0,0,0,1,1,0,0,65,0.2631578947368421,151,161,151,0.611336032388664,10,0.0024210773408412933,0.027124603278934956,0.023603694513440132,True,True,0,0,0,0.08457958698272705,0.0006898811535402833,0.0026440227152535107,0.027957797050476074,0.012492615327190905,0.007460847360726828,13.309780430048704,11.365999747686146,0.22433316927058886,440,True,False,False,False,False,True,False,False,False,False,False,False,False,False,False,False,2,False,"right_pre_grasp_close,gripper_twitch"
420,217,1,0,0,1,0,0,0,0,1,0,0,0,59,0.271889400921659,124,134,124,0.5714285714285714,10,0.0008489824831485748,0.03425410017371178,0.02303478680551052,True,True,0,32,0,0.09149229526519775,0.0007429854575672967,0.002919074488884403,0.02361429901793599,0.014136124603097655,0.009610863398518993,12.974480941309594,9.482654840126088,0.2656322846675951,264,False,False,False,False,False,False,False,False,False,False,False,False,False,False,False,False,0,False,
421,247,1,0,0,1,0,0,0,0,1,0,0,0,72,0.291497975708502,149,158,149,0.6032388663967612,9,0.004233062267303467,0.03348739445209503,0.024331072345376015,True,True,0,0,0,0.10367104411125183,0.0008381982470707717,0.0027825203608405845,0.04068171977996826,0.013527752597612656,0.011120520018290048,16.35219946829602,10.083676359317906,0.0912440966287182,491,False,False,False,False,False,False,False,False,False,False,False,False,False,False,False,False,0,False,
422,233,1,0,0,1,0,0,1,0,1,0,0,0,67,0.2875536480686695,141,152,141,0.6051502145922747,11,0.0028528328984975815,0.027711007744073868,0.026938376016914845,True,True,0,1,0,0.07076603174209595,0.0008004482856477978,0.0028898193478384035,0.015268813353031874,0.009157410459208728,0.003608546766047877,12.910177134675905,9.462097216340226,0.0834013238814276,132,False,False,False,False,False,True,False,False,False,False,False,False,False,False,False,False,1,False,gripper_twitch
423,233,1,0,0,1,0,0,0,0,1,0,0,0,68,0.2918454935622318,141,149,141,0.6051502145922747,8,0.0026563555002212524,0.028557341545820236,0.022625011391937733,True,True,0,30,0,0.07167959213256836,0.0006667833370378107,0.002560744783780926,0.015230059623718262,0.015222168899265063,0.0033493613921449445,12.592000031494536,9.895479585546127,0.035700843601850454,74,False,False,False,False,False,False,False,False,False,False,False,False,False,False,False,False,0,False,
424,245,1,0,0,1,0,0,0,0,1,0,0,0,75,0.30612244897959184,151,161,151,0.6163265306122448,10,0.0012876074761152267,0.025786293670535088,0.02741088904440403,True,True,0,30,0,0.09630602598190308,0.0007141899098545208,0.002621725510943178,0.01902804709970951,0.012888602434295456,0.0036013304761488337,13.263480752706528,10.163171173175215,0.09627396472238786,214,False,False,False,False,False,False,False,False,False,False,False,False,False,False,False,False,0,False,
425,240,1,0,0,1,0,0,0,0,1,0,0,0,70,0.2916666666666667,141,152,141,0.5875,11,0.007691722363233566,0.024896536953747272,0.02306818589568138,True,True,0,31,0,0.0887191891670227,0.0007808965585025324,0.0027930299258564165,0.011104739853180945,0.010201147823013419,0.004467928992163645,11.370892273727804,11.003100236041064,0.03470571843545133,38,False,False,False,False,False,False,True,False,False,False,False,False,False,False,False,False,1,False,hold_slip
426,266,1,0,0,1,0,0,0,0,1,0,0,0,72,0.2706766917293233,160,170,160,0.6015037593984962,10,0.001359395682811737,0.03545562922954559,0.02474267315119505,True,True,0,31,0,0.08241742849349976,0.0006676100144760935,0.002502519550733077,0.00756547786295414,0.016014919689421172,0.001281573390737282,14.082950871852518,10.02613447542899,0.16397349266480002,436,False,False,False,False,False,False,False,False,False,False,False,False,False,False,False,False,0,False,
427,221,1,0,0,1,0,0,0,0,1,0,0,0,70,0.3167420814479638,132,142,132,0.5972850678733032,10,0.001639336347579956,0.03415785729885101,0.02467086911201477,True,True,0,0,0,0.09877991676330566,0.0008057436908559076,0.002857174500971936,0.027054905891418457,0.008966383696471186,0.0032042268717747202,15.084517567651346,9.293046529537605,0.140592295231011,300,False,False,False,False,False,False,False,False,False,False,False,False,False,False,False,False,0,False,
428,214,1,0,0,1,0,0,0,0,1,0,0,0,64,0.29906542056074764,132,140,132,0.616822429906542,8,0.0017688684165477753,0.034229978919029236,0.02329407725483179,True,True,0,32,0,0.08674216270446777,0.0007336294767192142,0.0027071290668579766,0.005630970001220703,0.018980192760937025,0.0035840032827237278,11.767515247454867,9.555366786094964,0.1270213463845606,386,False,False,False,False,False,False,False,False,False,False,False,False,False,False,False,False,0,False,
429,241,1,0,0,1,0,0,0,3,1,0,0,0,80,0.33195020746887965,155,165,155,0.6431535269709544,10,0.00525774247944355,0.03150959685444832,0.0232857596129179,True,True,0,3,0,0.07330305967479944,0.0008661314168289559,0.0029813196827728375,0.0220314534381032,0.0135275179603348,0.011774725211221596,14.371978223789483,8.942481317884813,0.10699451173242948,45,False,False,False,False,False,True,True,False,False,False,False,False,False,False,False,False,2,False,"gripper_twitch,hold_slip"
430,214,1,0,0,1,0,0,0,0,1,0,0,0,64,0.29906542056074764,132,140,132,0.616822429906542,8,0.0015003606677055359,0.035240111872553825,0.023128947243094444,True,True,0,32,0,0.08710885047912598,0.0008050131527422824,0.0028600445559261727,0.014135479927062988,0.0189215609150892,0.00325914273526343,12.955703747516964,9.543982741775835,0.1266710448236643,198,False,False,False,False,False,False,False,False,False,False,False,False,False,False,False,False,0,False,
431,246,1,0,0,1,0,0,0,0,1,0,0,0,80,0.3252032520325203,155,167,155,0.6300813008130082,12,0.00632801279425621,0.02708425559103489,0.02740521728992462,True,True,0,32,0,0.07361447811126709,0.000558338054837145,0.00203443704644695,0.010696887969970703,0.019388994470956534,0.017865546193457114,9.913901031948626,8.812223882408944,0.03474904883149046,468,False,False,False,False,False,False,True,False,False,False,False,False,False,False,False,False,1,False,hold_slip
432,253,1,0,0,1,0,0,0,0,1,0,0,0,69,0.2727272727272727,151,162,151,0.5968379446640316,11,0.000173911452293396,0.03419359028339386,0.02359518874436617,True,True,0,2,0,0.0806989073753357,0.0008038927144387133,0.002682998042986636,0.015527724055573344,0.022478879082700187,0.0072624368384083,13.682774850167334,10.833317447337322,0.1350099536826312,489,False,False,False,False,False,False,False,False,False,False,False,False,False,False,False,False,0,False,
433,242,1,0,0,1,0,0,0,0,1,0,0,0,71,0.29338842975206614,145,158,145,0.5991735537190083,13,0.006995640695095062,0.032530445605516434,0.02595421113073826,True,True,0,32,0,0.08107563853263855,0.0006585680506884287,0.0024757718813125996,0.011146187782287598,0.02321354932337795,0.014167518363456654,12.47569738945458,9.480980011350766,0.10593007768202932,481,False,False,False,False,False,False,True,False,False,False,False,False,False,False,False,False,1,False,hold_slip
434,242,1,0,0,1,0,0,0,0,1,0,0,0,71,0.29338842975206614,145,158,145,0.5991735537190083,13,0.0038196295499801636,0.030441688373684883,0.02630605921149254,True,True,0,32,0,0.08570829033851624,0.0006254619610964272,0.0023362677756782247,0.006898935418576002,0.021704259549918566,0.012170303321412439,11.632219144143164,9.642420009506168,0.05339237917257642,59,False,False,False,False,False,False,False,False,False,False,False,False,False,False,False,False,0,False,
435,244,1,0,0,1,0,0,0,0,1,0,0,0,78,0.319672131147541,153,165,153,0.6270491803278688,12,0.0013150833547115326,0.03430555760860443,0.02271450310945511,True,True,0,32,0,0.09119486808776855,0.0006026062745621038,0.0023029262486033986,0.014413008459086996,0.0191937070183999,0.0037339199754690524,12.834032508886594,9.77729112398174,0.06303951778830616,33,False,False,False,False,False,False,False,False,False,False,False,False,False,False,False,False,0,False,
436,266,1,0,0,1,0,0,0,1,1,0,0,0,72,0.2706766917293233,160,170,160,0.6015037593984962,10,0.0006901659071445465,0.03513144329190254,0.025385658256709576,True,True,0,31,0,0.08404797315597534,0.0006507949359931028,0.002481321299504179,0.010147718712687492,0.016121301169207333,0.002249695331710855,14.16350827421411,9.916113714749372,0.11339872940336483,18,False,False,False,False,False,True,False,False,False,False,False,False,False,False,False,False,1,False,gripper_twitch
437,230,1,0,0,1,0,0,0,0,1,0,0,0,67,0.29130434782608694,141,151,141,0.6130434782608696,10,0.0007843095809221268,0.0274061756208539,0.026406098157167435,True,True,0,31,0,0.07265453040599823,0.0006582442321990187,0.002405881256746186,0.010059914086014032,0.010644853300481549,0.006644883393332433,10.761126729950774,9.673973928642226,0.10088095626473534,73,False,False,False,False,False,False,False,False,False,False,False,False,False,False,False,False,0,False,
438,240,1,0,0,2,1,0,0,0,1,0,0,0,76,0.31666666666666665,149,159,149,0.6208333333333333,10,0.0005519390106201172,0.03385882452130318,0.02676868997514248,True,True,0,32,0,0.08442509174346924,0.0005920479963714379,0.0022194396103781457,0.006882905960083008,0.014532076252807384,0.01076836279402837,11.162808254361153,9.686302688867727,0.06682673404007741,451,False,False,False,False,False,True,False,False,False,False,False,False,False,False,False,False,1,False,gripper_twitch
439,244,1,0,0,1,0,0,1,0,1,0,0,0,64,0.26229508196721313,139,150,139,0.569672131147541,11,0.0015077851712703705,0.03403954766690731,0.02690581977367401,True,True,0,0,0,0.10521671175956726,0.0010550769171170163,0.0034057005840220397,0.04434370994567871,0.009183628720291888,0.006439556920220334,17.132854963070713,10.35130322952682,0.07809026754127758,249,False,False,False,False,False,True,False,False,False,False,False,False,False,False,False,False,1,False,gripper_twitch
440,247,1,0,0,1,0,0,0,0,1,0,0,0,65,0.2631578947368421,151,161,151,0.611336032388664,10,0.0034997165203094482,0.03020357619971037,0.022927485406398773,True,True,0,0,0,0.06888425350189209,0.0005945988322157605,0.0024178467321012078,0.03016310161910951,0.012914945667032874,0.008148236456164512,13.62371817426174,10.52133739864803,0.02935663650645859,82,False,False,False,False,False,False,False,False,False,False,False,False,False,False,False,False,0,False,
441,240,1,0,0,2,1,0,0,0,1,0,0,0,76,0.31666666666666665,149,159,149,0.6208333333333333,10,0.0011474750936031342,0.03376808390021324,0.025908343493938446,True,True,0,32,0,0.08446300029754639,0.0006869000660756092,0.002508218493267987,0.009658296592533588,0.014957603466582184,0.011336061860713249,11.765632963273674,9.843623611224757,0.12380124105584829,490,False,False,False,False,False,True,False,False,False,False,False,False,False,False,False,False,1,False,gripper_twitch
442,247,1,0,0,1,0,0,0,0,1,0,0,0,65,0.2631578947368421,151,161,151,0.611336032388664,10,0.002505127340555191,0.03416677750647068,0.02289908565580845,True,True,0,0,0,0.06831306219100952,0.0005636240038912094,0.002271233101667968,0.008845665724948049,0.011198144163516386,0.004999636833816362,12.1678432864137,10.413981155812507,0.10003702372697003,485,False,False,False,False,False,False,False,False,False,False,False,False,False,False,False,False,0,False,
443,233,1,0,0,1,0,0,0,0,1,0,0,0,67,0.2875536480686695,141,152,141,0.6051502145922747,11,0.001955505460500717,0.03378437086939812,0.022991010919213295,True,True,0,1,0,0.07690504193305969,0.0008415891622118605,0.0028679428320469266,0.014041762100532651,0.008840786706848144,0.0027073739096148556,12.098997321620118,9.539966411619389,0.0986878230667228,367,False,False,False,False,False,False,False,False,False,False,False,False,False,False,False,False,0,False,
444,253,1,0,0,1,0,0,0,0,1,0,0,0,69,0.2727272727272727,151,162,151,0.5968379446640316,11,0.006923850625753403,0.03137493506073952,0.024861730635166168,True,True,0,2,0,0.07535436749458313,0.0008303154306966433,0.002845161328600893,0.01846939418464899,0.022588661641197955,0.0075954340730297765,14.4900164057035,10.92200137861073,0.12247811792768895,498,False,False,False,False,False,False,True,False,False,False,False,False,False,False,False,False,1,False,hold_slip
445,241,2,0,0,1,0,0,0,0,2,0,0,0,45,0.18672199170124482,155,165,155,0.6431535269709544,10,0.002552056685090065,0.027745593339204788,0.023277271538972855,True,True,0,29,0,0.07139712013304234,0.00088284872990191,0.0030447236523293278,0.027804970741271973,0.012802015870705633,0.010933527426516829,14.320286074653268,8.850068240375549,0.13041304968474324,354,False,True,False,False,False,False,False,False,False,True,False,False,False,False,False,False,2,True,"right_regrasp,timing_outlier"
446,233,1,0,0,1,0,0,0,0,1,0,0,0,67,0.2875536480686695,141,152,141,0.6051502145922747,11,0.0008030608296394348,0.033749353140592575,0.02660312131047249,True,True,0,1,0,0.09307059645652771,0.0010179458902966128,0.003369280409956367,0.037482500076293945,0.009960037129357488,0.005325953723278953,16.677208714885637,9.576492944791426,0.15302894266594155,405,False,False,False,False,False,False,False,False,False,False,False,False,False,False,False,False,0,False,
447,233,1,0,0,1,0,0,0,0,1,0,0,0,68,0.2918454935622318,141,149,141,0.6051502145922747,8,0.0027179233729839325,0.028316304087638855,0.024098318070173264,True,True,0,30,0,0.07147049903869629,0.0006565449078927705,0.0024669058826558335,0.002655625343322754,0.01508119968619816,0.0026355985491766636,11.656165921798674,9.882912322180346,0.026852667081277273,331,False,False,False,False,False,False,False,False,False,False,False,False,False,False,False,False,0,False,
448,242,2,0,0,1,0,0,0,0,2,0,0,0,43,0.17768595041322313,145,158,145,0.5991735537190083,13,0.0033869408071041107,0.0254012793302536,0.026521293446421623,True,True,0,3,0,0.08800774812698364,0.0007157525023886574,0.0028028738954496138,0.0361403226852417,0.02189282799616504,0.012503640882497308,14.083088492625393,9.817664800604689,0.10752885389760662,395,False,True,False,False,False,False,False,False,False,True,False,False,False,False,False,False,2,True,"right_regrasp,timing_outlier"
449,246,1,0,0,1,0,0,0,0,1,0,0,0,80,0.3252032520325203,155,167,155,0.6300813008130082,12,0.0011758189648389816,0.028611578047275543,0.02743949182331562,True,True,0,32,0,0.07263064384460449,0.0006387792411173022,0.0022848220177695004,0.03196990489959717,0.020838236181301713,0.019428760159708562,12.278413258114597,8.727430054446813,0.07613015528645385,87,False,False,False,False,False,False,False,False,False,False,False,False,False,False,False,False,0,False,
450,231,1,0,0,1,0,0,0,0,1,0,0,0,68,0.2943722943722944,141,152,141,0.6103896103896104,11,0.001279737800359726,0.03532018885016441,0.02718486823141575,True,True,0,33,0,0.07917571067810059,0.0006107819380221352,0.0023171831920281417,0.014878988265991211,0.01114703428674471,0.007213873130673043,11.990536830591736,8.447068272806064,0.07085091731898803,252,False,False,False,False,False,False,False,False,False,False,False,False,False,False,False,False,0,False,
451,240,1,0,0,1,0,0,0,0,1,0,0,0,76,0.31666666666666665,149,159,149,0.6208333333333333,10,0.0014110580086708069,0.034026991575956345,0.027034923434257507,True,True,0,32,0,0.08444297313690186,0.000601395537451105,0.0022267147766946915,0.005801200866699219,0.013907457098901609,0.009909356529840723,11.113008834654465,9.677358115735842,0.06682673404007741,438,False,False,False,False,False,False,False,False,False,False,False,False,False,False,False,False,0,False,
452,230,1,0,0,1,0,0,0,0,1,0,0,0,67,0.29130434782608694,141,151,141,0.6130434782608696,10,0.0008239485323429108,0.027724076993763447,0.026749592274427414,True,True,0,31,0,0.07436539232730865,0.0006500276664553603,0.002315255172413792,0.002997756004333496,0.009870052000254736,0.005315911113575533,10.256744706304744,9.706729876226746,0.03883283254465296,147,False,False,False,False,False,False,False,False,False,False,False,False,False,False,False,False,0,False,
453,257,1,0,0,1,0,0,0,0,1,0,0,0,86,0.3346303501945525,164,174,164,0.6381322957198443,10,0.0010967664420604706,0.03356416895985603,0.022544514387845993,True,True,0,31,0,0.07297521829605103,0.0006515356290648685,0.002267324585616848,0.025649428367614746,0.018831141487213245,0.007219768288777369,12.842020260053687,9.514791279547353,0.08302490950931826,338,False,False,False,False,False,False,False,False,False,False,False,False,False,False,False,False,0,False,
454,256,1,0,0,1,0,0,0,0,1,0,0,0,75,0.29296875,164,176,164,0.640625,12,0.002332093194127083,0.029693111777305603,0.026483855210244656,True,True,0,0,0,0.08637762069702148,0.0004856533834168343,0.0019251722256515913,0.007964185439050198,0.019951462489421194,0.0012159496125785272,12.477409993429319,9.727158130031057,0.03694421902798956,304,False,False,False,False,False,False,False,False,False,False,False,False,False,False,False,False,0,False,
455,256,1,0,0,1,0,0,0,0,1,0,0,0,75,0.29296875,164,176,164,0.640625,12,0.0009028352797031403,0.0351567342877388,0.027366009540855885,True,True,0,0,0,0.08655905723571777,0.0005373176454830158,0.0021055340095363522,0.01003563404083252,0.020159924304841956,0.0031339871510326148,13.221493782883044,9.756775448935514,0.13754888270325985,81,False,False,False,False,False,False,False,False,False,False,False,False,False,False,False,False,0,False,
456,256,2,0,0,1,0,0,0,0,2,0,0,0,39,0.15234375,164,176,164,0.640625,12,0.0009064041078090668,0.025454236194491386,0.02307367231696844,True,True,0,0,0,0.08667272329330444,0.0006046337796835258,0.0024856631794791667,0.04010331630706787,0.020669724552814697,0.005535055607228419,16.009300170000643,9.88399859036872,0.39870725553214753,256,False,True,False,False,False,False,False,False,False,True,False,False,False,False,False,False,2,True,"right_regrasp,timing_outlier"
457,214,1,0,0,1,0,0,0,1,1,0,0,0,64,0.29906542056074764,132,140,132,0.616822429906542,8,0.005736382678151131,0.0303310789167881,0.025087044574320316,True,True,0,2,0,0.08523523807525635,0.0007567883001107549,0.0029321210683702433,0.01555168628692627,0.019298407496713306,0.0050025069529776355,12.433842305094004,9.473225245139474,0.08154782000526276,17,False,False,False,False,False,True,True,False,False,False,False,False,False,False,False,False,2,False,"gripper_twitch,hold_slip"
458,253,1,0,0,1,0,0,0,0,1,0,0,0,69,0.2727272727272727,151,162,151,0.5968379446640316,11,0.001588180661201477,0.03542127087712288,0.0235975980758667,True,True,0,2,0,0.09298723936080933,0.0009909142672217366,0.0029152730438452394,0.034242868423461914,0.022465623630913284,0.007221303839547479,15.883122389059281,10.83549191977363,0.10901294000496523,117,False,False,False,False,False,False,False,False,False,False,False,False,False,False,False,False,0,False,
459,240,1,0,0,1,0,0,0,0,1,0,0,0,76,0.31666666666666665,149,159,149,0.6208333333333333,10,0.008307725191116333,0.033113762736320496,0.026710420846939087,True,True,0,32,0,0.0866883397102356,0.0007094931102882988,0.0027382812343376274,0.021427035331726074,0.013934491993727108,0.009947183730566708,12.530274330230895,10.248600429818907,0.13003669063993398,257,False,False,False,False,False,False,True,False,False,False,False,False,False,False,False,False,1,False,hold_slip
460,251,1,0,0,1,0,0,0,0,1,0,0,0,74,0.2948207171314741,154,164,154,0.6135458167330677,10,0.0016489773988723755,0.03497897647321224,0.02621825411915779,True,True,0,0,0,0.0666644424200058,0.000576998527229964,0.002548172253602648,0.030297517776489258,0.006887061382152473,0.005722608777411726,14.925749274436384,12.029054153939796,0.15642321598318307,159,False,False,False,False,False,False,False,False,False,False,False,False,False,False,False,False,0,False,
461,247,1,0,0,1,0,0,0,1,1,0,0,0,65,0.2631578947368421,151,161,151,0.611336032388664,10,0.001904413104057312,0.03495277278125286,0.024495991878211498,True,True,0,0,0,0.06701022386550903,0.0006463571115657383,0.0026225640125631944,0.020334229338914156,0.011589762185709581,0.00582420751246065,13.937726853881031,10.364340310225089,0.3396454722190303,205,False,False,False,False,False,True,False,False,False,False,False,False,False,False,False,False,1,False,gripper_twitch
462,246,1,0,0,1,0,0,0,0,1,0,0,0,80,0.3252032520325203,155,167,155,0.6300813008130082,12,0.0015848930925130844,0.028426513075828552,0.027342362329363823,True,True,0,32,0,0.07187971472740173,0.0006454334068568392,0.00237696941144648,0.029430866241455078,0.02281425298881429,0.02153453870148596,13.040152337634936,8.736176261327273,0.12983216490578203,218,False,False,False,False,False,False,False,False,False,False,False,False,False,False,False,False,0,False,
463,240,1,0,0,2,1,0,0,0,1,0,0,0,76,0.31666666666666665,149,159,149,0.6208333333333333,10,0.0012390278279781342,0.0337962806224823,0.02698107808828354,True,True,0,32,0,0.08454036712646484,0.0006757621993201572,0.0025903665465410214,0.01795494556427002,0.015800185550034988,0.012426675358354724,12.836227974505164,9.849231650201546,0.2361703608165998,483,False,False,False,False,False,True,False,False,False,False,False,False,False,False,False,False,1,False,gripper_twitch
464,253,1,0,0,1,0,0,0,0,1,0,0,0,69,0.2727272727272727,151,162,151,0.5968379446640316,11,0.0002005249261856079,0.033827099949121475,0.023721697740256786,True,True,0,1,0,0.07875524461269379,0.0008228290822618521,0.0028437321154549766,0.02546095778234303,0.022844402021312073,0.008325244004144326,15.195795993786305,10.720485350931995,0.07392225326054715,205,False,False,False,False,False,False,False,False,False,False,False,False,False,False,False,False,0,False,
465,214,1,0,0,1,0,0,0,0,1,0,0,0,64,0.29906542056074764,132,140,132,0.616822429906542,8,0.0016979444772005081,0.02640621829777956,0.024337024427950382,True,True,0,32,0,0.08530271053314209,0.000768982152658698,0.003047176114935855,0.027399897575378418,0.01971817850522741,0.006434524649840228,13.368580128531903,9.474098908602173,0.09728632489308806,17,False,False,False,False,False,False,False,False,False,False,False,False,False,False,False,False,0,False,
466,251,1,0,0,1,0,0,1,0,1,0,0,0,74,0.2948207171314741,154,164,154,0.6135458167330677,10,0.0038336962461471558,0.03439938835799694,0.023017583414912224,True,True,0,0,0,0.07547473907470703,0.0007691540600965156,0.0027579033621303616,0.012370109558105469,0.005079366365292436,0.003334156476627617,14.536774000618607,12.656079513715667,0.12205696552978179,253,False,False,False,False,False,True,False,False,False,False,False,False,False,False,False,False,1,False,gripper_twitch
467,215,1,0,0,2,1,0,0,0,1,0,0,0,72,0.33488372093023255,132,142,132,0.6139534883720931,10,0.002010773867368698,0.03549874387681484,0.023099903017282486,True,True,0,31,0,0.09390407800674438,0.001007718649487072,0.0033325370726793903,0.03638255596160889,0.011183974236087028,0.004882725004989481,14.782663610531017,8.856281203859908,0.05197808900765022,281,False,False,False,False,False,True,False,False,False,False,False,False,False,False,False,False,1,False,gripper_twitch
468,246,1,0,0,1,0,0,0,0,1,0,0,0,80,0.3252032520325203,155,167,155,0.6300813008130082,12,0.006792737171053886,0.02710067480802536,0.027376336976885796,True,True,0,32,0,0.0715833306312561,0.0005811838349939779,0.002087772372906581,0.011435866355895996,0.01966650854459117,0.018166391385816067,10.009503469453193,8.688810415680564,0.03474904883149046,431,False,False,False,False,False,False,True,False,False,False,False,False,False,False,False,False,1,False,hold_slip
469,253,1,0,0,1,0,0,0,0,1,0,0,0,69,0.2727272727272727,151,162,151,0.5968379446640316,11,0.0009326077997684479,0.03479615971446037,0.023729299195110798,True,True,0,2,0,0.0806756466627121,0.0007774420462539668,0.002514968999314136,0.007010657340288162,0.022245423118853476,0.006503985989686213,12.542495270026848,10.840018058544956,0.04675575660412642,27,False,False,False,False,False,False,False,False,False,False,False,False,False,False,False,False,0,False,
470,257,1,0,0,1,0,0,1,0,1,0,0,0,86,0.3346303501945525,164,174,164,0.6381322957198443,10,0.0014828257262706757,0.03389614634215832,0.02261238731443882,True,True,0,31,0,0.07254073023796082,0.0006391009495230023,0.002184756268310701,0.008037338498979807,0.018643831857132576,0.006715390053744009,11.971989018726163,9.51264950332552,0.025003251262651103,67,False,False,False,False,False,True,False,False,False,False,False,False,False,False,False,False,1,False,gripper_twitch
471,244,1,0,0,1,0,0,1,0,1,0,0,0,64,0.26229508196721313,139,150,139,0.569672131147541,11,0.0019551627337932587,0.03463362343609333,0.026284383609890938,True,True,0,0,0,0.10466736555099487,0.0009574326032632466,0.0032768787965944124,0.040154337882995605,0.008991381316672323,0.006162265618114424,17.383397071622312,10.300268859760763,0.026979596609869937,251,False,False,False,False,False,True,False,False,False,False,False,False,False,False,False,False,1,False,gripper_twitch
472,239,1,0,0,1,0,0,0,0,1,0,0,0,66,0.27615062761506276,138,148,138,0.5774058577405857,10,0.001321982592344284,0.034221889451146126,0.02420901693403721,True,True,0,0,0,0.07553446292877197,0.0006470990360179715,0.0024933555304623442,0.01357609685510397,0.015754573054978117,0.014322427512754901,13.533676252700388,9.620164941956318,0.03873919925533487,2,False,False,False,False,False,False,False,False,False,False,False,False,False,False,False,False,0,False,
473,256,1,0,0,1,0,0,0,0,1,0,0,0,75,0.29296875,164,176,164,0.640625,12,0.0017085075378417969,0.02627592161297798,0.02676417212933302,True,True,0,0,0,0.08621865510940552,0.0004835885940527338,0.0019522874401899147,0.01403045654296875,0.020066361719420556,0.0024650660535116466,12.863081145565957,9.692674319609978,0.09859131627804807,78,False,False,False,False,False,False,False,False,False,False,False,False,False,False,False,False,0,False,
474,256,1,0,0,1,0,0,0,0,1,0,0,0,75,0.29296875,164,176,164,0.640625,12,0.000733574852347374,0.023812860250473022,0.02716157492250204,True,True,0,0,0,0.0846325159072876,0.0005770308289493335,0.0023778651780129983,0.03217911720275879,0.02058550140002545,0.005213496512322478,15.175039677880704,10.03448715689683,0.08463833136031429,223,False,False,False,False,False,False,False,False,False,False,False,False,False,False,False,False,0,False,
475,240,1,0,0,1,0,0,0,0,1,0,0,0,70,0.2916666666666667,141,152,141,0.5875,11,0.006825439631938934,0.0278455326333642,0.024585774168372154,True,True,0,31,0,0.08902832865715027,0.0007879366724630237,0.0027898226750308437,0.017019271850585938,0.014937135600056339,0.011790530612418372,11.662804684368894,11.039783412225006,0.04385710395487766,343,False,False,False,False,False,False,True,False,False,False,False,False,False,False,False,False,1,False,hold_slip
476,247,1,0,0,2,1,0,0,0,1,0,0,0,72,0.291497975708502,149,158,149,0.6032388663967612,9,0.002728864550590515,0.03612660802900791,0.02555454894900322,True,True,0,0,0,0.07538938522338867,0.0006079498870213227,0.0024903911582520085,0.024192333221435547,0.03236016643253577,0.009619131388195768,14.415635547135025,10.184922153450316,0.06443586667184853,393,False,False,False,False,False,True,False,False,False,False,False,False,False,False,False,False,1,False,gripper_twitch
477,261,1,0,0,1,0,0,0,0,1,0,0,0,77,0.2950191570881226,167,177,167,0.6398467432950191,10,0.008533211424946785,0.024380944669246674,0.026356649585068226,True,True,0,29,0,0.10980725288391113,0.0016824974787500702,0.004195603661628661,0.03831017017364502,0.00941678935552118,0.00468454139241953,18.41634362986224,11.500263845191512,0.08293736066034357,373,False,False,False,False,False,False,True,False,False,False,False,False,False,False,False,False,1,False,hold_slip
478,241,1,0,0,1,0,0,0,0,1,0,0,0,80,0.33195020746887965,155,165,155,0.6431535269709544,10,0.0072486307471990585,0.025544345378875732,0.023116877302527428,True,True,0,29,0,0.07479377090930939,0.0009584968626134253,0.0032222975442910713,0.022825472406111658,0.010813692701390874,0.008519762993928356,15.627146101309336,8.824038341270352,0.2715388656215324,318,False,False,False,False,False,False,True,False,False,False,False,False,False,False,False,False,1,False,hold_slip
479,230,1,0,0,1,0,0,0,0,1,0,0,0,67,0.29130434782608694,141,151,141,0.6130434782608696,10,0.0010880529880523682,0.026950658299028873,0.026635905727744102,True,True,0,31,0,0.07687775790691376,0.0006670868726600242,0.0024803361708094682,0.013724216725677252,0.010965531449273704,0.007147338909497917,10.779984646709636,9.757361073541688,0.11307351875699354,437,False,False,False,False,False,False,False,False,False,False,False,False,False,False,False,False,0,False,
480,251,1,0,0,1,0,0,0,0,1,0,0,0,74,0.2948207171314741,154,164,154,0.6135458167330677,10,0.0021103136241436005,0.03457759507000446,0.02535109966993332,True,True,0,0,0,0.06534570455551147,0.0005370789993939791,0.00233939204845618,0.005604315083473921,0.006203578645687791,0.00487862939266833,12.935280897188932,12.045200064309029,0.08042177590078334,339,False,False,False,False,False,False,False,False,False,False,False,False,False,False,False,False,0,False,
481,242,1,0,0,1,0,0,0,0,1,0,0,0,71,0.29338842975206614,145,158,145,0.5991735537190083,13,0.005336100235581398,0.03227643296122551,0.026318535208702087,True,True,0,3,0,0.08678534626960754,0.0006306927520700376,0.0023405347200455497,0.00959932804107666,0.02247136756742284,0.013491014713468127,11.902743348036893,9.686862679358455,0.05774192893119299,168,False,False,False,False,False,False,True,False,False,False,False,False,False,False,False,False,1,False,hold_slip
482,214,1,0,0,1,0,0,0,0,1,0,0,0,64,0.29906542056074764,132,140,132,0.616822429906542,8,0.000834781676530838,0.03391192480921745,0.02289951965212822,True,True,0,32,0,0.09011858701705933,0.0007468746335386249,0.002823715100277261,0.01113508315756917,0.018852941989898904,0.0028337193897565887,12.538510519312695,9.502773974290449,0.13420551493996372,404,False,False,False,False,False,False,False,False,False,False,False,False,False,False,False,False,0,False,
483,240,1,0,0,2,1,0,0,0,1,0,0,0,76,0.31666666666666665,149,159,149,0.6208333333333333,10,0.0006010085344314575,0.03456001356244087,0.0263693667948246,True,True,0,32,0,0.08463585376739502,0.0007253180945104618,0.0026369551478372115,0.018402532674372196,0.015940781899696544,0.012604956351376194,12.833908713189885,9.848820859529951,0.06394555558791615,65,False,False,False,False,False,True,False,False,False,False,False,False,False,False,False,False,1,False,gripper_twitch
484,247,1,0,0,1,0,0,0,0,1,0,0,0,72,0.291497975708502,149,158,149,0.6032388663967612,9,0.0031592603772878647,0.02772818598896265,0.026766257360577583,True,True,0,0,0,0.07482576370239258,0.0005048127527494343,0.0021107269878931152,0.03205299377441406,0.014052439405607691,0.011753166738511353,13.694453647709452,9.802191973365552,0.04277605098225057,374,False,False,False,False,False,False,False,False,False,False,False,False,False,False,False,False,0,False,
485,247,1,0,0,1,0,0,0,0,1,0,0,0,65,0.2631578947368421,151,161,151,0.611336032388664,10,0.002453744411468506,0.03419836238026619,0.0230734720826149,True,True,0,0,0,0.0683397650718689,0.0005636230663678263,0.00229741203723227,0.010806580539792776,0.011168755891371384,0.004933461657315297,12.244419996626675,10.414622934389627,0.10003702372697003,442,False,False,False,False,False,False,False,False,False,False,False,False,False,False,False,False,0,False,
486,244,1,0,0,1,0,0,1,0,1,0,0,0,64,0.26229508196721313,139,150,139,0.569672131147541,11,0.001944068819284439,0.03433255851268768,0.027343783527612686,True,True,0,0,0,0.07220512628555298,0.0006519802004035234,0.0024762740247017815,0.010647433577105403,0.007320125001836471,0.003273042866951548,13.02181206268142,10.351813799283264,0.17466055211869394,336,False,False,False,False,False,True,False,False,False,False,False,False,False,False,False,False,1,False,gripper_twitch
487,274,1,0,0,1,0,0,0,0,1,0,0,0,80,0.291970802919708,182,191,182,0.6642335766423357,9,0.0007873289287090302,0.034456830471754074,0.0280466852709651,True,True,0,0,0,0.06704699993133545,0.0004976956752533354,0.001976996645900804,0.00803446676582098,0.019113855462883123,0.002463586951048869,12.473314149290673,11.91975766044925,0.4340012775523078,337,False,False,False,False,False,False,False,False,False,False,False,False,False,False,False,False,0,False,
488,261,1,0,0,1,0,0,0,1,1,0,0,0,77,0.2950191570881226,167,177,167,0.6398467432950191,10,0.006566790863871574,0.024955064058303833,0.027474643662571907,True,True,0,29,0,0.11021643877029419,0.0016687705623209567,0.0041555247499717105,0.03692662715911865,0.00908986919785769,0.003986819324373368,18.72383225656904,11.38174269265437,0.030106087910134378,373,False,False,False,False,False,True,True,False,False,False,False,False,False,False,False,False,2,False,"gripper_twitch,hold_slip"
489,253,1,0,0,1,0,0,0,0,1,0,0,0,69,0.2727272727272727,151,162,151,0.5968379446640316,11,0.000817030668258667,0.03409843519330025,0.024051837623119354,True,True,0,2,0,0.07511849701404572,0.0008356946912180095,0.002799677465664619,0.021371006965637207,0.022551179211863778,0.007483225765858662,14.215431647840887,10.709937317005824,0.11650170838318476,368,False,False,False,False,False,False,False,False,False,False,False,False,False,False,False,False,0,False,
490,240,1,0,0,1,0,0,0,1,1,0,0,0,76,0.31666666666666665,149,159,149,0.6208333333333333,10,0.0008567348122596741,0.034671150147914886,0.027035363018512726,True,True,0,32,0,0.08441770076751709,0.000614930726164892,0.002320908335498035,0.010798376984894276,0.015029897994146184,0.011431282988398354,11.868470889225136,9.811150491783337,0.09271999017672802,9,False,False,False,False,False,True,False,False,False,False,False,False,False,False,False,False,1,False,gripper_twitch
491,247,1,0,0,1,0,0,0,0,1,0,0,0,72,0.291497975708502,149,158,149,0.6032388663967612,9,0.001373307779431343,0.028579925186932087,0.02640947327017784,True,True,0,0,0,0.07388436794281006,0.0006273377006791896,0.002392036428564657,0.03492891788482666,0.013068488048681097,0.010557047646643185,14.801354985218495,9.943638990800537,0.07312718562505445,376,False,False,False,False,False,False,False,False,False,False,False,False,False,False,False,False,0,False,
492,261,1,0,0,1,0,0,0,0,1,0,0,0,77,0.2950191570881226,167,177,167,0.6398467432950191,10,0.0010263193398714066,0.02445231471210718,0.027195699512958527,True,True,0,29,0,0.08345186710357666,0.000755585705298433,0.0026612939892224807,0.018211841583251953,0.00905751462080162,0.003912369798676671,14.03796555561712,11.393151450196456,0.05937480462104421,193,False,False,False,False,False,False,False,False,False,False,False,False,False,False,False,False,0,False,
493,253,1,0,0,1,0,0,0,0,1,0,0,0,69,0.2727272727272727,151,162,151,0.5968379446640316,11,0.0013906694948673248,0.03516719117760658,0.023767284117639065,True,True,0,2,0,0.08109909296035767,0.0009108495212401961,0.0028657042784702175,0.03446757793426514,0.022522923393108817,0.007397542237567359,15.653750067736837,10.827230817551026,0.020567881284471064,350,False,False,False,False,False,False,False,False,False,False,False,False,False,False,False,False,0,False,
494,233,1,0,0,1,0,0,0,0,1,0,0,0,68,0.2918454935622318,141,149,141,0.6051502145922747,8,0.001555800437927246,0.02999141812324524,0.02295196894556284,True,True,0,30,0,0.07279729843139648,0.0007320912708944283,0.0029033631883902417,0.01806330680847168,0.01592426119375763,0.005752033579913617,13.707065700087696,9.914792037838197,0.20420334400834908,49,False,False,False,False,False,False,False,False,False,False,False,False,False,False,False,False,0,False,
495,246,1,0,0,1,0,0,0,0,1,0,0,0,80,0.3252032520325203,155,167,155,0.6300813008130082,12,0.00568285770714283,0.027674496173858643,0.027263224124908447,True,True,0,4,3,0.07366901636123657,0.0005852447580495901,0.002122271663319478,0.015356779098510742,0.019630789646378415,0.018127673219035165,10.363868989166804,8.806715173874181,0.050797700445734256,431,False,False,False,False,False,False,True,False,False,False,False,False,False,False,False,False,1,False,hold_slip
496,217,1,0,0,1,0,0,0,0,1,0,0,0,59,0.271889400921659,124,134,124,0.5714285714285714,10,0.0006915368139743805,0.03467436507344246,0.02324432134628296,True,True,0,31,0,0.09114551544189453,0.0007195658224081661,0.0026903182728370027,0.010785682126879692,0.013239678206956993,0.008235299518892387,11.502941314118289,9.481494871847644,0.07533116685193132,418,False,False,False,False,False,False,False,False,False,False,False,False,False,False,False,False,0,False,
497,230,1,0,0,1,0,0,0,0,1,0,0,0,67,0.29130434782608694,141,152,141,0.6130434782608696,11,0.014165811240673065,0.02631620317697525,0.0253978930413723,True,True,0,31,0,0.07385407388210297,0.0006822471599448178,0.002598419630947884,0.011787652969360352,0.00906913402013339,0.0036180348747412777,11.76580633991398,9.703169659129344,0.11914227907904729,48,False,False,False,False,False,False,True,False,False,False,False,False,False,False,False,False,1,False,hold_slip
498,253,1,0,0,1,0,0,0,1,1,0,0,0,69,0.2727272727272727,151,162,151,0.5968379446640316,11,0.002438437193632126,0.033318743109703064,0.023978698067367077,True,True,0,2,0,0.07541483640670776,0.0008378319936488592,0.002936603897614265,0.024100422859191895,0.022649660196349158,0.0077749656608435995,15.016334171872586,10.828947136622446,0.12247811792768895,444,False,False,False,False,False,True,False,False,False,False,False,False,False,False,False,False,1,False,gripper_twitch
499,261,1,0,0,1,0,0,0,0,1,0,0,0,77,0.2950191570881226,167,177,167,0.6398467432950191,10,0.0007672831416130066,0.025070403702557087,0.026066970080137253,True,True,0,29,0,0.08104956150054932,0.0007565536995895374,0.002513198875869051,0.0026490231975913048,0.008503575064524238,0.002361960036402104,12.33702949839062,11.271631479023199,0.060465492013701744,54,False,False,False,False,False,False,False,False,False,False,False,False,False,False,False,False,0,False,
