episode_index,length,right_closes,right_blips,right_empty_closes,left_closes,left_blips,left_empty_closes,right_twitches,left_twitches,right_holds,right_pre_closes,right_post_closes,left_early_closes,grasp_frame,grasp_t,left_grasp_frame,right_release_frame,handover_frame,handover_t,handover_overlap,hold_drift,right_hold_value,left_hold_value,left_holds_at_end,right_open_at_end,lead_idle,trail_idle,longest_pause,max_step,jerk_rms,track_err,start_jump,start_dev,start_dev_right,path_right,path_left,nn_dist,nn_episode,right_pre_grasp_close,right_regrasp,right_post_release_close,left_early_close,left_abnormal,gripper_twitch,hold_slip,no_handover,drop_risk,timing_outlier,start_outlier,long_pause,action_spike,tracking_error,near_duplicate,length_outlier,n_flags,exclude,reasons
0,240,1,0,0,1,0,0,0,1,1,0,0,0,76.0,0.31666666666666665,148,158.0,148,0.6166666666666667,10.0,0.0036037079989910126,0.036180561408400536,0.036372110247612,True,True,0,33,0,0.0782960057258606,0.0005716054390536126,0.002357141071154218,0.0305330753326416,0.01677855836266935,0.011262470208846338,12.735091870417818,9.523626110505575,0.12367996316939552,318,False,False,False,False,False,True,False,False,False,False,False,False,False,False,False,False,1,False,gripper_twitch
1,247,1,0,0,1,0,0,0,0,1,0,0,0,72.0,0.291497975708502,149,158.0,149,0.6032388663967612,9.0,0.007816482335329056,0.03725622594356537,0.028967780992388725,True,True,0,0,0,0.0741126537322998,0.00047871037957658086,0.002073281126158332,0.014237775467336178,0.015829589477116535,0.013916191398517238,12.699179416405968,9.967750690177127,0.16343116880586195,152,False,False,False,False,False,False,True,False,False,False,False,False,False,False,False,False,1,False,hold_slip
2,274,1,0,0,1,0,0,0,0,1,0,0,0,80.0,0.291970802919708,182,191.0,182,0.6642335766423357,9.0,0.000456199049949646,0.03790346905589104,0.029928071424365044,True,True,0,0,0,0.07213136553764343,0.0005638491870927821,0.0020544594922806024,0.012300484348088503,0.01912267903463268,0.0019293765459286888,12.659858096914832,10.701128569793582,0.054304792453075394,119,False,False,False,False,False,False,False,False,False,False,False,False,False,False,False,False,0,False,
3,256,1,0,0,1,0,0,1,0,1,0,0,0,75.0,0.29296875,164,176.0,164,0.640625,12.0,0.0012464448809623718,0.03714499622583389,0.02902521099895239,True,True,0,0,0,0.0866783857345581,0.0007548848973148788,0.0025812616152775495,0.03440976142883301,0.02040910779796173,0.005010840786808879,15.6281708041206,9.852589716704642,0.04247416386775852,127,False,False,False,False,False,True,False,False,False,False,False,False,False,False,False,False,1,False,gripper_twitch
4,267,1,0,0,1,0,0,0,0,1,0,0,0,70.0,0.26217228464419473,167,178.0,167,0.6254681647940075,11.0,0.0003478340804576874,0.03053029254078865,0.023576296865940094,True,True,0,30,0,0.0628313422203064,0.0006123458678494428,0.0021769666212425967,0.011546378955245018,0.02128164803050786,0.007916306610366852,13.928429649153259,9.428575745689159,0.15580921574300546,122,False,False,False,False,False,False,False,False,False,False,False,False,False,False,False,False,0,False,
5,214,1,0,0,1,0,0,0,0,1,0,0,0,64.0,0.29906542056074764,132,140.0,132,0.616822429906542,8.0,0.0005092378705739975,0.027737644501030445,0.0272918613627553,True,True,0,2,0,0.08537590503692627,0.00077111685171288,0.003056294161278899,0.03168928623199463,0.01979802406301167,0.0069220289667438,13.493477639742196,9.481587782353017,0.10958593133916138,110,False,False,False,False,False,False,False,False,False,False,False,False,False,False,False,False,0,False,
6,257,1,0,0,1,0,0,0,0,1,0,0,0,86.0,0.3346303501945525,164,174.0,164,0.6381322957198443,10.0,0.0011519081890583038,0.03719191625714302,0.026285063475370407,True,True,0,31,0,0.07206743955612183,0.0006562198566046925,0.0022887696254062983,0.028992056846618652,0.019105217927505542,0.00825677120952477,13.478965165908448,9.49305350827126,0.10994520038520388,115,False,False,False,False,False,False,False,False,False,False,False,False,False,False,False,False,0,False,
7,251,1,0,0,1,0,0,0,1,1,0,0,0,72.0,0.2868525896414343,159,169.0,159,0.6334661354581673,10.0,0.0012869387865066528,0.037699803709983826,0.02804860845208168,True,True,0,1,0,0.07301482558250427,0.0008514925072336514,0.0029591444624758358,0.03647589683532715,0.02423751240655245,0.008545025435224144,16.771085965796374,9.246245540471136,0.2537674737457004,302,False,False,False,False,False,True,False,False,False,False,False,False,False,False,False,False,1,False,gripper_twitch
8,240,1,0,0,1,0,0,0,0,1,0,0,0,76.0,0.31666666666666665,148,158.0,148,0.6166666666666667,10.0,0.002361234277486801,0.0367163959890604,0.028894673101603985,True,True,0,33,0,0.07621103525161743,0.0005478340070858323,0.0022107306080774345,0.011426507262513041,0.01597653160778133,0.009982766605362473,11.636827433481812,9.39751223309031,0.26792658497542055,161,False,False,False,False,False,False,False,False,False,False,False,False,False,False,False,False,0,False,
9,230,1,0,0,1,0,0,0,0,1,0,0,0,63.0,0.27391304347826084,141,151.0,141,0.6130434782608696,10.0,0.001466304063796997,0.031450094655156136,0.02692784182727337,True,True,0,31,0,0.08748793601989746,0.0007485478833426753,0.0026005435682625784,0.01692354679107666,0.01041521705051324,0.006195677670672173,12.297322492086096,9.668390194614403,0.08490050414192983,211,False,False,False,False,False,False,False,False,False,False,False,False,False,False,False,False,0,False,
10,230,1,0,0,1,0,0,0,0,1,0,0,0,63.0,0.27391304347826084,141,151.0,141,0.6130434782608696,10.0,0.0025274958461523056,0.028766639530658722,0.025128887966275215,True,True,0,31,0,0.1024315357208252,0.0010055758111635993,0.003106986207374664,0.02539539337158203,0.010149285162167725,0.005737391819682703,13.939434796237038,9.781208399703246,0.08426189016528424,87,False,False,False,False,False,False,False,False,False,False,False,False,False,False,False,False,0,False,
11,267,1,0,0,1,0,0,0,0,1,0,0,0,70.0,0.26217228464419473,167,178.0,167,0.6254681647940075,11.0,0.0004799775779247284,0.03676784038543701,0.033151332288980484,True,True,0,31,0,0.062061429023742676,0.0006292801014983868,0.002325646366764166,0.01958167552947998,0.022014513354249126,0.00817086747980307,13.769052225165069,9.548117172545062,0.25926762042437806,137,False,False,False,False,False,False,False,False,False,False,False,False,False,False,False,False,0,False,
12,251,2,0,1,1,0,0,0,0,1,0,1,0,74.0,0.2948207171314741,154,164.0,154,0.6135458167330677,10.0,0.001844797283411026,0.035735297948122025,0.024829275906085968,True,True,0,0,0,0.08839917182922363,0.0011478639954368827,0.003185322055576762,0.014504968537949026,0.006084872049487097,0.004846984899708851,15.821657132793916,12.516249178908765,0.194894383075379,251,False,False,True,False,False,False,False,False,False,False,False,False,False,False,False,False,1,True,right_post_release_close
13,246,1,0,0,1,0,0,0,0,1,0,0,0,80.0,0.3252032520325203,155,167.0,155,0.6300813008130082,12.0,0.0013014767318964005,0.027742484584450722,0.025428546592593193,True,True,0,32,0,0.08043098449707031,0.0006372388960848343,0.0022640179933571965,0.023459226125851274,0.020030230980530167,0.01863490167768955,11.566876162076369,8.655457183336694,0.11735490508056792,236,False,False,False,False,False,False,False,False,False,False,False,False,False,False,False,False,0,False,
14,253,1,0,0,1,0,0,0,1,1,0,0,0,69.0,0.2727272727272727,151,162.0,151,0.5968379446640316,11.0,0.00023644044995307922,0.03663329780101776,0.02649164106696844,True,True,0,2,0,0.07900391519069672,0.00076413833945064,0.002621025298366274,0.021043871995061636,0.02283695179148182,0.0073624073173938435,13.699041412910447,10.579059481999138,0.10126789748232436,252,False,False,False,False,False,True,False,False,False,False,False,False,False,False,False,False,1,False,gripper_twitch
15,253,1,0,0,1,0,0,0,0,1,0,0,0,69.0,0.2727272727272727,151,162.0,151,0.5968379446640316,11.0,0.0016490519046783447,0.025338206440210342,0.019244588911533356,True,True,0,2,0,0.07855713367462158,0.000839101142983474,0.0028601412598640973,0.025971293449401855,0.022708872789280788,0.007845778815454195,14.996328961569816,10.66712918196572,0.23149696688837085,376,False,False,False,False,False,False,False,False,False,False,False,False,False,False,False,False,0,False,
16,253,2,1,0,1,0,0,0,0,1,0,1,0,69.0,0.2727272727272727,151,162.0,151,0.5968379446640316,11.0,0.0023654289543628693,0.0367780439555645,0.02465910091996193,True,True,0,2,0,0.08088558912277222,0.0008949119347332688,0.0028745258762427153,0.02143768093083054,0.022303442708759023,0.006580797711842277,14.612167219995172,10.900425607746001,0.2840931687555722,118,False,False,True,False,False,True,False,False,False,False,False,False,False,False,False,False,2,True,"right_post_release_close,gripper_twitch"
17,240,1,0,0,1,0,0,0,0,1,0,0,0,76.0,0.31666666666666665,147,159.0,147,0.6125,12.0,0.0009761452674865723,0.03515976667404175,0.0304164569824934,True,True,0,32,0,0.08460783958435059,0.0006975030893122206,0.0026972848767783837,0.03019106388092041,0.015689663712697848,0.012241465100672937,13.374974370500183,9.761309922458167,0.16595414511773776,173,False,False,False,False,False,False,False,False,False,False,False,False,False,False,False,False,0,False,
18,245,1,0,0,1,0,0,0,0,1,0,0,0,75.0,0.30612244897959184,151,161.0,151,0.6163265306122448,10.0,0.002073477953672409,0.030662172473967075,0.03082876931875944,True,True,0,30,0,0.09366258978843689,0.0007278441402094776,0.0026618987704930355,0.021730661392211914,0.012502689231476382,0.002433739354461891,13.78800099901855,10.033757093879103,0.1958750647358353,281,False,False,False,False,False,False,False,False,False,False,False,False,False,False,False,False,0,False,
19,261,1,0,0,1,0,0,0,0,1,0,0,0,77.0,0.2950191570881226,167,177.0,167,0.6398467432950191,10.0,0.00762765109539032,0.027694476768374443,0.028790435753762722,True,True,0,29,0,0.11021184921264648,0.0015920823197355103,0.004240757200289154,0.04543197154998779,0.00924592353633424,0.004683092690604907,19.185665534623695,11.230317688601644,0.11022783989152707,95,False,False,False,False,False,False,True,False,False,False,False,False,False,False,False,False,1,False,hold_slip
20,221,2,1,0,1,0,0,0,0,1,1,0,0,70.0,0.3167420814479638,132,142.0,132,0.5972850678733032,10.0,0.001409534364938736,0.02299504354596138,0.02021491527557373,True,True,0,0,0,0.07348096370697021,0.0007874839635853612,0.0029506904585716327,0.027649641036987305,0.009373294491601385,0.004525874753179631,14.355317990295589,9.304440779709239,0.4090193268123423,77,True,False,False,False,False,True,False,False,False,False,False,False,False,False,False,False,2,False,"right_pre_grasp_close,gripper_twitch"
21,267,1,0,0,1,0,0,0,0,1,0,0,0,70.0,0.26217228464419473,167,178.0,167,0.6254681647940075,11.0,0.00205264613032341,0.03363645635545254,0.03289417736232281,True,True,0,30,0,0.07029622793197632,0.0006136652098756846,0.00218741676608666,0.016743779182434082,0.02220904008860884,0.010148932412443844,13.281225926242769,9.478874413201993,0.17708748326578697,250,False,False,False,False,False,False,False,False,False,False,False,False,False,False,False,False,0,False,
22,266,1,0,0,1,0,0,0,1,1,0,0,0,72.0,0.2706766917293233,160,170.0,160,0.6015037593984962,10.0,0.001802746206521988,0.03785805217921734,0.02774630766361952,True,True,0,31,0,0.07861948013305664,0.0006998740795705965,0.0028032549579309197,0.02903657453134656,0.017044804820226953,0.006366866901005358,15.836115310026798,9.948876067370293,0.08941910562576524,104,False,False,False,False,False,True,False,False,False,False,False,False,False,False,False,False,1,False,gripper_twitch
23,256,1,0,0,1,0,0,0,0,1,0,0,0,75.0,0.29296875,164,176.0,164,0.640625,12.0,0.002057807520031929,0.025626197457313538,0.02088487707078457,True,True,0,0,0,0.08574211597442627,0.0005071187955037189,0.002094080355506398,0.025173050817102194,0.02029903217164104,0.0045417564209502765,13.876290427346248,9.682107713108962,0.15773398379821935,46,False,False,False,False,False,False,False,False,False,False,False,False,False,False,False,False,0,False,
24,240,1,0,0,1,0,0,0,0,1,0,0,0,70.0,0.2916666666666667,141,152.0,141,0.5875,11.0,0.003964681178331375,0.02998352237045765,0.025517817586660385,True,True,0,31,0,0.0884256362915039,0.0008516036242751027,0.003079216382986706,0.02670753002166748,0.010660566302029599,0.004912542907940453,14.017949746223167,10.993318176762841,0.033327229086346825,225,False,False,False,False,False,False,False,False,False,False,False,False,False,False,False,False,0,False,
25,240,1,0,0,1,0,0,0,0,1,0,0,0,76.0,0.31666666666666665,148,159.0,148,0.6166666666666667,11.0,0.0034390781074762344,0.031765177845954895,0.02469123713672161,True,True,0,32,0,0.09253603219985962,0.0007381834981296726,0.0027772759924753017,0.020809054374694824,0.015799191730611298,0.012381533819929671,13.700264844112098,10.263780636498268,0.2232481257104692,17,False,False,False,False,False,False,False,False,False,False,False,False,False,False,False,False,0,False,
26,242,1,0,0,1,0,0,0,0,1,0,0,0,71.0,0.29338842975206614,145,158.0,145,0.5991735537190083,13.0,0.007577154785394669,0.021022222936153412,0.021059010177850723,True,True,0,32,0,0.11325585842132568,0.001517251218646451,0.003869370334269915,0.03155362606048584,0.020452823252873682,0.009795709554705597,17.52111866940504,9.515629148474545,0.28103491358203675,385,False,False,False,False,False,False,True,False,False,False,False,False,False,False,False,False,1,False,hold_slip
27,240,1,0,0,1,0,0,0,0,1,0,0,0,76.0,0.31666666666666665,148,158.0,148,0.6166666666666667,10.0,0.0038091428577899933,0.03658893331885338,0.027550465427339077,True,True,0,33,0,0.07762953639030457,0.0005893183444498413,0.002350055446924276,0.02446453762240708,0.015861646299764193,0.009797851306359339,12.512734967051074,9.460929039838447,0.26675811650298675,350,False,False,False,False,False,False,False,False,False,False,False,False,False,False,False,False,0,False,
28,241,2,1,0,1,0,0,0,0,1,0,1,0,80.0,0.33195020746887965,155,165.0,155,0.6431535269709544,10.0,0.0009549893438816071,0.027226299047470093,0.029424023814499378,True,True,0,1,0,0.07267871988005936,0.0008880668200209623,0.0030413923247181174,0.019584999419748783,0.014007839967949865,0.012164408412195783,14.84269605949521,8.862391504881089,0.14485734101411205,226,False,False,True,False,False,True,False,False,False,False,False,False,False,False,False,False,2,True,"right_post_release_close,gripper_twitch"
29,267,1,0,0,1,0,0,0,0,1,0,0,0,70.0,0.26217228464419473,167,178.0,167,0.6254681647940075,11.0,0.0011749938130378723,0.030714920721948147,0.02320358343422413,True,True,0,30,0,0.062058448791503906,0.0005919978829112641,0.0020622827199828437,0.010342001914978027,0.022459221313056194,0.0106853165345607,12.766092997655505,9.37847872814018,0.025419343715272623,117,False,False,False,False,False,False,False,False,False,False,False,False,False,False,False,False,0,False,
30,215,1,0,0,1,0,0,0,0,1,0,0,0,72.0,0.33488372093023255,132,142.0,132,0.6139534883720931,10.0,0.0023344866931438446,0.03327483497560024,0.027882445603609085,True,True,0,31,0,0.0906369686126709,0.0009738329134230343,0.0032493299513600593,0.03566767834126949,0.010840015996934486,0.004444583594281681,14.185960710805375,8.69447861674962,0.14460233808259554,355,False,False,False,False,False,False,False,False,False,False,False,False,False,False,False,False,0,False,
31,256,1,0,0,1,0,0,0,0,1,0,0,0,75.0,0.29296875,164,176.0,164,0.640625,12.0,0.000959884375333786,0.02659614384174347,0.02948926482349634,True,True,0,0,0,0.08607369661331177,0.000594045929925187,0.0022742247595099402,0.022369861602783203,0.020121519490435853,0.0036677501122506988,13.838102013251046,10.060764448752707,0.1897740769966704,258,False,False,False,False,False,False,False,False,False,False,False,False,False,False,False,False,0,False,
32,233,1,0,0,1,0,0,0,0,1,0,0,0,68.0,0.2918454935622318,141,149.0,141,0.6051502145922747,8.0,0.0018143393099308014,0.022471098229289055,0.02028452418744564,True,True,0,30,0,0.07485610246658325,0.0006366292726190145,0.002482969594569263,0.007502795313484967,0.01516176332099646,0.001563379021538059,11.968218705034815,9.72688159350264,0.1855677344177335,338,False,False,False,False,False,False,False,False,False,False,False,False,False,False,False,False,0,False,
33,266,3,2,0,1,0,0,0,1,1,0,2,0,72.0,0.2706766917293233,160,170.0,160,0.6015037593984962,10.0,0.00156446173787117,0.03506145440042019,0.02398772444576025,True,True,0,31,0,0.09794974327087402,0.0010723023948875914,0.0029938645223174937,0.007892689114669338,0.015945861234652373,0.002069326772231696,15.909477163106203,10.267889374357765,0.08166809824159339,44,False,False,True,False,False,True,False,False,False,False,False,False,False,False,False,False,2,True,"right_post_release_close,gripper_twitch"
34,251,2,1,0,1,0,0,0,0,1,0,1,0,74.0,0.2948207171314741,154,164.0,154,0.6135458167330677,10.0,0.0017991792410612106,0.030784817412495613,0.022364219650626183,True,True,0,0,0,0.11268365383148193,0.0008863776716973165,0.003145178120961954,0.04284191131591797,0.007636089067175832,0.006691595549733903,18.285437119891867,12.016814335016534,0.32433411048433747,83,False,False,True,False,False,True,False,False,False,False,False,False,False,False,False,False,2,True,"right_post_release_close,gripper_twitch"
35,230,1,0,0,1,0,0,0,0,1,0,0,0,65.0,0.2826086956521739,141,151.0,141,0.6130434782608696,10.0,0.0014728233218193054,0.03520048037171364,0.02852724865078926,True,True,0,31,0,0.06894659996032715,0.0007550669704877198,0.002746812751620842,0.012162421669927426,0.009941899378204944,0.005361999518455393,11.903852627146989,9.776353603481766,0.206512688821455,349,False,False,False,False,False,False,False,False,False,False,False,False,False,False,False,False,0,False,
36,233,2,1,0,1,0,0,0,0,1,0,1,0,67.0,0.2875536480686695,141,152.0,141,0.6051502145922747,11.0,0.0010560061782598495,0.026333671063184738,0.025072806514799595,True,True,0,1,0,0.0835496187210083,0.001058650850673702,0.0034519689704030597,0.01988606760278344,0.009620385274364535,0.004431840701364961,15.365875585470349,9.69506637638915,0.250033955776742,255,False,False,True,False,False,True,False,False,False,False,False,False,False,False,False,False,2,True,"right_post_release_close,gripper_twitch"
37,240,1,0,0,1,0,0,0,0,1,0,0,0,76.0,0.31666666666666665,147,159.0,147,0.6125,12.0,0.0007895119488239288,0.03778398036956787,0.029177814722061157,True,True,0,2,0,0.08466231822967529,0.0007247776527526651,0.0027121774579185252,0.01875758171081543,0.0156074274011506,0.01213588523658791,13.212639019824564,9.802821203385975,0.2444517420514665,369,False,False,False,False,False,False,False,False,False,False,False,False,False,False,False,False,0,False,
38,247,1,0,0,1,0,0,0,0,1,0,0,0,65.0,0.2631578947368421,151,161.0,151,0.611336032388664,10.0,0.001431277021765709,0.02603934332728386,0.018175541423261166,True,True,0,0,0,0.06982040405273438,0.0006181355628306901,0.0023973178395797377,0.029747724533081055,0.012600660318490633,0.00749402239236206,13.805273974474403,10.453614421985549,0.04840137106280655,285,False,False,False,False,False,False,False,False,False,False,False,False,False,False,False,False,0,False,
39,247,1,0,0,1,0,0,0,0,1,0,0,0,72.0,0.291497975708502,149,158.0,149,0.6032388663967612,9.0,0.0015676971524953842,0.028866530396044254,0.023760508745908737,True,True,0,0,0,0.09217596054077148,0.0005729275863184665,0.00217398115525127,0.01852883247192949,0.0141955098317092,0.012024884659872783,12.965881316922605,9.780884489689925,0.11094685210638694,325,False,False,False,False,False,False,False,False,False,False,False,False,False,False,False,False,0,False,
40,251,2,1,0,2,0,0,0,0,1,0,1,1,74.0,0.2948207171314741,154,164.0,154,0.6135458167330677,10.0,0.001423478126525879,0.03706452623009682,0.02550838142633438,True,True,0,0,0,0.0808303952217102,0.0008370008477529802,0.00312995568966809,0.032721519470214844,0.020008443418510043,0.0045640623184225754,17.475087393075228,12.943789422046393,0.5149748051623193,386,False,False,True,True,False,True,False,False,False,False,False,False,False,False,False,False,3,True,"right_post_release_close,left_early_close,gripper_twitch"
41,266,1,0,0,1,0,0,1,1,1,0,0,0,72.0,0.2706766917293233,160,170.0,160,0.6015037593984962,10.0,0.003760719671845436,0.023590710945427418,0.019203311763703823,True,True,0,31,0,0.0837411880493164,0.0006948508839263429,0.002622948885817394,0.016750856768339872,0.016240146078402344,0.0037086341722165875,14.79143117062631,10.251764231317793,0.1766692460691903,104,False,False,False,False,False,True,False,False,False,False,False,False,False,False,False,False,1,False,gripper_twitch
42,251,2,1,0,1,0,0,0,1,1,0,1,0,72.0,0.2868525896414343,159,169.0,159,0.6334661354581673,10.0,0.002478506416082382,0.03659742325544357,0.026658695191144943,True,True,0,1,0,0.07300502061843872,0.0008318041055379301,0.0028100023095336967,0.03200417943298817,0.023181730099004254,0.004790935442470848,15.21687780879438,9.29218154717455,0.24466749986840408,333,False,False,True,False,False,True,False,False,False,False,False,False,False,False,False,False,2,True,"right_post_release_close,gripper_twitch"
43,253,1,0,0,1,0,0,0,0,1,0,0,0,69.0,0.2727272727272727,151,162.0,151,0.5968379446640316,11.0,0.0002622455358505249,0.035661038011312485,0.026638111099600792,True,True,0,2,0,0.07430687546730042,0.0007682294308756,0.0025514284954721335,0.009982824325561523,0.022343729521669648,0.006716069594548905,12.74466697263415,10.721613237634301,0.1570803466399043,134,False,False,False,False,False,False,False,False,False,False,False,False,False,False,False,False,0,False,
44,266,3,2,0,1,0,0,0,0,1,0,2,0,72.0,0.2706766917293233,160,170.0,160,0.6015037593984962,10.0,0.0018064752221107483,0.03508853353559971,0.02401251159608364,True,True,0,31,0,0.09832409024238586,0.0010535268628782202,0.002981304771256356,0.009087067795917392,0.015966628822589937,0.002223703832313384,15.882538746576756,10.299127755177324,0.08166809824159339,33,False,False,True,False,False,True,False,False,False,False,False,False,False,False,False,False,2,True,"right_post_release_close,gripper_twitch"
45,246,1,0,0,1,0,0,0,0,1,0,0,0,80.0,0.3252032520325203,155,167.0,155,0.6300813008130082,12.0,0.006789574399590492,0.03723224997520447,0.0329938679933548,True,True,0,32,0,0.07247316837310791,0.0006370601644905038,0.0023722618806885395,0.029112257063388824,0.02214938480258353,0.020896043992504526,12.626637912821025,8.746164685664553,0.24047808237918725,136,False,False,False,False,False,False,True,False,False,False,False,False,False,False,False,False,1,False,hold_slip
46,256,1,0,0,1,0,0,0,0,1,0,0,0,75.0,0.29296875,164,176.0,164,0.640625,12.0,0.004527537152171135,0.023852035403251648,0.023364108987152576,True,True,0,0,0,0.08590716123580933,0.0005108646263163184,0.0020933873991632224,0.0124635937390849,0.01985732825051209,0.0017000969179757452,12.760680157400202,9.982824514655476,0.1501770478073591,262,False,False,False,False,False,False,False,False,False,False,False,False,False,False,False,False,0,False,
47,240,1,0,0,1,0,0,0,0,1,0,0,0,70.0,0.2916666666666667,141,152.0,141,0.5875,11.0,0.0027903616428375244,0.030494545586407185,0.0287996307015419,True,True,0,31,0,0.08932986855506897,0.0008248842683196267,0.0030263531085479964,0.021746891405200586,0.010452193516055829,0.004442268929214717,13.393510072724894,11.05193816258543,0.18567713609564027,225,False,False,False,False,False,False,False,False,False,False,False,False,False,False,False,False,0,False,
48,233,2,1,0,1,0,0,0,0,1,0,1,0,67.0,0.2875536480686695,141,152.0,141,0.6051502145922747,11.0,0.0027183108031749725,0.03291662782430649,0.024209238588809967,True,True,0,1,0,0.07816717028617859,0.0010122364985816203,0.003253903917231113,0.01700372528284788,0.008960887956760531,0.0027178874422391012,13.93989120889455,9.867680048369948,0.27309310281022103,255,False,False,True,False,False,True,False,False,False,False,False,False,False,False,False,False,2,True,"right_post_release_close,gripper_twitch"
49,259,2,1,0,1,0,0,0,0,1,0,1,0,78.0,0.30115830115830117,162,174.0,162,0.6254826254826255,12.0,0.0025751441717147827,0.03757578693330288,0.036493975669145584,True,True,0,0,0,0.07260346412658691,0.0008300563881477547,0.0026923479454827467,0.008086562156677246,0.012921913201227252,0.0089082657322708,14.656065210394445,10.058629739984099,0.014218497786501761,111,False,False,True,False,False,True,False,False,False,False,False,False,False,False,False,False,2,True,"right_post_release_close,gripper_twitch"
50,240,1,0,0,1,0,0,0,0,1,0,0,0,76.0,0.31666666666666665,148,158.0,148,0.6166666666666667,10.0,0.0027109943330287933,0.028132140636444092,0.030030961148440838,True,True,0,33,0,0.08667236566543579,0.0006995964234381964,0.002658588119647652,0.05292320251464844,0.017567112526944224,0.012369701266280642,15.409245871356688,9.43102478046967,0.13590386226159795,193,False,False,False,False,False,False,False,False,False,False,False,False,False,False,False,False,0,False,
51,214,2,0,1,1,0,0,0,0,1,1,0,0,64.0,0.29906542056074764,132,140.0,132,0.616822429906542,8.0,0.0004792064428329468,0.027463351376354694,0.03251642920076847,True,True,0,32,0,0.08572101593017578,0.0008363456775255373,0.0033270873074784726,0.04896724224090576,0.020265508719568493,0.008163551425682198,14.965799395926297,9.691225254526216,0.37972382832198154,110,True,False,False,False,False,False,False,False,False,False,False,False,False,False,False,False,1,False,right_pre_grasp_close
52,244,1,0,0,1,0,0,0,1,1,0,0,0,78.0,0.319672131147541,153,165.0,153,0.6270491803278688,12.0,0.002436455339193344,0.02752910926938057,0.02408190257847309,True,True,0,32,0,0.09482437372207642,0.0006600748699054866,0.0025626032148609867,0.024748563766479492,0.02002464579769376,0.006581870702192026,13.64983693184331,9.856126767079331,0.15527521087485568,346,False,False,False,False,False,True,False,False,False,False,False,False,False,False,False,False,1,False,gripper_twitch
53,240,1,0,0,1,0,0,0,1,1,0,0,0,70.0,0.2916666666666667,141,152.0,141,0.5875,11.0,0.001960139721632004,0.02154348697513342,0.018385088071227074,True,True,0,31,0,0.0846129059791565,0.0007850521717402859,0.002877447185255155,0.018580079078674316,0.011340811787084954,0.006252952577180799,11.82662317508948,10.778417878718756,0.2354454833216173,57,False,False,False,False,False,True,False,False,False,False,False,False,False,False,False,False,1,False,gripper_twitch
54,240,1,0,0,1,0,0,0,0,1,0,0,0,70.0,0.2916666666666667,141,152.0,141,0.5875,11.0,0.0009474232792854309,0.02827934641391039,0.024455159902572632,True,True,0,31,0,0.10048973560333252,0.0009518541672576931,0.0033897279565780025,0.020431872981134802,0.01043740085338202,0.00440735073673139,14.080941524123773,11.059605895708955,0.19025912181840798,169,False,False,False,False,False,False,False,False,False,False,False,False,False,False,False,False,0,False,
55,215,1,0,0,3,2,0,0,2,1,0,0,0,72.0,0.33488372093023255,132,142.0,132,0.6139534883720931,10.0,0.0025904402136802673,0.037051768973469734,0.025459840893745422,True,True,0,31,0,0.11822745203971863,0.0018124360896668665,0.005367912129573903,0.06585121154785156,0.012408259313380984,0.007497551313653561,22.50713402501424,8.652155365636645,0.36862150009851025,314,False,False,False,False,False,True,False,False,False,False,False,False,False,False,False,False,1,False,gripper_twitch
56,244,2,1,0,1,0,0,0,1,1,0,1,0,64.0,0.26229508196721313,139,150.0,139,0.569672131147541,11.0,0.003693273290991783,0.025631492026150227,0.022816145792603493,True,True,0,0,0,0.06974735856056213,0.0007967509128685765,0.002968442791845293,0.031052068574354053,0.009391186165828166,0.006880825737806033,15.629722945093818,10.442130716888641,0.33396202734600994,128,False,False,True,False,False,True,False,False,False,False,False,False,False,False,False,False,2,True,"right_post_release_close,gripper_twitch"
57,240,1,0,0,1,0,0,0,0,1,0,0,0,70.0,0.2916666666666667,141,152.0,141,0.5875,11.0,0.0013135559856891632,0.027348357252776623,0.026499692350625992,True,True,0,3,0,0.09973108768463135,0.0009308181669285659,0.003152713789238674,0.009224776644259691,0.010524085692400582,0.004608880949143469,13.062974993372336,11.005410715173639,0.2005849120114261,155,False,False,False,False,False,False,False,False,False,False,False,False,False,False,False,False,0,False,
58,244,2,1,1,1,0,0,0,0,1,0,1,0,60.0,0.2459016393442623,139,150.0,139,0.569672131147541,11.0,0.0020808838307857513,0.03709800913929939,0.028707532212138176,True,True,0,0,0,0.07220527529716492,0.000833325423024127,0.002796213040144733,0.01245260238647461,0.006932393808402067,0.002685045464714316,14.893536962103099,10.397062377909606,0.16924860343091733,164,False,False,True,False,False,True,False,False,False,False,False,False,False,False,False,False,2,True,"right_post_release_close,gripper_twitch"
59,266,1,0,0,1,0,0,0,0,1,0,0,0,72.0,0.2706766917293233,160,170.0,160,0.6015037593984962,10.0,0.0008944310247898102,0.0383976586163044,0.028603335842490196,True,True,0,2,0,0.08099615573883057,0.0007188686643997144,0.002837979823297641,0.040039413841441274,0.017615031256121474,0.00776536856366921,16.66356124356389,10.01677899058268,0.10573938541982071,22,False,False,False,False,False,False,False,False,False,False,False,False,False,False,False,False,0,False,
60,241,1,0,0,1,0,0,1,0,1,0,0,0,80.0,0.33195020746887965,155,165.0,155,0.6431535269709544,10.0,0.00016328692436218262,0.029871897771954536,0.02310879807919264,True,True,0,29,0,0.07069048658013344,0.0008358501787657356,0.0027128780918441666,0.009918004157952964,0.011251299311312609,0.008851270397166126,13.146986783132888,8.731648712840979,0.1943864447160417,63,False,False,False,False,False,True,False,False,False,False,False,False,False,False,False,False,1,False,gripper_twitch
61,215,1,0,0,1,0,0,0,0,1,0,0,0,72.0,0.33488372093023255,132,142.0,132,0.6139534883720931,10.0,0.0019482020288705826,0.03084342274814844,0.027995767071843147,True,True,0,31,0,0.0878179669380188,0.0009519084273146802,0.003270245952733754,0.027699465863406658,0.010974728447264779,0.004763721339873386,13.847337720333599,8.671850175762302,0.18222121818544634,148,False,False,False,False,False,False,False,False,False,False,False,False,False,False,False,False,0,False,
62,257,1,0,0,1,0,0,0,0,1,0,0,0,86.0,0.3346303501945525,164,174.0,164,0.6381322957198443,10.0,0.0014297142624855042,0.03633587248623371,0.025106124579906464,True,True,0,31,0,0.07377946376800537,0.0006620041498263118,0.002329428297743804,0.03105640411376953,0.01932597962210654,0.008755478690684784,13.649478833191097,9.514415542875213,0.1753500310340449,298,False,False,False,False,False,False,False,False,False,False,False,False,False,False,False,False,0,False,
63,241,2,1,1,1,0,0,0,0,1,0,1,0,80.0,0.33195020746887965,155,165.0,155,0.6431535269709544,10.0,0.0016830824315547943,0.035978805273771286,0.02463190257549286,True,True,0,29,0,0.07449780963361263,0.0010927335526468194,0.0032451710676241418,0.018605589866638184,0.011112586994613887,0.008674263148179649,15.626949887780938,8.77357726819173,0.1943864447160417,60,False,False,True,False,False,True,False,False,False,False,False,False,False,False,False,False,2,True,"right_post_release_close,gripper_twitch"
64,240,1,0,0,1,0,0,0,0,1,0,0,0,76.0,0.31666666666666665,148,158.0,148,0.6166666666666667,10.0,0.0031352005898952484,0.039223937317728996,0.03652823716402054,True,True,0,33,0,0.07943367958068848,0.0005276009775503601,0.0021122807423680826,0.017287611961364746,0.015792803948298458,0.00968600657815674,10.844640970230103,9.455397951855048,0.0608567826737508,107,False,False,False,False,False,False,False,False,False,False,False,False,False,False,False,False,0,False,
65,253,1,0,0,1,0,0,0,0,1,0,0,0,69.0,0.2727272727272727,151,162.0,151,0.5968379446640316,11.0,0.0018414892256259918,0.0381433330476284,0.026705704629421234,True,True,0,2,0,0.08068342506885529,0.0008158214849750734,0.0026822979915324067,0.02661609649658203,0.022411662765747787,0.00693872969547728,14.461641796806362,10.856286097725388,0.11115570197139456,118,False,False,False,False,False,False,False,False,False,False,False,False,False,False,False,False,0,False,
66,233,2,1,0,1,0,0,0,0,1,0,1,0,68.0,0.2918454935622318,141,149.0,141,0.6051502145922747,8.0,0.004267845302820206,0.02881905809044838,0.025100291706621647,True,True,0,9,20,0.09189420938491821,0.0009888679871522129,0.003256316752970627,0.03477423335425556,0.015498546638787669,0.003573518557073436,16.643087563221343,9.875213025094126,0.25806041281927233,113,False,False,True,False,False,True,False,False,False,False,False,False,False,False,False,False,2,True,"right_post_release_close,gripper_twitch"
67,246,1,0,0,1,0,0,0,0,1,0,0,0,80.0,0.3252032520325203,155,167.0,155,0.6300813008130082,12.0,0.001997649669647217,0.032184503972530365,0.031638022512197495,True,True,0,32,0,0.07069766521453857,0.0005964970890957496,0.0021320808424309832,0.019042372703552246,0.019005610102915058,0.017528908202959853,11.340694357844768,8.67646736892857,0.2066412851891415,365,False,False,False,False,False,False,False,False,False,False,False,False,False,False,False,False,0,False,
68,240,1,0,0,1,0,0,0,0,1,0,0,0,76.0,0.31666666666666665,148,158.0,148,0.6166666666666667,10.0,0.001827329397201538,0.03788689523935318,0.03620338998734951,True,True,0,33,0,0.10610330104827881,0.0008324643069799913,0.0028917925530399795,0.059865355491638184,0.01564354382738404,0.009440684846026242,16.916947503050324,9.423668916077077,0.20946270215585786,293,False,False,False,False,False,False,False,False,False,False,False,False,False,False,False,False,0,False,
69,215,1,0,0,1,0,0,0,0,1,0,0,0,72.0,0.33488372093023255,132,142.0,132,0.6139534883720931,10.0,0.0034866388887166977,0.03181048668920994,0.030358342453837395,True,True,0,31,0,0.08860230445861816,0.0008910710221697976,0.002921544267417623,0.011685671284794807,0.010442772262329793,0.0033615277829651814,12.098918010204216,8.671697828152901,0.18972551603201776,210,False,False,False,False,False,False,False,False,False,False,False,False,False,False,False,False,0,False,
70,242,2,1,0,1,0,0,0,0,1,0,1,0,71.0,0.29338842975206614,145,158.0,145,0.5991735537190083,13.0,0.004213675856590271,0.025137996301054955,0.027677712962031364,True,True,0,32,0,0.08556318283081055,0.0006726741241265381,0.002524278695662799,0.01618320611305535,0.020948347814114553,0.010792183412450801,13.351414656732231,9.484906589743332,0.09078695424514763,389,False,False,True,False,False,True,False,False,False,False,False,False,False,False,False,False,2,True,"right_post_release_close,gripper_twitch"
71,261,1,0,0,1,0,0,1,0,1,0,0,0,77.0,0.2950191570881226,167,177.0,167,0.6398467432950191,10.0,0.0023529399186372757,0.019233379513025284,0.021104086190462112,True,True,0,29,0,0.1108132004737854,0.001589482743194704,0.003975357408982494,0.02968132495880127,0.008671998546774907,0.003412889377686266,18.06136229670301,11.30113267577326,0.2044216033962028,19,False,False,False,False,False,True,False,False,False,False,False,False,False,False,False,False,1,False,gripper_twitch
72,247,1,0,0,1,0,0,0,0,1,0,0,0,65.0,0.2631578947368421,151,161.0,151,0.611336032388664,10.0,0.0020090192556381226,0.03600439429283142,0.03582358919084072,True,True,0,0,0,0.08241742849349976,0.0007504327883643525,0.0026924378686895394,0.020552229485474527,0.012656655840629851,0.0075877973235576905,12.386258145561442,11.287141488061025,0.29368359274302414,100,False,False,False,False,False,False,False,False,False,False,False,False,False,False,False,False,0,False,
73,242,1,0,0,1,0,0,0,0,1,0,0,0,71.0,0.29338842975206614,145,158.0,145,0.5991735537190083,13.0,0.001570357009768486,0.022300338372588158,0.020638208836317062,True,True,0,32,0,0.07830649614334106,0.0006610525497668267,0.0026678736212829724,0.027165320934727788,0.020587878779153794,0.010074656286543544,14.090414848644286,9.421654673889861,0.1328049067576545,215,False,False,False,False,False,False,False,False,False,False,False,False,False,False,False,False,0,False,
74,240,1,0,0,1,0,0,0,0,1,0,0,0,70.0,0.2916666666666667,141,152.0,141,0.5875,11.0,0.002649594098329544,0.029027062468230724,0.02543814852833748,True,True,0,31,0,0.09333670139312744,0.0008840306554275357,0.003082690571581736,0.026372689055278897,0.010770239810441668,0.005146209237565992,13.263896435964853,11.048230109205178,0.07637623126843181,175,False,False,False,False,False,False,False,False,False,False,False,False,False,False,False,False,0,False,
75,215,1,0,0,1,0,0,0,0,1,0,0,0,72.0,0.33488372093023255,132,142.0,132,0.6139534883720931,10.0,0.005299044772982597,0.035198066383600235,0.030487658455967903,True,True,0,31,0,0.0911429226398468,0.0008871898017527969,0.0028005720108270115,0.004113547038286924,0.01016609436794227,0.0023659778550675077,11.208194609964266,8.726265830153352,0.1832357252316545,266,False,False,False,False,False,False,True,False,False,False,False,False,False,False,False,False,1,False,hold_slip
76,233,2,1,0,1,0,0,0,0,1,0,1,0,67.0,0.2875536480686695,141,152.0,141,0.6051502145922747,11.0,0.0009919032454490662,0.03329342603683472,0.027461405843496323,True,True,0,1,0,0.08192276954650879,0.0010794854928102863,0.0035268997558607893,0.025910161901265383,0.009933246956247008,0.005075312233632088,15.217690509743989,9.758882705387805,0.36711012566195433,219,False,False,True,False,False,True,False,False,False,False,False,False,False,False,False,False,2,True,"right_post_release_close,gripper_twitch"
77,259,2,1,0,1,0,0,0,0,1,0,1,0,78.0,0.30115830115830117,162,174.0,162,0.6254826254826255,12.0,0.0013062916696071625,0.03727459907531738,0.0291938204318285,True,True,0,0,0,0.07260513305664062,0.0009295410748375312,0.0031656452059990715,0.031037092208862305,0.014411760038640612,0.01095811046613683,16.866259264294058,9.928656400252294,0.35439486097953715,180,False,False,True,False,False,True,False,False,False,False,False,False,False,False,False,False,2,True,"right_post_release_close,gripper_twitch"
78,266,1,0,0,1,0,0,1,1,1,0,0,0,72.0,0.2706766917293233,160,170.0,160,0.6015037593984962,10.0,0.0009716562926769257,0.03122282214462757,0.018937240354716778,True,True,0,31,0,0.08404475450515747,0.0006871809455727702,0.0025143391447020234,0.007565322332084179,0.015841044253236434,0.0009748362982986126,13.76272460653854,10.068026629323867,0.17461270768687484,33,False,False,False,False,False,True,False,False,False,False,False,False,False,False,False,False,1,False,gripper_twitch
79,274,1,0,0,1,0,0,0,0,1,0,0,0,80.0,0.291970802919708,182,191.0,182,0.6642335766423357,9.0,0.0007822923362255096,0.03810885548591614,0.030751301907002926,True,True,0,0,0,0.08471065759658813,0.0006782888444240827,0.0022694100938545213,0.020073771476745605,0.01929157452052266,0.0031953854032461516,14.691592780640349,10.557219992520913,0.12141098456395903,119,False,False,False,False,False,False,False,False,False,False,False,False,False,False,False,False,0,False,
80,240,1,0,0,2,1,0,0,0,1,0,0,0,76.0,0.31666666666666665,149,159.0,149,0.6208333333333333,10.0,0.003316890448331833,0.03071564994752407,0.03435567766427994,True,True,0,32,0,0.08770287036895752,0.0008149108283948671,0.0030297422999929252,0.0487900972366333,0.016668700086426968,0.013473436197373564,15.842808562796563,10.189826003643248,0.1260170914789416,363,False,False,False,False,False,True,False,False,False,False,False,False,False,False,False,False,1,False,gripper_twitch
81,247,1,0,0,1,0,0,0,0,1,0,0,0,72.0,0.291497975708502,149,158.0,149,0.6032388663967612,9.0,0.007195569574832916,0.032734036445617676,0.025608033873140812,True,True,0,0,0,0.07525098323822021,0.0005012777951500676,0.00221802107036909,0.026254892349243164,0.014961383031594803,0.012920074841856921,12.857532099384116,10.043978933517792,0.15329631324865037,391,False,False,False,False,False,False,True,False,False,False,False,False,False,False,False,False,1,False,hold_slip
82,247,1,0,0,1,0,0,0,0,1,0,0,0,65.0,0.2631578947368421,151,161.0,151,0.611336032388664,10.0,0.002152029424905777,0.03055124171078205,0.018274104222655296,True,True,0,0,0,0.06541985273361206,0.0005629342321450939,0.0022317157266755613,0.0076558589935302734,0.011438183675585871,0.005311852497168821,11.877741475589573,10.438008957669808,0.09335029646819615,145,False,False,False,False,False,False,False,False,False,False,False,False,False,False,False,False,0,False,
83,251,2,0,1,1,0,0,0,0,1,0,1,0,74.0,0.2948207171314741,154,164.0,154,0.6135458167330677,10.0,0.001394316554069519,0.035761941224336624,0.02439599111676216,True,True,0,0,0,0.08392637968063354,0.0012343726237736394,0.0035975676117120333,0.043039255775511265,0.00794572266085551,0.0070428760717912015,19.254948941175826,12.437524978158763,0.22188427362130778,220,False,False,True,False,False,False,False,False,False,False,False,False,False,False,False,False,1,True,right_post_release_close
84,246,2,1,0,1,0,0,0,0,1,1,0,0,80.0,0.3252032520325203,155,167.0,155,0.6300813008130082,12.0,0.002289021387696266,0.031213566660881042,0.03201628103852272,True,True,0,32,0,0.06934317946434021,0.0005611685726514851,0.0020961280292799787,0.013128558755852282,0.01908259677933786,0.01761235098578727,10.457760459044948,8.659706920469034,0.16203392003512881,204,True,False,False,False,False,True,False,False,False,False,False,False,False,False,False,False,2,False,"right_pre_grasp_close,gripper_twitch"
85,247,1,0,0,1,0,0,0,0,1,0,0,0,65.0,0.2631578947368421,151,161.0,151,0.611336032388664,10.0,0.0021114200353622437,0.036755241453647614,0.025189533829689026,True,True,0,0,0,0.06685394048690796,0.0005723916654997925,0.0023254548255137444,0.008812860818579793,0.01149088686805109,0.005424408923522315,12.214808027260005,10.443028995894565,0.11212760664506286,195,False,False,False,False,False,False,False,False,False,False,False,False,False,False,False,False,0,False,
86,251,2,1,0,1,0,0,0,0,1,0,1,0,74.0,0.2948207171314741,154,164.0,154,0.6135458167330677,10.0,0.002147836610674858,0.03006672114133835,0.019066525623202324,True,True,0,0,0,0.06816639006137848,0.0005734015494684107,0.0023564925342790437,0.008494853973388672,0.005423035174680172,0.00398458344939527,12.965207493980415,12.006679851561785,0.027298233959754635,362,False,False,True,False,False,True,False,False,False,False,False,False,False,False,False,False,2,True,"right_post_release_close,gripper_twitch"
87,230,1,0,0,1,0,0,0,0,1,0,0,0,63.0,0.27391304347826084,141,151.0,141,0.6130434782608696,10.0,0.002501731738448143,0.029599281959235668,0.025270255282521248,True,True,0,31,0,0.1006399393081665,0.0009904004695951345,0.002981046180192563,0.018840670585632324,0.010300655659025122,0.006001098449064994,13.062324958387762,9.800287648706217,0.08426189016528424,10,False,False,False,False,False,False,False,False,False,False,False,False,False,False,False,False,0,False,
88,233,1,0,0,1,0,0,0,0,1,0,0,0,68.0,0.2918454935622318,141,149.0,141,0.6051502145922747,8.0,0.0038817841559648514,0.030785297974944115,0.02557187806814909,True,True,0,4,0,0.0720144510269165,0.0006495808429479422,0.002564987384209087,0.013806462287902832,0.015308448124637948,0.002629386040086703,12.980940833804198,9.888838646191289,0.1589566977390384,338,False,False,False,False,False,False,False,False,False,False,False,False,False,False,False,False,0,False,
89,259,3,1,1,1,0,0,0,0,2,0,1,0,35.0,0.13513513513513514,163,185.0,163,0.6293436293436293,22.0,0.005307506769895554,0.02639957331120968,0.03538325056433678,True,True,0,0,0,0.08047443628311157,0.0012634032714123216,0.004098028738264252,0.056046247482299805,0.014725083919133781,0.011367033650087928,22.248604305976187,11.034149950382925,0.47648970538123675,290,False,True,True,False,False,True,True,False,False,True,False,False,False,False,False,False,5,True,"right_regrasp,right_post_release_close,gripper_twitch,hold_slip,timing_outlier"
90,245,1,0,0,1,0,0,0,1,1,0,0,0,75.0,0.30612244897959184,151,161.0,151,0.6163265306122448,10.0,0.0030922070145606995,0.031025114469230175,0.02838345430791378,True,True,0,30,0,0.11362266540527344,0.0011285081251763845,0.0036128045493391565,0.047003984451293945,0.01337617070254399,0.005341141440757513,17.85689573449781,10.323673798113305,0.33996409395154736,313,False,False,False,False,False,True,False,False,False,False,False,False,False,False,False,False,1,False,gripper_twitch
91,230,1,0,0,1,0,0,0,0,1,0,0,0,67.0,0.29130434782608694,141,151.0,141,0.6130434782608696,10.0,0.005665848031640053,0.029692321084439754,0.03229179605841637,True,True,0,31,0,0.11109688878059387,0.00183216537546771,0.004313562083690341,0.03114616870880127,0.010265464955924664,0.005940492096693793,16.45525154220377,9.607328370699179,0.4094040315943895,162,False,False,False,False,False,False,True,False,False,False,False,False,False,False,False,False,1,False,hold_slip
92,230,1,0,0,1,0,0,0,0,1,0,0,0,63.0,0.27391304347826084,141,151.0,141,0.6130434782608696,10.0,0.0026635024696588516,0.02938553597778082,0.025133468210697174,True,True,0,31,0,0.09766530990600586,0.0009758093308878623,0.0028894664204142705,0.012593769235536456,0.009035206456480385,0.0033977391454890846,13.290609585586935,9.780943288094932,0.2720080647316258,147,False,False,False,False,False,False,False,False,False,False,False,False,False,False,False,False,0,False,
93,274,1,0,0,1,0,0,0,0,1,0,0,0,80.0,0.291970802919708,182,191.0,182,0.6642335766423357,9.0,0.0007112547755241394,0.030869711190462112,0.01989445835351944,True,True,0,0,0,0.06622517108917236,0.0005033916745438594,0.0019402491919456085,0.00803357269614935,0.019068397607616545,0.0012843004775191208,12.396320404252037,10.40007288697052,0.08319422775737007,282,False,False,False,False,False,False,False,False,False,False,False,False,False,False,False,False,0,False,
94,239,2,1,0,1,0,0,0,0,1,0,1,0,66.0,0.27615062761506276,138,148.0,138,0.5774058577405857,10.0,0.0007613152265548706,0.03558594360947609,0.025088364258408546,True,True,0,0,0,0.08619058132171631,0.0011165862488618813,0.0030536221167786998,0.017315096454694867,0.014628274650603805,0.013209865187163128,15.625986648432445,9.770503505733359,0.28721683217431077,235,False,False,True,False,False,True,False,False,False,False,False,False,False,False,False,False,2,True,"right_post_release_close,gripper_twitch"
95,261,1,0,0,1,0,0,0,0,1,0,0,0,77.0,0.2950191570881226,167,177.0,167,0.6398467432950191,10.0,0.009133957326412201,0.027766496874392033,0.029469694010913372,True,True,0,29,0,0.11057150363922119,0.0016764684134839873,0.004384963891742496,0.0522763729095459,0.009652414393840092,0.0054418157575821195,19.61158123524183,11.155188125754648,0.11022783989152707,19,False,False,False,False,False,False,True,False,False,False,False,False,False,False,False,False,1,False,hold_slip
96,247,1,0,0,1,0,0,0,0,1,0,0,0,72.0,0.291497975708502,149,158.0,149,0.6032388663967612,9.0,0.002583235502243042,0.03450912423431873,0.02929643541574478,True,True,0,0,0,0.07316160202026367,0.0005356172912203427,0.0022044604419950227,0.011532383738085628,0.012693782631094355,0.010208695763248307,12.814499362371862,9.880609032039501,0.17665409002145555,291,False,False,False,False,False,False,False,False,False,False,False,False,False,False,False,False,0,False,
97,256,3,2,0,1,0,0,0,0,1,1,1,0,75.0,0.29296875,164,176.0,164,0.640625,12.0,0.000529969111084938,0.024663053452968597,0.024177778512239456,True,True,0,0,0,0.10267436504364014,0.0007639472379772781,0.0026380257435380835,0.040044188499450684,0.020482345559661393,0.0053012568233680125,15.84901175275445,9.892477277760008,0.11236091597279095,327,True,False,True,False,False,True,False,False,False,False,False,False,False,False,False,False,3,True,"right_pre_grasp_close,right_post_release_close,gripper_twitch"
98,247,1,0,0,1,0,0,0,1,1,0,0,0,72.0,0.291497975708502,149,158.0,149,0.6032388663967612,9.0,0.01149878092110157,0.021970214322209358,0.023554423823952675,True,True,0,0,0,0.11142605543136597,0.002064008027684705,0.004813239591720366,0.060071468353271484,0.01682298769291851,0.015036564322250572,22.908471689871476,9.792838846839004,0.2304273773471091,162,False,False,False,False,False,True,True,False,False,False,False,False,False,False,False,False,2,False,"gripper_twitch,hold_slip"
99,256,2,1,0,1,0,0,0,0,1,0,1,0,75.0,0.29296875,164,176.0,164,0.640625,12.0,0.0005440134555101395,0.024759918451309204,0.024013828486204147,True,True,0,0,0,0.09964817762374878,0.0007473125923270899,0.0026040157768300637,0.031136631965637207,0.020284686772466764,0.0044772046791511835,15.939122657408006,9.866316232167264,0.11256477036693165,97,False,False,True,False,False,True,False,False,False,False,False,False,False,False,False,False,2,True,"right_post_release_close,gripper_twitch"
100,267,1,0,0,1,0,0,0,0,1,0,0,0,70.0,0.26217228464419473,167,178.0,167,0.6254681647940075,11.0,0.009107265621423721,0.03812522068619728,0.03289085440337658,True,True,0,30,0,0.06203055381774902,0.0006515595140562573,0.0023791888399042095,0.024836586555466056,0.02271569903920499,0.011214381404904026,13.408436605881434,9.60724004534859,0.21532372146272102,21,False,False,False,False,False,False,True,False,False,False,False,False,False,False,False,False,1,False,hold_slip
101,242,2,1,0,1,0,0,0,0,1,0,1,0,71.0,0.29338842975206614,145,158.0,145,0.5991735537190083,13.0,0.0028256848454475403,0.02899680845439434,0.02769383415579796,True,True,0,32,0,0.08866691589355469,0.0008062846090068364,0.0028346770157149587,0.031204819679260254,0.02271493283684243,0.013914241641179107,14.063311912468635,9.613622641089023,0.3224517254318858,160,False,False,True,False,False,True,False,False,False,False,False,False,False,False,False,False,2,True,"right_post_release_close,gripper_twitch"
102,245,1,0,1,2,1,0,0,0,0,0,0,0,,,151,,151,0.6163265306122448,,,,0.03042249009013176,True,True,0,30,0,0.11560633778572083,0.0012608397615638937,0.003915399076847458,0.05534970760345459,0.01360679776873639,0.005894980470355327,18.861113603363037,9.88318469706428,0.35392634831777114,339,False,False,False,False,False,True,False,True,False,False,False,False,False,False,False,False,2,True,"gripper_twitch,no_handover"
103,247,2,1,1,1,0,0,0,0,1,0,1,0,65.0,0.2631578947368421,151,161.0,151,0.611336032388664,10.0,0.0012190677225589752,0.03477972373366356,0.02442367561161518,True,True,0,0,0,0.07052147388458252,0.0009168955725984005,0.0028794569309416305,0.027473252383060753,0.011248598016581728,0.004890264665014143,15.444549445528537,10.414284338050493,0.15150738075403622,364,False,False,True,False,False,True,False,False,False,False,False,False,False,False,False,False,2,True,"right_post_release_close,gripper_twitch"
104,266,1,0,0,1,0,0,0,0,1,0,0,0,72.0,0.2706766917293233,160,170.0,160,0.6015037593984962,10.0,0.0011728256940841675,0.038473302498459816,0.02929806988686323,True,True,0,1,0,0.08120733499526978,0.0006750998530039398,0.002652271440583865,0.02517797239124775,0.016805744119735788,0.005696021259925173,15.250431618187577,9.982849155043368,0.08941910562576524,22,False,False,False,False,False,False,False,False,False,False,False,False,False,False,False,False,0,False,
105,240,2,0,1,1,0,0,0,0,1,1,0,0,76.0,0.31666666666666665,147,159.0,147,0.6125,12.0,0.0024369843304157257,0.0242942925542593,0.023491404950618744,True,True,0,32,0,0.08474457263946533,0.0008432476640921453,0.0032441132408410956,0.06442952156066895,0.015891671684974372,0.012499325955285027,17.919947100104764,9.852652551391657,0.45725479317786416,80,True,False,False,False,False,False,False,False,False,False,False,False,False,False,False,False,1,False,right_pre_grasp_close
106,246,1,0,0,1,0,0,0,0,1,0,0,0,80.0,0.3252032520325203,155,167.0,155,0.6300813008130082,12.0,0.00454295426607132,0.027682257816195488,0.027854034677147865,True,True,0,32,0,0.08455443382263184,0.0006840859840947271,0.0024311295527454325,0.030448079109191895,0.02303787752186353,0.021667450900736913,12.987537389388308,8.620841835741885,0.09400678318884778,136,False,False,False,False,False,False,False,False,False,False,False,False,False,False,False,False,0,False,
107,240,1,0,0,1,0,0,0,0,1,0,0,0,76.0,0.31666666666666665,148,158.0,148,0.6166666666666667,10.0,0.00244097039103508,0.03913315758109093,0.03712807409465313,True,True,0,33,0,0.07911646366119385,0.0005350547074634227,0.002151124520507483,0.022521138191223145,0.015815681570543264,0.009723263362859516,11.249192783376202,9.444976487868189,0.0608567826737508,64,False,False,False,False,False,False,False,False,False,False,False,False,False,False,False,False,0,False,
108,267,1,0,0,1,0,0,0,0,1,0,0,0,70.0,0.26217228464419473,167,178.0,167,0.6254681647940075,11.0,0.001030363142490387,0.037044916301965714,0.03164445236325264,True,True,0,30,0,0.06267780065536499,0.0006029826073289991,0.002172582689398346,0.013919069431722164,0.02121184827146579,0.0077266988129863655,13.161485785618424,9.568479710163956,0.26517284127164725,4,False,False,False,False,False,False,False,False,False,False,False,False,False,False,False,False,0,False,
109,217,1,0,0,1,0,0,0,0,1,0,0,0,59.0,0.271889400921659,124,134.0,124,0.5714285714285714,10.0,0.0029741451144218445,0.0387318916618824,0.037953805178403854,True,True,0,31,0,0.08992958068847656,0.0009678098626860027,0.00331236811896192,0.015776991844177246,0.012798210223000749,0.0074056863076263696,13.54975582267798,10.228865888018845,0.17625069458474052,264,False,False,False,False,False,False,False,False,False,False,False,False,False,False,False,False,0,False,
110,214,2,1,0,1,0,0,0,0,1,1,0,0,64.0,0.29906542056074764,132,140.0,132,0.616822429906542,8.0,0.00168507918715477,0.024903242476284504,0.026813452132046223,True,True,0,32,0,0.09306162595748901,0.0008422116415660762,0.003246387941193782,0.045665740966796875,0.020169810712302925,0.007923004000187106,14.716443043842446,9.467421464007202,0.10958593133916138,5,True,False,False,False,False,True,False,False,False,False,False,False,False,False,False,False,2,False,"right_pre_grasp_close,gripper_twitch"
111,259,2,1,0,1,0,0,0,0,1,0,1,0,78.0,0.30115830115830117,162,174.0,162,0.6254826254826255,12.0,0.002456728368997574,0.03758391924202442,0.0337521918118,True,True,0,0,0,0.07260370254516602,0.0008345263613852192,0.002709989308590788,0.008588314056396484,0.012948126634109191,0.00894624730876734,14.647323422104819,10.106181465975169,0.014218497786501761,49,False,False,True,False,False,True,False,False,False,False,False,False,False,False,False,False,2,True,"right_post_release_close,gripper_twitch"
112,256,2,1,0,1,0,0,0,0,1,0,1,0,75.0,0.29296875,164,176.0,164,0.640625,12.0,0.00046372227370738983,0.024597031995654106,0.02706173062324524,True,True,0,0,0,0.10000848770141602,0.000687612107668125,0.0023287364323836012,0.01859025564044714,0.019999837379015086,0.002927558165195509,14.762596370652318,9.825117083274563,0.1407544060988657,262,False,False,True,False,False,True,False,False,False,False,False,False,False,False,False,False,2,True,"right_post_release_close,gripper_twitch"
113,233,1,0,0,1,0,0,0,0,1,0,0,0,68.0,0.2918454935622318,141,149.0,141,0.6051502145922747,8.0,0.0028238818049430847,0.03344272822141647,0.025344528257846832,True,True,0,30,0,0.09941419959068298,0.0008275816991762322,0.0030478063399213117,0.03224515914916992,0.015679691353896325,0.004291597361883198,15.766140157567861,9.904551793311839,0.12920949581641922,300,False,False,False,False,False,False,False,False,False,False,False,False,False,False,False,False,0,False,
114,246,1,0,0,1,0,0,0,0,1,0,0,0,80.0,0.3252032520325203,155,167.0,155,0.6300813008130082,12.0,0.001638481393456459,0.02315940149128437,0.02161390520632267,True,True,0,32,0,0.07048892974853516,0.0005359289164446842,0.0021181860492498292,0.023638108745217323,0.021689250763311966,0.020407670275599685,11.904136845376343,8.689713146621216,0.10802055276946626,365,False,False,False,False,False,False,False,False,False,False,False,False,False,False,False,False,0,False,
115,257,1,0,0,1,0,0,0,0,1,0,0,0,86.0,0.3346303501945525,164,174.0,164,0.6381322957198443,10.0,0.001230977475643158,0.03735666535794735,0.026310723274946213,True,True,0,31,0,0.07248431444168091,0.0006722168548695674,0.0023363795557445055,0.036772966384887695,0.019464577006464496,0.009057299641148263,13.736705452436581,9.514204317518306,0.10994520038520388,6,False,False,False,False,False,False,False,False,False,False,False,False,False,False,False,False,0,False,
116,246,1,0,0,1,0,0,0,0,1,0,0,0,80.0,0.3252032520325203,155,167.0,155,0.6300813008130082,12.0,0.001963181421160698,0.027223095297813416,0.0280014555901289,True,True,0,2,0,0.06624317169189453,0.0005334319816810443,0.0020119873692936085,0.011194467544555664,0.01879387503928242,0.01729910825435603,10.484404051327147,8.560380014208931,0.11411291024055636,186,False,False,False,False,False,False,False,False,False,False,False,False,False,False,False,False,0,False,
117,267,1,0,0,1,0,0,0,0,1,0,0,0,70.0,0.26217228464419473,167,178.0,167,0.6254681647940075,11.0,0.0011296048760414124,0.03071548417210579,0.023517418652772903,True,True,0,30,0,0.06205570697784424,0.0005955035328298157,0.0020779885328272817,0.012227773666381836,0.02238275583887947,0.010523646060078787,12.934172184024646,9.386609430795943,0.025419343715272623,29,False,False,False,False,False,False,False,False,False,False,False,False,False,False,False,False,0,False,
118,253,2,1,0,1,0,0,0,0,1,0,1,0,69.0,0.2727272727272727,151,162.0,151,0.5968379446640316,11.0,0.0028026700019836426,0.034268658608198166,0.024636154994368553,True,True,0,2,0,0.07923707365989685,0.0008992108750536451,0.0029434524387362947,0.023371587856672704,0.02245115826782012,0.007065256501217773,15.214190096594393,10.854849344061222,0.11115570197139456,65,False,False,True,False,False,True,False,False,False,False,False,False,False,False,False,False,2,True,"right_post_release_close,gripper_twitch"
119,274,1,0,0,1,0,0,0,0,1,0,0,0,80.0,0.291970802919708,182,191.0,182,0.6642335766423357,9.0,0.00045222416520118713,0.037891194224357605,0.03184126876294613,True,True,0,0,0,0.06949064135551453,0.0005495871263842273,0.0020361679886940556,0.012077270715963095,0.019152309430181088,0.0022037687954508836,12.88880077295471,10.595430917468548,0.054304792453075394,2,False,False,False,False,False,False,False,False,False,False,False,False,False,False,False,False,0,False,
120,251,1,0,0,1,0,0,0,0,1,0,0,0,72.0,0.2868525896414343,159,169.0,159,0.6334661354581673,10.0,0.0003198087215423584,0.029969902709126472,0.03020048327744007,True,True,0,1,0,0.07300218939781189,0.0007811178714434373,0.0027190760643082154,0.03175978409126401,0.023941493949966475,0.007665219148016891,15.050670327720582,9.248155990524538,0.26214238269980494,42,False,False,False,False,False,False,False,False,False,False,False,False,False,False,False,False,0,False,
121,253,1,0,0,1,0,0,0,2,1,0,0,0,69.0,0.2727272727272727,151,162.0,151,0.5968379446640316,11.0,0.00015228986740112305,0.03691650182008743,0.02651810087263584,True,True,0,2,0,0.07749146223068237,0.0007648136939345238,0.0026914267139975185,0.024098557885736227,0.02261262956804665,0.007570799661019042,14.676466150966007,10.460190002555464,0.11862295376773384,252,False,False,False,False,False,True,False,False,False,False,False,False,False,False,False,False,1,False,gripper_twitch
122,267,1,0,0,1,0,0,0,0,1,0,0,0,70.0,0.26217228464419473,167,178.0,167,0.6254681647940075,11.0,0.0012315809726715088,0.038515906780958176,0.03302036412060261,True,True,0,30,0,0.06205308437347412,0.0006797286760228762,0.0022378297808242965,0.014520305907353759,0.021818524592710095,0.009263227453626195,14.371050978574203,9.44422466019023,0.08662529202186411,140,False,False,False,False,False,False,False,False,False,False,False,False,False,False,False,False,0,False,
123,247,1,0,0,1,0,0,0,1,1,0,0,0,72.0,0.291497975708502,149,158.0,149,0.6032388663967612,9.0,0.006832104176282883,0.032654643058776855,0.026645242236554623,True,True,0,0,0,0.0776522159576416,0.0005314122271069628,0.002226849626383347,0.026600241661071777,0.012993496192220884,0.010579049815477278,14.095479816198349,9.83250619149112,0.14120062352977,141,False,False,False,False,False,True,True,False,False,False,False,False,False,False,False,False,2,False,"gripper_twitch,hold_slip"
124,267,1,0,0,1,0,0,0,0,1,0,0,0,70.0,0.26217228464419473,167,178.0,167,0.6254681647940075,11.0,0.0005877576768398285,0.02990848943591118,0.025443781167268753,True,True,0,6,22,0.0622219443321228,0.0006611689377925546,0.00251846399772414,0.026598952244967222,0.021472234497580036,0.008415237475792649,15.3021674817428,9.592788392350485,0.24052608616818855,343,False,False,False,False,False,False,False,False,False,False,False,False,False,False,False,False,0,False,
125,253,1,0,0,2,1,0,0,1,1,0,0,0,69.0,0.2727272727272727,151,162.0,151,0.5968379446640316,11.0,0.0026293136179447174,0.02335985004901886,0.021790754050016403,True,True,0,2,0,0.08342692255973816,0.0008387036653069342,0.002978447115265329,0.02608888316899538,0.055244836901463965,0.007900625906526395,14.796208257321268,13.347618894651532,0.8196148730391085,170,False,False,False,False,False,True,False,False,False,False,True,False,False,False,False,False,2,False,"gripper_twitch,start_outlier"
126,251,2,0,1,1,0,0,0,0,1,0,1,0,74.0,0.2948207171314741,154,164.0,154,0.6135458167330677,10.0,0.001558396965265274,0.03544497676193714,0.029369154945015907,True,True,0,0,0,0.08080500364303589,0.0011568561178461596,0.0033208669446157728,0.029643776593729854,0.007934058732515343,0.00702971427089176,16.74229004047811,12.501043822150677,0.11227561490643824,278,False,False,True,False,False,False,False,False,False,False,False,False,False,False,False,False,1,True,right_post_release_close
127,256,1,0,0,1,0,0,0,0,1,0,0,0,75.0,0.29296875,164,176.0,164,0.640625,12.0,0.0008711591362953186,0.03765072301030159,0.027692226693034172,True,True,0,0,0,0.08667844533920288,0.0006200532023969333,0.002421448818420086,0.03269660472869873,0.0203750610476045,0.00487031384774486,15.336417650338262,9.744308596163137,0.04247416386775852,3,False,False,False,False,False,False,False,False,False,False,False,False,False,False,False,False,0,False,
128,244,2,1,0,1,0,0,0,0,1,0,1,0,63.0,0.2581967213114754,139,150.0,139,0.569672131147541,11.0,0.001543775200843811,0.03024190478026867,0.022019384428858757,True,True,0,0,0,0.07220527529716492,0.0007364708722305747,0.002611211081728717,0.008709119312698022,0.007387120621076935,0.003704178222379652,13.38566202041693,10.317366486087849,0.1220717649742754,392,False,False,True,False,False,True,False,False,False,False,False,False,False,False,False,False,2,True,"right_post_release_close,gripper_twitch"
129,261,1,0,0,1,0,0,0,0,1,0,0,0,77.0,0.2950191570881226,167,177.0,167,0.6398467432950191,10.0,0.008588384836912155,0.027167439460754395,0.025500989519059658,True,True,0,29,0,0.10938286781311035,0.0015279332051771019,0.0041265385895636305,0.04597055912017822,0.009719985325414694,0.005560788598331595,20.124693928530178,11.237120656220213,0.41875597106072193,19,False,False,False,False,False,False,True,False,False,False,False,False,False,False,False,False,1,False,hold_slip
130,253,1,0,0,1,0,0,0,0,1,0,0,0,69.0,0.2727272727272727,151,162.0,151,0.5968379446640316,11.0,0.0018296688795089722,0.039246704429388046,0.027829469181597233,True,True,0,2,0,0.0789349377155304,0.0007491362713238996,0.002496179511125427,0.019611239433288574,0.02236381228984345,0.006782583725737961,13.465412966557778,10.444212899950799,0.14626793620988668,65,False,False,False,False,False,False,False,False,False,False,False,False,False,False,False,False,0,False,
131,230,1,0,0,1,0,0,0,0,1,0,0,0,65.0,0.2826086956521739,141,151.0,141,0.6130434782608696,10.0,0.0018500573933124542,0.023098337464034557,0.019459949806332588,True,True,0,31,0,0.07518863677978516,0.0006873568447299807,0.0024983878621087294,0.016173720359802246,0.009467046214653694,0.004419800857499451,11.93023353361059,9.669845629910924,0.14601835668191165,9,False,False,False,False,False,False,False,False,False,False,False,False,False,False,False,False,0,False,
132,239,3,2,0,1,0,0,0,0,1,1,1,0,66.0,0.27615062761506276,138,148.0,138,0.5774058577405857,10.0,0.0012828558683395386,0.02451907005161047,0.02400727942585945,True,True,0,0,0,0.08262407779693604,0.001169596902641025,0.003476952995016609,0.04978811740875244,0.016530466517054934,0.015289553370880416,18.313347779563628,9.42632682425392,0.041349860766731805,209,True,False,True,False,False,True,False,False,False,False,False,False,False,False,False,False,3,True,"right_pre_grasp_close,right_post_release_close,gripper_twitch"
133,231,1,0,0,1,0,0,0,0,1,0,0,0,68.0,0.2943722943722944,141,152.0,141,0.6103896103896104,11.0,0.0006612129509449005,0.03722980245947838,0.029072497971355915,True,True,0,33,0,0.08093863725662231,0.0006565430297415856,0.0024301953494597333,0.013494014739990234,0.011232959905423908,0.00725108181695676,12.539501958759502,8.480254936766869,0.2680855007739709,185,False,False,False,False,False,False,False,False,False,False,False,False,False,False,False,False,0,False,
134,253,2,1,0,1,0,0,0,0,1,0,1,0,69.0,0.2727272727272727,151,162.0,151,0.5968379446640316,11.0,0.001572445034980774,0.03581630066037178,0.024681481532752514,True,True,0,2,0,0.08163735270500183,0.0008845005225011325,0.0027433338471528975,0.007322673831367865,0.022259426114199204,0.006430038319853609,13.164156030863523,10.89614969905233,0.1570803466399043,43,False,False,True,False,False,True,False,False,False,False,False,False,False,False,False,False,2,True,"right_post_release_close,gripper_twitch"
135,256,2,1,0,1,0,0,0,0,1,0,1,0,75.0,0.29296875,164,176.0,164,0.640625,12.0,0.0012383870780467987,0.03635089099407196,0.025886453688144684,True,True,0,0,0,0.10240179300308228,0.0007544563987885656,0.0024733638803207825,0.02362680435180664,0.020095446739311768,0.003521906292683135,14.772907827391464,9.797610514483495,0.2060716782626907,214,False,False,True,False,False,True,False,False,False,False,False,False,False,False,False,False,2,True,"right_post_release_close,gripper_twitch"
136,246,1,0,0,1,0,0,0,0,1,0,0,0,80.0,0.3252032520325203,155,167.0,155,0.6300813008130082,12.0,0.0009198561310768127,0.027779458090662956,0.027881665155291557,True,True,0,3,0,0.08491647243499756,0.0007118741534355161,0.0024968102125749636,0.029759328812360764,0.02273306428364546,0.021513754184895834,12.553347622044384,8.782351502068195,0.09400678318884778,106,False,False,False,False,False,False,False,False,False,False,False,False,False,False,False,False,0,False,
137,267,1,0,0,1,0,0,0,1,1,0,0,0,70.0,0.26217228464419473,167,178.0,167,0.6254681647940075,11.0,0.0010884664952754974,0.02941446751356125,0.030233517289161682,True,True,0,31,0,0.06213021278381348,0.0006287693570008394,0.002365113864391865,0.01949973264709115,0.029107336303666256,0.007236710631005786,13.858560390770435,9.644008930656128,0.25926762042437806,11,False,False,False,False,False,True,False,False,False,False,False,False,False,False,False,False,1,False,gripper_twitch
138,221,2,1,0,1,0,0,0,0,1,0,1,0,70.0,0.3167420814479638,132,142.0,132,0.5972850678733032,10.0,0.00585748627781868,0.0351766012609005,0.0253866296261549,True,True,0,0,0,0.07379484176635742,0.0006370849895491405,0.002644318568630226,0.020562865887768567,0.008378258266298278,0.0016793165967081212,13.174433942418545,9.605659295436908,0.18789839981524453,212,False,False,True,False,False,True,True,False,False,False,False,False,False,False,False,False,3,True,"right_post_release_close,gripper_twitch,hold_slip"
139,244,2,1,1,1,0,0,0,0,1,0,1,0,60.0,0.2459016393442623,139,150.0,139,0.569672131147541,11.0,0.0018289200961589813,0.03684939816594124,0.029493531212210655,True,True,0,0,0,0.07220524549484253,0.0008756293621356128,0.002948943303212039,0.02594161033630371,0.007354914009379223,0.0036395254248561522,15.60747327801073,10.328801400341035,0.21415896145643395,201,False,False,True,False,False,True,False,False,False,False,False,False,False,False,False,False,2,True,"right_post_release_close,gripper_twitch"
140,267,1,0,0,1,0,0,0,0,1,0,0,0,70.0,0.26217228464419473,167,178.0,167,0.6254681647940075,11.0,0.001369386911392212,0.038711559027433395,0.03260217420756817,True,True,0,30,0,0.06205761432647705,0.0006026755722469945,0.0020863108557946574,0.014831375097855926,0.022012323326157802,0.00971090859138473,13.202765835623723,9.340810974616033,0.08662529202186411,122,False,False,False,False,False,False,False,False,False,False,False,False,False,False,False,False,0,False,
141,247,1,0,0,1,0,0,0,0,1,0,0,0,72.0,0.291497975708502,149,158.0,149,0.6032388663967612,9.0,0.0026769936084747314,0.030859331600368023,0.025707699358463287,True,True,0,0,0,0.09168136119842529,0.0006221496227304337,0.002340056609263195,0.03288280055858195,0.014310351884368695,0.012160243531917685,14.085580106591806,9.804927761240833,0.14120062352977,123,False,False,False,False,False,False,False,False,False,False,False,False,False,False,False,False,0,False,
142,246,1,0,0,1,0,0,0,0,1,0,0,0,80.0,0.3252032520325203,155,167.0,155,0.6300813008130082,12.0,0.005673019215464592,0.028898900374770164,0.02687153033912182,True,True,0,32,0,0.06654414534568787,0.0006042956020858479,0.0022589948480440276,0.03220021724700928,0.019043784607856763,0.017570291391841183,12.3865860946309,8.545931604308862,0.16134456556564186,365,False,False,False,False,False,False,True,False,False,False,False,False,False,False,False,False,1,False,hold_slip
143,261,1,0,0,1,0,0,0,0,1,0,0,0,74.0,0.2835249042145594,167,177.0,167,0.6398467432950191,10.0,0.0012040548026561737,0.025022266432642937,0.0261580441147089,True,True,0,30,0,0.08431446552276611,0.0008653920370850907,0.002760518418920453,0.008845686912536621,0.008451721608452452,0.002806395064106217,13.450597754213959,11.36475228575,0.15003063093287403,332,False,False,False,False,False,False,False,False,False,False,False,False,False,False,False,False,0,False,
144,215,1,0,0,1,0,0,0,0,1,0,0,0,72.0,0.33488372093023255,132,142.0,132,0.6139534883720931,10.0,0.0015161186456680298,0.03611959144473076,0.030798550695180893,True,True,0,31,0,0.08887583017349243,0.0009417198458830651,0.0031719760718198807,0.032622575759887695,0.01093432463676593,0.004669885627608958,14.294404527521692,8.673834628125405,0.2135183929560792,165,False,False,False,False,False,False,False,False,False,False,False,False,False,False,False,False,0,False,
145,247,1,0,0,1,0,0,0,0,1,0,0,0,65.0,0.2631578947368421,151,161.0,151,0.611336032388664,10.0,0.0007809996604919434,0.035934699699282646,0.02545319963246584,True,True,0,0,0,0.06935691833496094,0.0005541083195887696,0.002176901597043719,0.01000213623046875,0.011560134004272056,0.005569598670637465,11.630037680602982,10.397451784647274,0.020083512543605672,190,False,False,False,False,False,False,False,False,False,False,False,False,False,False,False,False,0,False,
146,242,1,0,0,1,0,0,0,0,1,0,0,0,71.0,0.29338842975206614,145,158.0,145,0.5991735537190083,13.0,0.007819678634405136,0.036079782992601395,0.025140270590782166,True,True,0,32,0,0.08188667893409729,0.0006319711449310135,0.0024338550032361374,0.008928322233259678,0.02134040751470324,0.01153477089328014,12.095851256453898,9.407234667931334,0.0900880997101556,283,False,False,False,False,False,False,True,False,False,False,False,False,False,False,False,False,1,False,hold_slip
147,230,1,0,0,1,0,0,1,0,1,0,0,0,64.0,0.2782608695652174,141,151.0,141,0.6130434782608696,10.0,0.0006413497030735016,0.034147076308727264,0.023839548230171204,True,True,0,31,0,0.08700728416442871,0.0008765918381593812,0.002852734872675225,0.018297569127753377,0.013367794133803085,0.010421496801962003,12.859059606213123,9.819784346755114,0.2720080647316258,92,False,False,False,False,False,True,False,False,False,False,False,False,False,False,False,False,1,False,gripper_twitch
148,215,1,0,0,1,0,0,0,0,1,0,0,0,72.0,0.33488372093023255,132,142.0,132,0.6139534883720931,10.0,0.0037174299359321594,0.03309718891978264,0.02802300825715065,True,True,0,31,0,0.09116196632385254,0.0009429004887293453,0.0031461872404433162,0.02853074064478278,0.010669057377174941,0.004009633627928284,13.495844601653516,8.717839743176228,0.18222121818544634,61,False,False,False,False,False,False,False,False,False,False,False,False,False,False,False,False,0,False,
149,247,1,0,0,1,0,0,0,0,1,0,0,0,65.0,0.2631578947368421,151,161.0,151,0.611336032388664,10.0,0.002762332558631897,0.036489980295300484,0.025201710872352123,True,True,0,0,0,0.08716040849685669,0.0008443346212387684,0.0026555865821828476,0.03489649295806885,0.012511580707206824,0.007343254247824293,14.766917368833674,10.542296605646698,0.125912237184877,38,False,False,False,False,False,False,False,False,False,False,False,False,False,False,False,False,0,False,
150,247,1,0,0,2,0,0,0,0,1,0,0,1,72.0,0.291497975708502,178,158.0,178,0.7206477732793523,-20.0,0.004764975979924202,0.03133697062730789,0.03491756319999695,True,True,0,0,0,0.08996176719665527,0.0006246106520707616,0.002353452192350845,0.03039272502064705,0.016088567949850998,0.014210115072653845,13.863518805475906,9.856295820598461,0.3167333009554824,398,False,False,False,True,False,False,False,False,True,True,False,False,False,False,False,False,3,True,"left_early_close,drop_risk,timing_outlier"
151,266,4,2,0,2,0,1,0,1,2,1,1,1,72.0,0.2706766917293233,160,170.0,160,0.6015037593984962,10.0,0.0020859278738498688,0.030329030007123947,0.026642593555152416,True,True,0,18,3,0.09861636161804199,0.0012135969101066558,0.004141782561222097,0.058573126792907715,0.018146061661362962,0.008904559314950536,22.39148583909264,11.123786486175959,0.8209027496332213,153,True,True,True,True,False,True,False,False,False,False,False,False,False,False,False,False,5,True,"right_pre_grasp_close,right_regrasp,right_post_release_close,left_early_close,gripper_twitch"
152,247,1,0,0,1,0,0,0,0,1,0,0,0,72.0,0.291497975708502,149,158.0,149,0.6032388663967612,9.0,0.007430529221892357,0.037768106907606125,0.028377522714436054,True,True,0,0,0,0.07485657930374146,0.00048150630182989694,0.00205718658298072,0.01468515396118164,0.014789779407794147,0.012720964060648196,12.456649933476001,10.034684785448917,0.16343116880586195,1,False,False,False,False,False,False,True,False,False,False,False,False,False,False,False,False,1,False,hold_slip
153,247,1,0,0,2,0,0,0,0,1,0,0,1,65.0,0.2631578947368421,196,161.0,196,0.7935222672064778,-35.0,0.010050199925899506,0.03038021642714739,0.020749235525727272,True,True,0,0,0,0.060482367873191833,0.000551999651862202,0.0022023548045283035,0.007213309756480157,0.011684967017846172,0.005824275522620165,11.498779205881874,10.519800371617748,0.1778345836437876,82,False,False,False,True,False,False,True,False,True,True,False,False,False,False,False,False,4,True,"left_early_close,hold_slip,drop_risk,timing_outlier"
154,217,1,0,0,1,0,0,0,0,1,0,0,0,59.0,0.271889400921659,124,134.0,124,0.5714285714285714,10.0,0.0008593350648880005,0.030518343672156334,0.019458122551441193,True,True,0,31,0,0.09104681015014648,0.0007176228612140497,0.002684163176332303,0.014374625403434038,0.013257765304255431,0.008174248934156761,11.29987077738042,9.495320747655569,0.12762035614549755,179,False,False,False,False,False,False,False,False,False,False,False,False,False,False,False,False,0,False,
155,240,1,0,0,1,0,0,0,0,1,0,0,0,70.0,0.2916666666666667,141,152.0,141,0.5875,11.0,0.003623688593506813,0.029830744490027428,0.026471227407455444,True,True,0,31,0,0.09024879336357117,0.0008078451793767517,0.0029231049649963226,0.015565952518954873,0.01049114123310582,0.004533149933033328,12.655054961098358,11.100282568535476,0.12132919444581887,225,False,False,False,False,False,False,False,False,False,False,False,False,False,False,False,False,0,False,
156,241,2,1,1,1,0,0,0,0,1,0,1,0,80.0,0.33195020746887965,155,165.0,155,0.6431535269709544,10.0,0.005716713145375252,0.03122119791805744,0.025544365867972374,True,True,0,5,0,0.08857491612434387,0.0010723689493556659,0.0031138020166977076,0.010226849466562271,0.012363601920569352,0.010227996084341837,15.076012576930225,8.767263904868742,0.33608503986689686,335,False,False,True,False,False,True,True,False,False,False,False,False,False,False,False,False,3,True,"right_post_release_close,gripper_twitch,hold_slip"
157,251,2,0,1,1,0,0,0,0,1,0,1,0,74.0,0.2948207171314741,154,164.0,154,0.6135458167330677,10.0,0.0017112158238887787,0.03499503247439861,0.02577640675008297,True,True,0,0,0,0.1160636842250824,0.0017318651760971006,0.004622511188636362,0.05754697322845459,0.009953383682015229,0.009248645386259727,23.3125639812788,11.95311692613177,0.4364967774213933,220,False,False,True,False,False,False,False,False,False,False,False,False,False,False,False,False,1,True,right_post_release_close
158,247,1,0,0,1,0,0,1,0,1,0,0,0,72.0,0.291497975708502,149,158.0,149,0.6032388663967612,9.0,0.0007032174617052078,0.021926174871623516,0.018384592607617378,True,True,0,0,0,0.07505512237548828,0.00046989731302208383,0.0020039043885222586,0.009826421737670898,0.01430568632062294,0.012154752683833165,12.022236209208131,9.800759922520228,0.13826293356086997,233,False,False,False,False,False,True,False,False,False,False,False,False,False,False,False,False,1,False,gripper_twitch
159,244,1,0,0,1,0,0,0,0,1,0,0,0,78.0,0.319672131147541,153,165.0,153,0.6270491803278688,12.0,0.002085985615849495,0.030517730861902237,0.02445756085216999,True,True,0,3,0,0.09548819065093994,0.0006344617230112093,0.0023741460794357897,0.014788150787353516,0.01970911327451767,0.005548308632822074,12.901924305479042,9.949523959270664,0.025268692885501074,296,False,False,False,False,False,False,False,False,False,False,False,False,False,False,False,False,0,False,
160,242,2,0,1,1,0,0,0,0,1,0,1,0,71.0,0.29338842975206614,156,155.0,156,0.6446280991735537,-1.0,0.005097351968288422,0.03832897171378136,0.03743095509707928,True,True,0,32,0,0.09717690944671631,0.0006972775656588177,0.0025442955011346744,0.014173429692164063,0.022521781105860172,0.013596638218586992,12.547753987135366,10.076900578584173,0.18748404300275676,268,False,False,True,False,False,False,True,False,True,False,False,False,False,False,False,False,3,True,"right_post_release_close,hold_slip,drop_risk"
161,240,1,0,0,1,0,0,0,0,1,0,0,0,76.0,0.31666666666666665,148,158.0,148,0.6166666666666667,10.0,0.00178525410592556,0.026792422868311405,0.030293278396129608,True,True,0,33,0,0.07651695609092712,0.000530570334738949,0.002174594886779304,0.01483464241027832,0.01462067807479595,0.007626945276421174,11.215222763130441,9.453958170694023,0.16375068399597761,242,False,False,False,False,False,False,False,False,False,False,False,False,False,False,False,False,0,False,
162,247,1,0,0,1,0,0,0,1,1,0,0,0,72.0,0.291497975708502,149,158.0,149,0.6032388663967612,9.0,0.0063758064061403275,0.028774429112672806,0.02816859818994999,True,True,0,0,0,0.11215221881866455,0.0017889529640049285,0.003962956157714516,0.05122840404510498,0.016427009638954895,0.01459218960195516,19.93428251946898,10.020488476886385,0.2304273773471091,98,False,False,False,False,False,True,True,False,False,False,False,False,False,False,False,False,2,False,"gripper_twitch,hold_slip"
163,241,2,1,1,1,0,0,0,0,1,0,1,0,80.0,0.33195020746887965,155,165.0,155,0.6431535269709544,10.0,0.0020139776170253754,0.03577239438891411,0.024783949367702007,True,True,0,4,0,0.09385694563388824,0.0012215317957818303,0.0036452658903506235,0.02931211213581264,0.012062602365573247,0.009862029572098186,17.791315539740026,8.803363604660262,0.3186498574608713,335,False,False,True,False,False,True,False,False,False,False,False,False,False,False,False,False,2,True,"right_post_release_close,gripper_twitch"
164,244,2,1,1,2,0,0,0,0,1,0,1,1,60.0,0.2459016393442623,154,150.0,154,0.6311475409836066,-4.0,0.001852128654718399,0.03708180412650108,0.027748984284698963,True,True,0,0,0,0.07220527529716492,0.000985873269912147,0.003209685347755963,0.0017236790154129267,0.006996151643781557,0.002845614706104635,14.640634293557923,10.570969143787806,0.16924860343091733,58,False,False,True,True,False,True,False,False,True,False,False,False,False,False,False,False,4,True,"right_post_release_close,left_early_close,gripper_twitch,drop_risk"
165,215,1,0,0,1,0,0,0,0,1,0,0,0,72.0,0.33488372093023255,132,142.0,132,0.6139534883720931,10.0,0.00218009389936924,0.027718746103346348,0.021114950999617577,True,True,0,31,0,0.08924311399459839,0.0008935212600947647,0.0029469111995942313,0.01909005641937256,0.01054405454022194,0.0036640773272322243,12.674004806671292,8.670689555050558,0.16859398737173112,379,False,False,False,False,False,False,False,False,False,False,False,False,False,False,False,False,0,False,
166,259,2,1,1,1,0,0,0,0,1,0,1,0,78.0,0.30115830115830117,162,174.0,162,0.6254826254826255,12.0,0.002546079456806183,0.03629668429493904,0.02742508426308632,True,True,0,0,0,0.07260346412658691,0.001061666692819754,0.003149397301506166,0.014024190604686737,0.012183473693888986,0.007798614545314056,16.19721361109987,10.19153198967797,0.20416712309712384,49,False,False,True,False,False,True,False,False,False,False,False,False,False,False,False,False,2,True,"right_post_release_close,gripper_twitch"
167,251,2,1,1,1,0,0,0,0,0,0,0,0,,,154,,154,0.6135458167330677,,,,0.019255295395851135,True,True,0,0,0,0.06185665726661682,0.0006533615350700764,0.002627043948938032,0.02655768394470215,0.006238420968024336,0.005038401624886806,14.540805324417306,12.514664337970316,0.2889100636496879,393,False,False,False,False,False,True,False,True,False,False,False,False,False,False,False,False,2,True,"gripper_twitch,no_handover"
168,240,1,0,0,1,0,0,0,0,1,0,0,0,70.0,0.2916666666666667,141,152.0,141,0.5875,11.0,0.001872790977358818,0.024388308636844158,0.03035796247422695,True,True,0,31,0,0.0910692811012268,0.0009250008616813738,0.003112014875525478,0.03502249717712402,0.011287542926845221,0.006155812640729131,14.498143601347692,11.100082750483125,0.1288502985905247,175,False,False,False,False,False,False,False,False,False,False,False,False,False,False,False,False,0,False,
169,240,1,0,0,1,0,0,0,1,1,0,0,0,70.0,0.2916666666666667,141,152.0,141,0.5875,11.0,0.00288337841629982,0.03762742877006531,0.03590543195605278,True,True,0,31,0,0.08815401792526245,0.0008388522086202345,0.003181730298443924,0.025310303943115287,0.01041033603452675,0.004342867750018773,12.992956971051171,11.125121625307656,0.19025912181840798,54,False,False,False,False,False,True,False,False,False,False,False,False,False,False,False,False,1,False,gripper_twitch
170,251,2,1,0,2,0,0,0,1,1,0,1,1,72.0,0.2868525896414343,159,169.0,159,0.6334661354581673,10.0,0.0019320100545883179,0.036752503365278244,0.0264626769348979,True,True,0,1,0,0.07780386507511139,0.0007855323815204539,0.0027049349465170444,0.037958838045597076,0.0603403538277172,0.00298391841867606,14.112554694082064,11.457425792235881,0.8196148730391085,125,False,False,True,True,False,True,False,False,False,False,True,False,False,False,False,False,4,True,"right_post_release_close,left_early_close,gripper_twitch,start_outlier"
171,230,1,0,0,1,0,0,0,0,1,0,0,0,66.0,0.28695652173913044,141,151.0,141,0.6130434782608696,10.0,0.00278681144118309,0.029287584125995636,0.025223007425665855,True,True,0,31,0,0.09548485279083252,0.0008810608165252446,0.0028755981296946344,0.022914246539585292,0.010974591430167548,0.007095867293620354,13.093307361006737,9.771308934814442,0.1532555833256513,372,False,False,False,False,False,False,False,False,False,False,False,False,False,False,False,False,0,False,
172,221,1,0,0,1,0,0,0,0,1,0,0,0,70.0,0.3167420814479638,132,142.0,132,0.5972850678733032,10.0,0.0008476581424474716,0.030785351991653442,0.019207866862416267,True,True,0,0,0,0.07542222738265991,0.0005885065187696395,0.0024487001599886576,0.011485457420349121,0.008781743160946629,0.003121522961635364,12.079762283014134,9.272609215065586,0.0941302304420244,248,False,False,False,False,False,False,False,False,False,False,False,False,False,False,False,False,0,False,
173,240,1,0,0,1,0,0,0,0,1,0,0,0,76.0,0.31666666666666665,147,159.0,147,0.6125,12.0,0.0010350197553634644,0.03833438456058502,0.028712226077914238,True,True,0,2,0,0.08461940288543701,0.0006842728545399591,0.0026723541776873558,0.03215560782700777,0.015128373047305396,0.01151327891835693,12.881586427800357,9.664532576007332,0.16595414511773776,17,False,False,False,False,False,False,False,False,False,False,False,False,False,False,False,False,0,False,
174,239,1,0,0,1,0,0,1,0,1,0,0,0,66.0,0.27615062761506276,138,148.0,138,0.5774058577405857,10.0,0.0009230189025402069,0.0370608065277338,0.026472704485058784,True,True,0,0,0,0.07678109407424927,0.0007189581831297197,0.0027320932964757117,0.030408518388867378,0.018199424006225543,0.0170801976911248,14.85205499548465,9.673943647609121,0.04319576580419143,235,False,False,False,False,False,True,False,False,False,False,False,False,False,False,False,False,1,False,gripper_twitch
175,240,1,0,0,1,0,0,0,0,1,0,0,0,70.0,0.2916666666666667,141,152.0,141,0.5875,11.0,0.0020272042602300644,0.02838954236358404,0.025375574827194214,True,True,0,31,0,0.09383034706115723,0.0009250205237966092,0.0032291732724336855,0.031061010668054223,0.01080978767718928,0.005228471437074145,14.11764433211647,11.069306583078287,0.07637623126843181,74,False,False,False,False,False,False,False,False,False,False,False,False,False,False,False,False,0,False,
176,251,2,1,0,1,0,0,0,0,1,0,1,0,74.0,0.2948207171314741,154,164.0,154,0.6135458167330677,10.0,0.0025137457996606827,0.029569710604846478,0.019748151302337646,True,True,0,0,0,0.06801813840866089,0.0005695438087891724,0.0023290038071762473,0.0041772841941565275,0.005318991922836257,0.003841779514049921,12.645873030647635,12.006496049463749,0.029729260791806985,362,False,False,True,False,False,True,False,False,False,False,False,False,False,False,False,False,2,True,"right_post_release_close,gripper_twitch"
177,214,1,0,0,2,1,0,0,0,1,0,0,0,64.0,0.29906542056074764,142,140.0,142,0.6635514018691588,-2.0,0.0011589601635932922,0.03369402326643467,0.03040198888629675,True,True,0,32,0,0.08532726764678955,0.0008659196990437876,0.0032747715096590993,0.029478162294253707,0.019478729711359437,0.005947574243760901,12.628503842512146,9.634502253113169,0.12170431482230933,357,False,False,False,False,False,True,False,False,True,False,False,False,False,False,False,False,2,True,"gripper_twitch,drop_risk"
178,251,2,0,1,1,0,0,0,0,1,0,1,0,74.0,0.2948207171314741,154,164.0,154,0.6135458167330677,10.0,0.0013516396284103394,0.03387867845594883,0.024705490097403526,True,True,0,0,0,0.08421593904495239,0.001139146930952087,0.0031490412653389023,0.01034765993244946,0.006466900623885735,0.005318683900984341,15.575514459982514,12.569818546297029,0.20965793448354927,12,False,False,True,False,False,False,False,False,False,False,False,False,False,False,False,False,1,True,right_post_release_close
179,217,1,0,0,1,0,0,0,0,1,0,0,0,59.0,0.271889400921659,124,134.0,124,0.5714285714285714,10.0,0.000925019383430481,0.03842540457844734,0.026982907205820084,True,True,0,2,0,0.0900043249130249,0.0007259136624314112,0.002734370759764027,0.012742144521325827,0.01298101741258081,0.007717306385039409,11.884677633177489,9.464421135888188,0.12762035614549755,154,False,False,False,False,False,False,False,False,False,False,False,False,False,False,False,False,0,False,
180,274,1,0,0,1,0,0,0,1,1,0,0,0,80.0,0.291970802919708,182,191.0,182,0.6642335766423357,9.0,0.0004625637084245682,0.03031526505947113,0.022958709858357906,True,True,0,0,0,0.06646674871444702,0.0006923831736957476,0.002556278934831689,0.032837748527526855,0.019615083809161802,0.004774636450541656,15.011192156467587,10.410342327448234,0.2584952458109619,315,False,False,False,False,False,True,False,False,False,False,False,False,False,False,False,False,1,False,gripper_twitch
181,245,1,0,0,1,0,0,0,0,1,0,0,0,75.0,0.30612244897959184,151,161.0,151,0.6163265306122448,10.0,0.0030906815081834793,0.02972524706274271,0.027477437630295753,True,True,0,30,0,0.09824693202972412,0.0008081086994032757,0.0029746222506294136,0.03701051394455135,0.013171388009143511,0.004805341955989246,15.641242708079517,10.203811005740135,0.31406816507441754,396,False,False,False,False,False,False,False,False,False,False,False,False,False,False,False,False,0,False,
182,261,1,0,0,1,0,0,0,0,1,0,0,0,73.0,0.2796934865900383,167,177.0,167,0.6398467432950191,10.0,0.00052683986723423,0.021723534911870956,0.022001095116138458,True,True,0,30,0,0.09233725070953369,0.0009137398935909345,0.0030660345140321936,0.023081754334270954,0.009961989259844931,0.005973732930280983,16.475904812454246,11.234225471336686,0.3611331580528373,364,False,False,False,False,False,False,False,False,False,False,False,False,False,False,False,False,0,False,
183,240,1,0,0,1,0,0,0,1,1,0,0,0,76.0,0.31666666666666665,149,159.0,149,0.6208333333333333,10.0,0.0013256780803203583,0.03701983392238617,0.030042745172977448,True,True,0,32,0,0.0849757194519043,0.0006176153654583292,0.002329063784711874,0.010129222646355629,0.012698534627096693,0.008058579407626358,11.77732928772457,9.83890975990289,0.19728437017723102,360,False,False,False,False,False,True,False,False,False,False,False,False,False,False,False,False,1,False,gripper_twitch
184,221,2,1,0,1,0,0,0,0,1,0,1,0,70.0,0.3167420814479638,132,142.0,132,0.5972850678733032,10.0,0.000321168452501297,0.03530462086200714,0.02545321360230446,True,True,0,0,0,0.07545924186706543,0.0006630797190826322,0.0027751136823928697,0.024614986265078187,0.022703703733408652,0.003347089416310202,14.381156964227557,9.69093596120365,0.1953568962377269,138,False,False,True,False,False,True,False,False,False,False,False,False,False,False,False,False,2,True,"right_post_release_close,gripper_twitch"
185,231,1,0,0,1,0,0,0,0,1,0,0,0,68.0,0.2943722943722944,141,152.0,141,0.6103896103896104,11.0,0.0006009712815284729,0.03056787233799696,0.024258747696876526,True,True,0,33,0,0.08171260356903076,0.0006124738571193782,0.0023730710669506235,0.013115854933857918,0.011322952599860749,0.007389726304676862,11.994582295388682,8.461511794746912,0.2680855007739709,133,False,False,False,False,False,False,False,False,False,False,False,False,False,False,False,False,0,False,
186,246,2,1,0,1,0,0,0,0,1,1,0,0,80.0,0.3252032520325203,155,167.0,155,0.6300813008130082,12.0,0.002219507470726967,0.027913784608244896,0.02791505493223667,True,True,0,2,0,0.07061398029327393,0.0005747957631822454,0.0022269024951743484,0.016097187995910645,0.019880980889788295,0.01847438249425116,11.104309755435679,8.589745662724454,0.11411291024055636,116,True,False,False,False,False,True,False,False,False,False,False,False,False,False,False,False,2,False,"right_pre_grasp_close,gripper_twitch"
187,221,1,0,0,1,0,0,1,0,1,0,0,0,70.0,0.3167420814479638,132,142.0,132,0.5972850678733032,10.0,0.00218379870057106,0.03787160664796829,0.028040962293744087,True,True,0,0,0,0.07494139671325684,0.0006002532924652287,0.0025074158256269846,0.01659212145023048,0.008712980968882523,0.0029224869579337655,12.218316032551229,9.270367516768147,0.19836233914173215,216,False,False,False,False,False,True,False,False,False,False,False,False,False,False,False,False,1,False,gripper_twitch
188,240,1,0,0,1,0,0,0,0,1,0,0,0,76.0,0.31666666666666665,148,158.0,148,0.6166666666666667,10.0,0.0020948462188243866,0.02609720267355442,0.030251985415816307,True,True,0,33,0,0.07636243104934692,0.0005180864447008883,0.0020563333810429373,0.007527441717684269,0.015538567378571268,0.009265697116844657,9.945970740052871,9.458056255914926,0.15577176777326066,64,False,False,False,False,False,False,False,False,False,False,False,False,False,False,False,False,0,False,
189,251,2,0,1,1,0,0,0,0,1,0,1,0,74.0,0.2948207171314741,154,164.0,154,0.6135458167330677,10.0,0.0018678046762943268,0.035536989569664,0.0252003725618124,True,True,0,0,0,0.09112048149108887,0.001204974327892838,0.0032917575334517357,0.009855746291577816,0.0055182652952400985,0.004113252560690579,16.13371508498676,12.498597459343728,0.24544078850768128,176,False,False,True,False,False,False,False,False,False,False,False,False,False,False,False,False,1,True,right_post_release_close
190,247,1,0,0,1,0,0,0,0,1,0,0,0,65.0,0.2631578947368421,151,161.0,151,0.611336032388664,10.0,0.0008133985102176666,0.0361251849681139,0.025774499401450157,True,True,0,0,0,0.07023167610168457,0.0005616296561687452,0.0021975453946069742,0.011028766632080078,0.011601026212268732,0.005653984465223243,11.699463308052145,10.451449274933111,0.020083512543605672,145,False,False,False,False,False,False,False,False,False,False,False,False,False,False,False,False,0,False,
191,242,2,1,0,1,0,0,0,0,1,0,1,0,71.0,0.29338842975206614,145,158.0,145,0.5991735537190083,13.0,0.003930933773517609,0.025769302621483803,0.027328358963131905,True,True,0,32,0,0.08859729766845703,0.0006876231430791653,0.002558531181287025,0.02673327922821045,0.022068246927288385,0.012831425061567928,13.37921053788159,9.398817329332815,0.15401389229492282,238,False,False,True,False,False,True,False,False,False,False,False,False,False,False,False,False,2,True,"right_post_release_close,gripper_twitch"
192,242,1,0,0,1,0,0,0,0,1,0,0,0,71.0,0.29338842975206614,145,158.0,145,0.5991735537190083,13.0,0.006864575669169426,0.034402430057525635,0.0251817237585783,True,True,0,32,0,0.08054828643798828,0.0006823837638068481,0.0025754155332861077,0.013787131290882826,0.02101578676124937,0.01092251069402839,12.39950812156303,9.27789323394245,0.27036868876855374,215,False,False,False,False,False,False,True,False,False,False,False,False,False,False,False,False,1,False,hold_slip
193,240,1,0,0,1,0,0,0,2,1,0,0,0,76.0,0.31666666666666665,148,158.0,148,0.6166666666666667,10.0,0.0018502697348594666,0.03919601999223232,0.0323770996183157,True,True,0,3,0,0.08910459280014038,0.0006886775095482667,0.0025914368466148055,0.05107271671295166,0.01747092312389323,0.012780972239963924,15.225618597120047,9.472082864696858,0.13590386226159795,50,False,False,False,False,False,True,False,False,False,False,False,False,False,False,False,False,1,False,gripper_twitch
194,246,1,0,0,1,0,0,0,0,1,0,0,0,80.0,0.3252032520325203,155,167.0,155,0.6300813008130082,12.0,0.0025586020201444626,0.0226387120783329,0.021616220474243164,True,True,0,32,0,0.06988525390625,0.0005028798747053056,0.0019629041419175794,0.0193104213103652,0.020951239899980687,0.019621515251129536,10.217138979583979,8.679389762775827,0.16785056377723628,204,False,False,False,False,False,False,False,False,False,False,False,False,False,False,False,False,0,False,
195,247,1,0,0,1,0,0,0,0,1,0,0,0,65.0,0.2631578947368421,151,161.0,151,0.611336032388664,10.0,0.0027760788798332214,0.03676360100507736,0.025330666452646255,True,True,0,0,0,0.066478431224823,0.0005650916505648633,0.0023003001152819918,0.011585917556658387,0.011314762268656343,0.005040592857139798,12.371229131240398,10.426872996275051,0.11212760664506286,85,False,False,False,False,False,False,False,False,False,False,False,False,False,False,False,False,0,False,
196,266,1,0,0,1,0,0,0,0,1,0,0,0,72.0,0.2706766917293233,160,170.0,160,0.6015037593984962,10.0,0.000808127224445343,0.03855021856725216,0.026947980746626854,True,True,0,31,0,0.08249557018280029,0.0006870268896064537,0.002510759001531082,0.01274974481202662,0.016017558787637505,0.002563944673917319,14.864659573649988,9.98947969749861,0.19449592705756064,352,False,False,False,False,False,False,False,False,False,False,False,False,False,False,False,False,0,False,
197,241,1,0,0,1,0,0,2,0,1,0,0,0,80.0,0.33195020746887965,155,165.0,155,0.6431535269709544,10.0,0.0019731521606445312,0.02274809591472149,0.02064563613384962,True,True,0,29,0,0.07471943274140358,0.0009382462212037494,0.003106620502969582,0.024787641828879714,0.011598756146838923,0.009288939423036383,15.318228239601012,8.758257564113592,0.3684658578540282,226,False,False,False,False,False,True,False,False,False,False,False,False,False,False,False,False,1,False,gripper_twitch
198,217,2,1,0,1,0,0,0,0,1,0,1,0,59.0,0.271889400921659,124,134.0,124,0.5714285714285714,10.0,0.0003933347761631012,0.03512534871697426,0.024870168417692184,True,True,0,31,0,0.09819352626800537,0.0009307402955270577,0.0030025171960329153,0.010567069053649902,0.013345628264608935,0.008315996545933187,12.293085891520604,9.50131358397448,0.2703573443559999,264,False,False,True,False,False,True,False,False,False,False,False,False,False,False,False,False,2,True,"right_post_release_close,gripper_twitch"
199,214,2,1,0,1,0,0,0,0,1,1,0,0,64.0,0.29906542056074764,132,140.0,132,0.616822429906542,8.0,0.0010700244456529617,0.030925688333809376,0.02844976168125868,True,True,0,3,0,0.08529472351074219,0.0008247194415710714,0.003243143497267206,0.04377574333921075,0.020383674530674543,0.00845262773280127,14.101411879062653,9.478432672414783,0.12801285321651182,357,True,False,False,False,False,True,False,False,False,False,False,False,False,False,False,False,2,False,"right_pre_grasp_close,gripper_twitch"
200,217,2,1,0,1,0,0,0,0,1,0,1,0,59.0,0.271889400921659,124,134.0,124,0.5714285714285714,10.0,0.00020449236035346985,0.03530963510274887,0.02482813037931919,True,True,0,32,0,0.0993795394897461,0.0009885887738249064,0.003522684212360714,0.031176596879959106,0.014721476127626114,0.010702888622043008,15.537824230268598,9.494976953254081,0.35842166739039966,373,False,False,True,False,False,True,False,False,False,False,False,False,False,False,False,False,2,True,"right_post_release_close,gripper_twitch"
201,244,2,1,0,1,0,0,0,0,1,0,1,0,63.0,0.2581967213114754,139,150.0,139,0.569672131147541,11.0,0.0015618950128555298,0.03046075440943241,0.019713139161467552,True,True,0,0,0,0.07220527529716492,0.0007425878090124346,0.0026070929213621264,0.006684780120849609,0.006915323129805532,0.002640658861427384,13.725021912367083,10.329355845686223,0.21415896145643395,139,False,False,True,False,False,True,False,False,False,False,False,False,False,False,False,False,2,True,"right_post_release_close,gripper_twitch"
202,251,1,0,0,1,0,0,0,0,1,0,0,0,72.0,0.2868525896414343,159,169.0,159,0.6334661354581673,10.0,0.0007376763969659805,0.03092513419687748,0.027209075167775154,True,True,0,1,0,0.11159005761146545,0.0011414013829747346,0.0033384027380742834,0.04050612449645996,0.02348963093617598,0.006109272751203649,17.489705670508556,9.257011491947196,0.22137990877404265,308,False,False,False,False,False,False,False,False,False,False,False,False,False,False,False,False,0,False,
203,274,1,0,0,1,0,0,0,0,1,0,0,0,80.0,0.291970802919708,182,191.0,182,0.6642335766423357,9.0,0.00048365816473960876,0.036921609193086624,0.029812516644597054,True,True,0,0,0,0.06687390804290771,0.0005269666079477848,0.0020594766615339966,0.0182357975281775,0.019607964521480607,0.004745304317959151,13.311180714314105,10.461092908763021,0.19096884513061094,119,False,False,False,False,False,False,False,False,False,False,False,False,False,False,False,False,0,False,
204,246,2,1,0,1,0,0,0,0,1,1,0,0,80.0,0.3252032520325203,155,167.0,155,0.6300813008130082,12.0,0.0012419503182172775,0.022544702515006065,0.021846093237400055,True,True,0,32,0,0.06854721903800964,0.0005326217644067874,0.002117011001339304,0.016202807426452637,0.02002629564143715,0.018630671606842595,10.781418994709384,8.653644480826188,0.13935990657569833,186,True,False,False,False,False,True,False,False,False,False,False,False,False,False,False,False,2,False,"right_pre_grasp_close,gripper_twitch"
205,244,2,0,2,2,1,0,0,0,0,0,0,0,,,145,,145,0.5942622950819673,,,,0.025156982243061066,True,True,0,0,0,0.09442400932312012,0.0013238458825270585,0.0037148576192299323,0.006300792447291315,0.006942444995777452,0.002710890582854088,17.33248483366333,10.315369747193472,0.2241442716461123,164,False,False,False,False,False,True,False,True,False,False,False,False,False,False,False,False,2,True,"gripper_twitch,no_handover"
206,244,1,0,0,1,0,0,0,0,1,0,0,0,78.0,0.319672131147541,153,165.0,153,0.6270491803278688,12.0,0.0007864553481340408,0.03064694255590439,0.01818673685193062,True,True,0,32,0,0.09074103832244873,0.0006294040476062302,0.0024522034751212132,0.019188676960766315,0.020557019246011776,0.008057643755973447,13.295134161424357,9.69687174117098,0.2498410064723795,37,False,False,False,False,False,False,False,False,False,False,False,False,False,False,False,False,0,False,
207,274,1,0,0,1,0,0,0,1,1,0,0,0,80.0,0.291970802919708,193,200.0,193,0.7043795620437956,7.0,0.002868417650461197,0.035613955929875374,0.02542327716946602,True,True,0,0,0,0.08904552459716797,0.0008301249737832818,0.002921239875648465,0.042203664779663086,0.01993042068956436,0.005938628567052726,17.020360825612443,11.006513547165014,0.3589378221217692,354,False,False,False,False,False,True,False,False,False,True,False,False,False,False,False,False,2,False,"gripper_twitch,timing_outlier"
208,256,1,0,0,1,0,0,0,0,1,0,0,0,75.0,0.29296875,164,176.0,164,0.640625,12.0,0.002441585063934326,0.03424980863928795,0.029932578094303608,True,True,0,0,0,0.0854254961013794,0.0005842910667813276,0.0021610667567814254,0.0154532624874264,0.019940770609276102,0.002492223259199443,13.317941925837658,9.71339288729996,0.1493508215233166,262,False,False,False,False,False,False,False,False,False,False,False,False,False,False,False,False,0,False,
209,239,3,2,0,1,0,0,0,0,1,1,1,0,66.0,0.27615062761506276,138,148.0,138,0.5774058577405857,10.0,0.000859677791595459,0.024811528623104095,0.024836774915456772,True,True,0,0,0,0.08090221881866455,0.0011889833506525034,0.0034727512533418298,0.047341227531433105,0.016116308479830213,0.014840805841549632,17.957792891043937,9.446536951076268,0.041349860766731805,132,True,False,True,False,False,True,False,False,False,False,False,False,False,False,False,False,3,True,"right_pre_grasp_close,right_post_release_close,gripper_twitch"
210,215,1,0,0,1,0,0,0,0,1,0,0,0,72.0,0.33488372093023255,132,142.0,132,0.6139534883720931,10.0,0.004167329519987106,0.02500904444605112,0.031439539045095444,True,True,0,2,0,0.10857540369033813,0.0010066816923871998,0.003172289533214064,0.007656156667508185,0.010291002400512615,0.0028553645861988807,11.858294439763995,9.199381415548487,0.18972551603201776,69,False,False,False,False,False,False,False,False,False,False,False,False,False,False,False,False,0,False,
211,230,1,0,0,1,0,0,0,0,1,0,0,0,63.0,0.27391304347826084,141,151.0,141,0.6130434782608696,10.0,0.0020406730473041534,0.03263385780155659,0.028080344200134277,True,True,0,25,0,0.08681249618530273,0.0007446639252680317,0.0025324881261809245,0.006918532773852348,0.010146655177992894,0.005732738166936813,11.690197705873288,9.68812345761944,0.07650896537665136,221,False,False,False,False,False,False,False,False,False,False,False,False,False,False,False,False,0,False,
212,221,1,0,0,2,0,0,0,0,1,0,0,1,78.0,0.35294117647058826,132,142.0,132,0.5972850678733032,10.0,0.00182298943400383,0.03812438249588013,0.02640463039278984,True,True,0,0,0,0.0748053789138794,0.0005660161330566551,0.002440483117259516,0.005188584327697754,0.008368955495512422,0.0016322710378645661,12.223900249664439,9.721900516520236,0.18789839981524453,138,False,False,False,True,False,False,False,False,False,False,False,False,False,False,False,False,1,True,left_early_close
213,240,1,0,0,2,1,0,0,0,1,0,0,0,76.0,0.31666666666666665,149,159.0,149,0.6208333333333333,10.0,0.00711669959127903,0.03329380974173546,0.03521760180592537,True,True,0,32,0,0.08441495895385742,0.0008241492530810444,0.0030743281982099965,0.015405893325805664,0.018617098840065294,0.015820375773482952,13.406982985325158,10.20710914188021,0.18858884528954942,246,False,False,False,False,False,True,True,False,False,False,False,False,False,False,False,False,2,False,"gripper_twitch,hold_slip"
214,256,1,0,0,1,0,0,0,0,1,0,0,0,75.0,0.29296875,164,176.0,164,0.640625,12.0,0.0008358675986528397,0.02519523724913597,0.022261262871325016,True,True,0,0,0,0.0864025354385376,0.0004747525389404192,0.0018565850487427568,0.007964082062244415,0.01988219376807827,0.001969383993368356,12.449925312190317,9.6815917943959,0.058618011359961635,345,False,False,False,False,False,False,False,False,False,False,False,False,False,False,False,False,0,False,
215,242,1,0,0,1,0,0,0,0,1,0,0,0,71.0,0.29338842975206614,145,158.0,145,0.5991735537190083,13.0,0.0028782933950424194,0.02823677659034729,0.02671045996248722,True,True,0,32,0,0.07707905769348145,0.0006107852710913427,0.002417029220128678,0.016619104892015457,0.021004745448690285,0.010901251214018304,12.938077445374802,9.260665287394659,0.1328049067576545,73,False,False,False,False,False,False,False,False,False,False,False,False,False,False,False,False,0,False,
216,221,1,0,0,1,0,0,0,0,1,0,0,0,70.0,0.3167420814479638,132,142.0,132,0.5972850678733032,10.0,0.0018068943172693253,0.031401077285408974,0.028934115543961525,True,True,0,0,0,0.07365274429321289,0.0005955916326378807,0.0024847886433693243,0.010600090026855469,0.008662585541650576,0.002768624373510696,11.999288835329935,9.296649574516323,0.10882194584553619,248,False,False,False,False,False,False,False,False,False,False,False,False,False,False,False,False,0,False,
217,244,1,0,0,1,0,0,0,0,1,0,0,0,78.0,0.319672131147541,153,165.0,153,0.6270491803278688,12.0,0.0009506568312644958,0.03842805325984955,0.026552975177764893,True,True,0,32,0,0.0902097225189209,0.0006038405495210896,0.0023065329058158343,0.013038842393143568,0.019552606349229354,0.004963768494319955,12.22119522705907,9.81775156378535,0.193875521257621,296,False,False,False,False,False,False,False,False,False,False,False,False,False,False,False,False,0,False,
218,256,1,0,0,1,0,0,0,0,1,0,0,0,75.0,0.29296875,164,176.0,164,0.640625,12.0,0.005125615745782852,0.0240231491625309,0.018302351236343384,True,True,0,0,0,0.08378857374191284,0.0006742624871822973,0.002676391249082709,0.03239095211029053,0.02061033391270896,0.005776046076277966,15.377687971107662,9.982779821882104,0.2133393216579089,99,False,False,False,False,False,False,True,False,False,False,False,False,False,False,False,False,1,False,hold_slip
219,245,2,1,0,1,0,0,1,0,1,1,0,0,75.0,0.30612244897959184,151,161.0,151,0.6163265306122448,10.0,0.004963343963027,0.033775197342038155,0.02991625014692545,True,True,0,30,0,0.09679263830184937,0.0007687151018126152,0.002854899496922327,0.04078090190887451,0.030552431988275494,0.027983154747540182,14.916254899231717,10.14108151342225,0.13502241467636722,339,True,False,False,False,False,True,False,False,False,False,False,False,False,False,False,False,2,False,"right_pre_grasp_close,gripper_twitch"
220,251,2,0,1,1,0,0,0,0,1,0,1,0,74.0,0.2948207171314741,154,164.0,154,0.6135458167330677,10.0,0.001071646809577942,0.03544730506837368,0.02471395954489708,True,True,0,0,0,0.1150045096874237,0.0014547176001051309,0.0041140920513651705,0.0535883903503418,0.008593212178679444,0.007766008647122473,20.94367962924298,12.212615056196228,0.22188427362130778,83,False,False,True,False,False,False,False,False,False,False,False,False,False,False,False,False,1,True,right_post_release_close
221,230,1,0,0,1,0,0,0,0,1,0,0,0,67.0,0.29130434782608694,141,151.0,141,0.6130434782608696,10.0,0.0010988451540470123,0.02360573224723339,0.020165016874670982,True,True,0,31,0,0.07568621635437012,0.000678646125306824,0.0023801733096273114,0.002808285178616643,0.009755494383196405,0.005007928339157885,10.678549579228275,9.674211238996577,0.07650896537665136,211,False,False,False,False,False,False,False,False,False,False,False,False,False,False,False,False,0,False,
222,244,1,0,0,1,0,0,0,0,1,0,0,0,78.0,0.319672131147541,153,165.0,153,0.6270491803278688,12.0,0.002297341823577881,0.03387276828289032,0.023950569331645966,True,True,0,32,0,0.09867894649505615,0.0006804370277245821,0.0026085469223964997,0.018455147743225098,0.020449478323281554,0.0077791867384477634,14.143407750874758,9.92194593530985,0.2542499053352751,390,False,False,False,False,False,False,False,False,False,False,False,False,False,False,False,False,0,False,
223,221,1,0,0,1,0,0,0,0,1,0,0,0,70.0,0.3167420814479638,132,142.0,132,0.5972850678733032,10.0,0.0021888520568609238,0.024663252755999565,0.020813273265957832,True,True,0,0,0,0.07482665777206421,0.000600232269994329,0.002574061184581497,0.021159869385883212,0.00866801682491467,0.0027855714552292,12.83035461511463,9.294359197937865,0.17557953124847503,397,False,False,False,False,False,False,False,False,False,False,False,False,False,False,False,False,0,False,
224,245,1,0,0,1,0,0,0,0,1,0,0,0,75.0,0.30612244897959184,151,161.0,151,0.6163265306122448,10.0,0.005531080067157745,0.029724028892815113,0.027382385917007923,True,True,0,30,0,0.09291493892669678,0.0007703767566084688,0.0027872935981784167,0.015952568035572767,0.012862499347594147,0.0038793992696603105,13.565761107951403,10.009521538908302,0.2681297983733499,231,False,False,False,False,False,False,True,False,False,False,False,False,False,False,False,False,1,False,hold_slip
225,240,1,0,0,1,0,0,0,0,1,0,0,0,70.0,0.2916666666666667,141,152.0,141,0.5875,11.0,0.0015258509665727615,0.023297536186873913,0.020133620128035545,True,True,0,31,0,0.088998943567276,0.0008220707327253696,0.0030160679468147085,0.02573537826538086,0.010641282765393905,0.00487055467431137,13.845643915934488,10.994723387695558,0.033327229086346825,24,False,False,False,False,False,False,False,False,False,False,False,False,False,False,False,False,0,False,
226,241,2,1,0,1,0,0,0,2,1,0,1,0,80.0,0.33195020746887965,155,165.0,155,0.6431535269709544,10.0,0.0004889853298664093,0.027816014364361763,0.02919035032391548,True,True,0,29,0,0.07581454887986183,0.0008793845274139535,0.0029479544174115463,0.01959147769957781,0.01384922285886265,0.01198141165495325,14.55709834676236,8.7971134888503,0.14485734101411205,28,False,False,True,False,False,True,False,False,False,False,False,False,False,False,False,False,2,True,"right_post_release_close,gripper_twitch"
227,230,1,0,0,1,0,0,0,0,1,0,0,0,67.0,0.29130434782608694,141,151.0,141,0.6130434782608696,10.0,0.0015882588922977448,0.025012887082993984,0.020665591582655907,True,True,0,31,0,0.07374310493469238,0.000759697245818588,0.002642143080734104,0.02448105812072754,0.009835698824157298,0.005162426459436813,12.648720089549897,9.680815282784351,0.09509972922388292,280,False,False,False,False,False,False,False,False,False,False,False,False,False,False,False,False,0,False,
228,256,2,1,0,1,0,0,0,0,1,0,1,0,75.0,0.29296875,164,176.0,164,0.640625,12.0,0.001763494685292244,0.03242475539445877,0.026234126649796963,True,True,0,0,0,0.10470211505889893,0.00070591151336021,0.002296118649798806,0.009590672212652862,0.020017580114969853,0.003046367991750426,14.448320104274899,9.755552321591495,0.11486941280149492,345,False,False,True,False,False,True,False,False,False,False,False,False,False,False,False,False,2,True,"right_post_release_close,gripper_twitch"
229,240,1,0,0,2,0,0,0,1,1,0,0,1,70.0,0.2916666666666667,141,152.0,141,0.5875,11.0,0.009279865771532059,0.030366024002432823,0.02648153342306614,True,True,0,31,0,0.08148610591888428,0.0009918036387099127,0.003567829944617252,0.029086124151945114,0.017942714390987574,0.0044447117068367285,15.455938548780978,11.323252550733741,0.41752570903347813,169,False,False,False,True,False,True,True,False,False,False,False,False,False,False,False,False,3,True,"left_early_close,gripper_twitch,hold_slip"
230,274,1,0,0,1,0,0,0,0,1,0,0,0,80.0,0.291970802919708,182,202.0,182,0.6642335766423357,20.0,0.0025035738945007324,0.03774655982851982,0.02760193683207035,True,True,0,0,0,0.08035778999328613,0.0006137807619105824,0.002290642908079545,0.014654576894827187,0.0194436263781043,0.004012511324060387,13.244982283562422,11.318069131300945,0.2568303054489697,2,False,False,False,False,False,False,False,False,False,False,False,False,False,False,False,False,0,False,
231,245,1,0,0,1,0,0,0,0,1,0,0,0,75.0,0.30612244897959184,151,161.0,151,0.6163265306122448,10.0,0.0022400319576263428,0.02251451462507248,0.02251940593123436,True,True,0,30,0,0.09863626956939697,0.000697694706248063,0.0024589934704229016,0.008994698524475098,0.012541172844851253,0.0026242838167804075,11.99459330967511,10.203256222004711,0.25884232059119994,366,False,False,False,False,False,False,False,False,False,False,False,False,False,False,False,False,0,False,
232,230,1,0,0,1,0,0,0,0,1,0,0,0,64.0,0.2782608695652174,141,151.0,141,0.6130434782608696,10.0,0.0017621051520109177,0.028842370957136154,0.025531494989991188,True,True,0,31,0,0.09783387184143066,0.0008945102950196387,0.002731820676890652,0.008953206124715507,0.010192018101154969,0.00581265073471945,12.063260397408158,9.762786530443918,0.11035760839698154,341,False,False,False,False,False,False,False,False,False,False,False,False,False,False,False,False,0,False,
233,247,1,0,0,1,0,0,0,0,1,0,0,0,72.0,0.291497975708502,149,158.0,149,0.6032388663967612,9.0,0.001504160463809967,0.02372797206044197,0.02047090418636799,True,True,0,0,0,0.07397031784057617,0.0004303600496944006,0.0018678565756857697,0.0033805370330810547,0.014142931692170001,0.011962770103553684,11.269301643915242,9.821030906208762,0.11219403438170593,291,False,False,False,False,False,False,False,False,False,False,False,False,False,False,False,False,0,False,
234,246,1,0,0,1,0,0,0,1,1,0,0,0,80.0,0.3252032520325203,155,181.0,155,0.6300813008130082,26.0,0.01604401133954525,0.03980720788240433,0.037509188055992126,True,True,0,32,0,0.11111199855804443,0.0009542300581273504,0.003004492785310258,0.039730072021484375,0.02242048887736797,0.021183194492425995,15.731777094653808,9.325871770121012,0.33715466055122845,45,False,False,False,False,False,True,True,False,False,False,False,False,False,False,False,False,2,False,"gripper_twitch,hold_slip"
235,239,1,0,0,1,0,0,1,0,1,0,0,0,66.0,0.27615062761506276,138,148.0,138,0.5774058577405857,10.0,0.0008727610111236572,0.036817606538534164,0.026557624340057373,True,True,0,0,0,0.07635274529457092,0.0007108820137640221,0.002680824222519298,0.025555802509188652,0.017539802261972704,0.016375554415000097,14.684411150868982,9.645914093202009,0.04319576580419143,174,False,False,False,False,False,True,False,False,False,False,False,False,False,False,False,False,1,False,gripper_twitch
236,246,1,0,0,1,0,0,0,0,1,0,0,0,80.0,0.3252032520325203,155,167.0,155,0.6300813008130082,12.0,0.0025609973818063736,0.028861265629529953,0.028313567861914635,True,True,0,32,0,0.0794670581817627,0.0006534229882547798,0.002296448477653977,0.03123859316110611,0.019498450255674458,0.01806208652888081,12.008394718402997,8.693368213334907,0.11735490508056792,13,False,False,False,False,False,False,False,False,False,False,False,False,False,False,False,False,0,False,
237,274,1,0,0,1,0,0,0,0,1,0,0,0,80.0,0.291970802919708,182,191.0,182,0.6642335766423357,9.0,0.0005325190722942352,0.030307499691843987,0.022437763400375843,True,True,0,0,0,0.06642240285873413,0.0004938136265027583,0.0019148681444044393,0.00803357269614935,0.01916424660492351,0.002305208955544328,11.757197086670203,10.188379685523614,0.19891653150088467,93,False,False,False,False,False,False,False,False,False,False,False,False,False,False,False,False,0,False,
238,242,1,0,0,1,0,0,0,0,1,0,0,0,71.0,0.29338842975206614,145,158.0,145,0.5991735537190083,13.0,0.004420774057507515,0.02728709951043129,0.029068488627672195,True,True,0,32,0,0.08996191620826721,0.0006654512423011387,0.0025185768244507874,0.0166703462600708,0.02182103736757717,0.012401436145223644,12.438394268596312,9.777817209615023,0.15401389229492282,191,False,False,False,False,False,False,False,False,False,False,False,False,False,False,False,False,0,False,
239,217,1,0,0,1,0,0,1,0,1,0,0,0,59.0,0.271889400921659,124,134.0,124,0.5714285714285714,10.0,0.0009049288928508759,0.03750378265976906,0.02662815898656845,True,True,0,32,0,0.09053540229797363,0.0007466786091572573,0.0028366357325272213,0.02059594914317131,0.013670393285382746,0.008827777599819871,12.004853201797232,9.465167447508065,0.026198965983788056,306,False,False,False,False,False,True,False,False,False,False,False,False,False,False,False,False,1,False,gripper_twitch
240,256,1,0,0,1,0,0,0,0,1,0,0,0,75.0,0.29296875,164,176.0,164,0.640625,12.0,0.002524886280298233,0.02715798281133175,0.020444761961698532,True,True,0,0,0,0.08608543872833252,0.0004922711317086832,0.0019381814079063831,0.009126543998718262,0.01981118659674592,0.0010295429340296538,13.186889948905446,9.711159621400839,0.13527044432508192,353,False,False,False,False,False,False,False,False,False,False,False,False,False,False,False,False,0,False,
241,240,1,0,0,1,0,0,0,0,1,0,0,0,76.0,0.31666666666666665,148,158.0,148,0.6166666666666667,10.0,0.004033595323562622,0.03608155436813831,0.03410072810947895,True,True,0,33,0,0.07871019840240479,0.0006229848365527842,0.002500588800216906,0.039455488324165344,0.015619529531829312,0.00940083877525789,13.749245862331009,9.44844727378404,0.055489842679998846,350,False,False,False,False,False,False,False,False,False,False,False,False,False,False,False,False,0,False,
242,240,1,0,0,1,0,0,0,0,1,0,0,0,76.0,0.31666666666666665,148,158.0,148,0.6166666666666667,10.0,0.0010887794196605682,0.024179261177778244,0.030098735354840755,True,True,0,33,0,0.07688704133033752,0.0005298032654495871,0.0021843327639975542,0.015157260932028294,0.0140971077521404,0.006567687101115675,11.507605380495079,9.477231992614179,0.16375068399597761,161,False,False,False,False,False,False,False,False,False,False,False,False,False,False,False,False,0,False,
243,241,2,1,0,1,0,0,1,0,1,0,1,0,80.0,0.33195020746887965,155,165.0,155,0.6431535269709544,10.0,0.001050170511007309,0.027795404195785522,0.033040666952729225,True,True,0,29,0,0.07449500821530819,0.0008905867244813801,0.0029387391358925794,0.020432114601135254,0.013173111985595242,0.011193039392231175,14.393370299600065,9.134911974382703,0.1900493404568891,28,False,False,True,False,False,True,False,False,False,False,False,False,False,False,False,False,2,True,"right_post_release_close,gripper_twitch"
244,240,1,0,0,1,0,0,0,0,1,0,0,0,76.0,0.31666666666666665,148,158.0,148,0.6166666666666667,10.0,0.0010764691978693008,0.024954522028565407,0.030246974900364876,True,True,0,33,0,0.07899832725524902,0.0006390919206173033,0.002620723452174131,0.05110812187194824,0.015249172472149748,0.008771734604288591,14.617037696880288,9.472089381162732,0.22936038285301136,241,False,False,False,False,False,False,False,False,False,False,False,False,False,False,False,False,0,False,
245,266,3,2,0,2,1,0,0,1,1,1,1,0,72.0,0.2706766917293233,160,170.0,160,0.6015037593984962,10.0,0.0009498782455921173,0.03681052289903164,0.027785195969045162,True,True,0,31,0,0.08380240201950073,0.0008533797848219567,0.00312453509096005,0.05443835258483887,0.01805116859732042,0.008709552830333629,17.96595505721052,10.088216470976477,0.21798491523273877,59,True,False,True,False,False,True,False,False,False,False,False,False,False,False,False,False,3,True,"right_pre_grasp_close,right_post_release_close,gripper_twitch"
246,240,1,0,0,1,0,0,0,1,1,0,0,0,76.0,0.31666666666666665,149,159.0,149,0.6208333333333333,10.0,0.005173355340957642,0.031954165548086166,0.03410686179995537,True,True,0,32,0,0.08420133590698242,0.0006666359024101836,0.0025595189114509314,0.023032069206237793,0.01363483737936535,0.009465553906411624,12.581049813947175,9.829562371382053,0.15798695382429775,360,False,False,False,False,False,True,True,False,False,False,False,False,False,False,False,False,2,False,"gripper_twitch,hold_slip"
247,257,1,0,0,1,0,0,0,0,1,0,0,0,86.0,0.3346303501945525,164,174.0,164,0.6381322957198443,10.0,0.00164005346596241,0.02892844658344984,0.018534325063228607,True,True,0,31,0,0.07372550666332245,0.0006444998561417319,0.002198123169528118,0.018185853958129883,0.01895006616462023,0.007891129601802422,12.121321282233112,9.525523323671223,0.05745964791931673,351,False,False,False,False,False,False,False,False,False,False,False,False,False,False,False,False,0,False,
248,221,1,0,0,1,0,0,0,0,1,0,0,0,70.0,0.3167420814479638,132,142.0,132,0.5972850678733032,10.0,0.0025382377207279205,0.03846106119453907,0.026107508689165115,True,True,0,0,0,0.0786098837852478,0.0006147857990553542,0.0025203990063408293,0.016704082489013672,0.008848762031014342,0.0033053717093097096,11.8679904632736,9.312992985923756,0.0941302304420244,172,False,False,False,False,False,False,False,False,False,False,False,False,False,False,False,False,0,False,
249,239,1,0,0,1,0,0,0,0,1,0,0,0,66.0,0.27615062761506276,138,148.0,138,0.5774058577405857,10.0,0.0007831137627363205,0.030616343952715397,0.019279610365629196,True,True,0,0,0,0.07663369178771973,0.000688848506784375,0.0027385110316617027,0.027031898498535156,0.014961537577185423,0.013577986805232133,14.624811080342624,9.571593412041693,0.16784771960521946,378,False,False,False,False,False,False,False,False,False,False,False,False,False,False,False,False,0,False,
250,267,1,0,0,1,0,0,0,0,1,0,0,0,70.0,0.26217228464419473,167,178.0,167,0.6254681647940075,11.0,0.001320812851190567,0.03769594989717007,0.031462470069527626,True,True,0,30,0,0.06247597932815552,0.0005932547000625035,0.0020500880110753445,0.0036716461181640625,0.02209090626609955,0.009887745299739225,12.073281175398733,9.586664291004126,0.11702379954302795,29,False,False,False,False,False,False,False,False,False,False,False,False,False,False,False,False,0,False,
251,251,2,0,1,1,0,0,0,0,1,0,1,0,74.0,0.2948207171314741,154,164.0,154,0.6135458167330677,10.0,0.0025507695972919464,0.034028636291623116,0.024155640974640846,True,True,0,0,0,0.08889424800872803,0.0011818122374634432,0.0033319349639015982,0.009729497833177447,0.006134268961012817,0.004908854290506246,16.126971898891497,12.618835356784984,0.194894383075379,12,False,False,True,False,False,False,False,False,False,False,False,False,False,False,False,False,1,True,right_post_release_close
252,253,1,0,0,1,0,0,0,0,1,0,0,0,69.0,0.2727272727272727,151,162.0,151,0.5968379446640316,11.0,0.00028821080923080444,0.02898544631898403,0.019230345264077187,True,True,0,2,0,0.07791256904602051,0.0007706987650973791,0.002608106212865338,0.021511977771297097,0.022546731019609332,0.0073975509790364,13.743995416210964,10.646896079095313,0.10126789748232436,14,False,False,False,False,False,False,False,False,False,False,False,False,False,False,False,False,0,False,
253,221,1,0,0,2,1,0,0,1,1,0,0,0,70.0,0.3167420814479638,132,142.0,132,0.5972850678733032,10.0,0.003069501370191574,0.027059181593358517,0.021128688007593155,True,True,0,0,0,0.07223713397979736,0.0005817803563391299,0.0025749868649944056,0.02962450496852398,0.04692864585074073,0.0026291230313881045,12.713603066978976,9.548960965214064,0.22512173270639277,212,False,False,False,False,False,True,False,False,False,False,False,False,False,False,False,False,1,False,gripper_twitch
254,259,2,1,1,1,0,0,0,2,1,0,1,0,78.0,0.30115830115830117,179,185.0,179,0.6911196911196911,6.0,0.0075410641729831696,0.02711091935634613,0.03501962125301361,True,True,0,0,0,0.07477542757987976,0.0010572894918066413,0.003305062893689357,0.015929280663840473,0.012225089083347315,0.007863470014724845,17.205217490904033,10.763581730088845,0.3149434084883898,394,False,False,True,False,False,True,True,False,False,True,False,False,False,False,False,False,4,True,"right_post_release_close,gripper_twitch,hold_slip,timing_outlier"
255,233,1,0,0,1,0,0,0,0,1,0,0,0,67.0,0.2875536480686695,141,152.0,141,0.6051502145922747,11.0,0.0011126697063446045,0.03204970434308052,0.027024376206099987,True,True,0,1,0,0.07392117381095886,0.0008451882502097939,0.0030255113425438464,0.02260868391022086,0.009630760557661386,0.004454317915693865,14.0678884802619,9.477137783342187,0.250033955776742,36,False,False,False,False,False,False,False,False,False,False,False,False,False,False,False,False,0,False,
256,240,1,0,0,1,0,0,0,0,1,0,0,0,76.0,0.31666666666666665,149,159.0,149,0.6208333333333333,10.0,0.0009397678077220917,0.03510881960391998,0.026791157200932503,True,True,0,32,0,0.09504538774490356,0.0006503001268397337,0.0023521408038196375,0.009986169636249542,0.014823703957623505,0.011109910864480802,12.032788143551443,9.577886062459584,0.15448923032365994,305,False,False,False,False,False,False,False,False,False,False,False,False,False,False,False,False,0,False,
257,240,1,0,0,1,0,0,0,0,1,0,0,0,76.0,0.31666666666666665,148,158.0,148,0.6166666666666667,10.0,0.0018521398305892944,0.038531653583049774,0.03625362738966942,True,True,0,33,0,0.084256112575531,0.0007039511447808443,0.0026270761405755008,0.05611443519592285,0.01603830027458805,0.01008132642962003,15.130877755174879,9.440835620947837,0.3196856351942754,313,False,False,False,False,False,False,False,False,False,False,False,False,False,False,False,False,0,False,
258,256,2,0,0,1,0,0,0,0,2,0,0,0,48.0,0.1875,164,176.0,164,0.640625,12.0,0.003203039988875389,0.021749289706349373,0.01812443695962429,True,True,0,0,0,0.08592069149017334,0.0005821974941455796,0.0024123421536854715,0.042477965354919434,0.02074707780262616,0.006246445519665415,15.314814321493031,9.869590590743428,0.16447397053571666,327,False,True,False,False,False,False,False,False,False,True,False,False,False,False,False,False,2,True,"right_regrasp,timing_outlier"
259,247,1,0,0,2,0,0,1,0,1,0,0,1,72.0,0.291497975708502,177,158.0,177,0.7165991902834008,-19.0,0.0025120433419942856,0.02786010317504406,0.03504965640604496,True,True,0,0,0,0.09530448913574219,0.0007663072236365868,0.0025452416876250985,0.017711400985717773,0.014552056991590612,0.012443782157671857,14.923263040487655,10.009380597195559,0.3966618779487141,158,False,False,False,True,False,True,False,False,True,True,False,False,False,False,False,False,4,True,"left_early_close,gripper_twitch,drop_risk,timing_outlier"
260,257,1,0,0,1,0,0,0,0,1,0,0,0,86.0,0.3346303501945525,164,174.0,164,0.6381322957198443,10.0,0.0010131411254405975,0.03684928081929684,0.02548738569021225,True,True,0,31,0,0.07202814519405365,0.0006344506585853661,0.002210806152000628,0.011656403541564941,0.018597568866628392,0.0070024628880090214,12.203605108195916,9.541649180569948,0.0661302604894158,377,False,False,False,False,False,False,False,False,False,False,False,False,False,False,False,False,0,False,
261,245,1,0,0,1,0,0,0,0,1,0,0,0,75.0,0.30612244897959184,151,161.0,151,0.6163265306122448,10.0,0.00617201067507267,0.029962971806526184,0.029011155478656292,True,True,0,30,0,0.10575038194656372,0.0007943330751427867,0.0028313077661470372,0.025474113994278014,0.012669491131590422,0.003181486250171366,13.792951057082973,10.34833274390985,0.25713676464163,339,False,False,False,False,False,False,True,False,False,False,False,False,False,False,False,False,1,False,hold_slip
262,256,1,0,0,1,0,0,0,0,1,0,0,0,75.0,0.29296875,164,176.0,164,0.640625,12.0,0.0038606971502304077,0.023292360827326775,0.023139506578445435,True,True,0,0,0,0.08463495969772339,0.0005102359926554746,0.00213355691009829,0.019090683665126562,0.020032710353015428,0.0031442532292639386,13.556627338984981,9.700417892577207,0.1407544060988657,112,False,False,False,False,False,False,False,False,False,False,False,False,False,False,False,False,0,False,
263,230,1,0,0,1,0,0,0,0,1,0,0,0,63.0,0.27391304347826084,141,151.0,141,0.6130434782608696,10.0,0.0023065153509378433,0.032610416412353516,0.027250604704022408,True,True,0,2,0,0.0810692310333252,0.000730715386427321,0.0025661741367555453,0.013258934020996094,0.009671649702603695,0.0048425699333554464,11.791653709369712,9.68871859090541,0.058931134403338574,303,False,False,False,False,False,False,False,False,False,False,False,False,False,False,False,False,0,False,
264,217,1,0,0,1,0,0,0,0,1,0,0,0,59.0,0.271889400921659,124,134.0,124,0.5714285714285714,10.0,0.0008340291678905487,0.038438841700553894,0.02669585682451725,True,True,0,31,0,0.08993279933929443,0.0007294664815684819,0.0027096554849831158,0.011114964727312326,0.012835759291783934,0.0074703896398689565,11.899309653090313,9.44405542039567,0.1470480384622525,154,False,False,False,False,False,False,False,False,False,False,False,False,False,False,False,False,0,False,
265,214,1,0,0,1,0,0,0,0,1,0,0,0,64.0,0.29906542056074764,132,140.0,132,0.616822429906542,8.0,0.0011647269129753113,0.031112033873796463,0.019286655820906162,True,True,0,32,0,0.08706057071685791,0.0008328323536607169,0.0029002117511593753,0.012400150299072266,0.018786496350017032,0.002980800786039612,13.278678035538178,9.48726463260482,0.10702349838533523,276,False,False,False,False,False,False,False,False,False,False,False,False,False,False,False,False,0,False,
266,215,1,0,0,1,0,0,0,0,1,0,0,0,72.0,0.33488372093023255,132,142.0,132,0.6139534883720931,10.0,0.0036993641406297684,0.030758120119571686,0.028014618903398514,True,True,0,31,0,0.08824056386947632,0.0009882466562180846,0.0030647400397656255,0.008612045552581549,0.01022490131020038,0.0026071024751819333,12.411310370778665,8.66826939785642,0.1832357252316545,75,False,False,False,False,False,False,False,False,False,False,False,False,False,False,False,False,0,False,
267,261,1,0,0,1,0,0,0,0,1,0,0,0,74.0,0.2835249042145594,167,177.0,167,0.6398467432950191,10.0,0.0014830958098173141,0.026782413944602013,0.03153803013265133,True,True,0,30,0,0.09130668640136719,0.0009708115804172424,0.0033303087219227674,0.021062374114990234,0.009255405339232416,0.004701785097444328,16.814787002280354,11.749386416617199,0.326904234682195,395,False,False,False,False,False,False,False,False,False,False,False,False,False,False,False,False,0,False,
268,242,1,0,0,1,0,0,0,0,1,0,0,0,71.0,0.29338842975206614,145,158.0,145,0.5991735537190083,13.0,0.002643577754497528,0.037191636860370636,0.03166530281305313,True,True,0,32,0,0.09099304676055908,0.0006281074845046993,0.002308088581088761,0.005136581137776375,0.022460512718794526,0.013474729431362353,11.772798774705734,9.773549679695861,0.11957025684561973,283,False,False,False,False,False,False,False,False,False,False,False,False,False,False,False,False,0,False,
269,233,2,1,0,1,0,0,0,0,1,0,1,0,68.0,0.2918454935622318,141,149.0,141,0.6051502145922747,8.0,0.004462230950593948,0.028808625414967537,0.02348699327558279,True,True,0,30,0,0.08483994007110596,0.0007326973745533297,0.002747590512415777,0.011174487066455185,0.015356061061681804,0.0028937343162722755,13.11623272439465,9.897700451503624,0.15035418513707108,338,False,False,True,False,False,True,False,False,False,False,False,False,False,False,False,False,2,True,"right_post_release_close,gripper_twitch"
270,241,1,0,0,1,0,0,1,0,1,0,0,0,80.0,0.33195020746887965,155,165.0,155,0.6431535269709544,10.0,0.0027030017226934433,0.027279909700155258,0.020214091055095196,True,True,0,29,0,0.07054130360484123,0.000871860762010802,0.002881424764649951,0.024832487106323242,0.013281983815470393,0.011320969283830043,15.3306545028463,8.744729984973674,0.40838449077238065,226,False,False,False,False,False,True,False,False,False,False,False,False,False,False,False,False,1,False,gripper_twitch
271,214,1,0,0,1,0,0,0,1,1,0,0,0,64.0,0.29906542056074764,132,140.0,132,0.616822429906542,8.0,0.002210240811109543,0.038832398131489754,0.027466004714369774,True,True,0,32,0,0.08540642261505127,0.0007704726523571923,0.003099969313038193,0.016335106491169427,0.018949245606731252,0.0038764206790639767,13.591358819277957,10.063311805159174,0.4054355816678968,265,False,False,False,False,False,True,False,False,False,False,False,False,False,False,False,False,1,False,gripper_twitch
272,261,1,0,0,1,0,0,0,0,1,0,0,0,73.0,0.2796934865900383,167,177.0,167,0.6398467432950191,10.0,0.0008398126810789108,0.02677332516759634,0.027348306961357594,True,True,0,7,5,0.08151859045028687,0.0008371538386314829,0.002837975565452135,0.01539003849029541,0.00877898439103412,0.0036762510859676585,14.22157304477878,11.324044461696758,0.33692597686010495,143,False,False,False,False,False,False,False,False,False,False,False,False,False,False,False,False,0,False,
273,247,2,1,1,1,0,0,0,0,1,0,1,0,65.0,0.2631578947368421,151,161.0,151,0.611336032388664,10.0,0.002498794347047806,0.03520468808710575,0.023895040154457092,True,True,0,0,0,0.06889981031417847,0.0007973232924715718,0.0025341212400655307,0.010423694038763642,0.011073603001111501,0.004473076634875059,13.344730579119641,10.404841354476957,0.11909269387050878,320,False,False,True,False,False,True,False,False,False,False,False,False,False,False,False,False,2,True,"right_post_release_close,gripper_twitch"
274,240,1,0,0,1,0,0,0,0,1,0,0,0,76.0,0.31666666666666665,148,158.0,148,0.6166666666666667,10.0,0.002170449122786522,0.02886506635695696,0.030232266522943974,True,True,0,33,0,0.10790950059890747,0.0011561636188206585,0.003542126774285899,0.058864593505859375,0.014966841202716116,0.008271179025388403,19.451708734268323,9.447045519571475,0.18454563375936536,293,False,False,False,False,False,False,False,False,False,False,False,False,False,False,False,False,0,False,
275,233,2,1,0,1,0,0,0,0,1,0,1,0,68.0,0.2918454935622318,141,149.0,141,0.6051502145922747,8.0,0.0020897015929222107,0.025226134806871414,0.028952830471098423,True,True,0,30,0,0.09138715267181396,0.0008611736200501566,0.0032369731167789144,0.028850197792053223,0.016222684172126425,0.0059783416355736144,15.560446995077655,9.886836549223517,0.3430251787124174,277,False,False,True,False,False,True,False,False,False,False,False,False,False,False,False,False,2,True,"right_post_release_close,gripper_twitch"
276,214,1,0,0,1,0,0,0,0,1,0,0,0,64.0,0.29906542056074764,132,140.0,132,0.616822429906542,8.0,0.0024323314428329468,0.03775392100214958,0.02627197653055191,True,True,0,32,0,0.08748781681060791,0.000758850480864952,0.002808239156119918,0.0103987455368042,0.0189300670103627,0.0037815559276140986,12.31262264662655,9.580878627803031,0.10702349838533523,265,False,False,False,False,False,False,False,False,False,False,False,False,False,False,False,False,0,False,
277,247,2,1,1,1,0,0,0,0,1,0,1,0,65.0,0.2631578947368421,151,161.0,151,0.611336032388664,10.0,0.0014807283878326416,0.035392431542277336,0.02479811292141676,True,True,0,0,0,0.06923437118530273,0.0008489725627545166,0.0029072919031731493,0.027837157249450684,0.01176353638038435,0.005980344415488598,14.756856702966616,10.406753760365973,0.3217175494713579,15,False,False,True,False,False,True,False,False,False,False,False,False,False,False,False,False,2,True,"right_post_release_close,gripper_twitch"
278,251,2,0,1,1,0,0,0,0,1,0,1,0,74.0,0.2948207171314741,154,164.0,154,0.6135458167330677,10.0,0.0022068656980991364,0.03556813485920429,0.024409934878349304,True,True,0,0,0,0.08266979455947876,0.0012032390708737637,0.003362520397755361,0.028010928304865956,0.008255691664940612,0.0073908077789877746,16.750319897197187,12.565938921063207,0.11227561490643824,126,False,False,True,False,False,False,False,False,False,False,False,False,False,False,False,False,1,True,right_post_release_close
279,242,1,0,0,1,0,0,0,0,1,0,0,0,71.0,0.29338842975206614,145,158.0,145,0.5991735537190083,13.0,0.004822349175810814,0.02838795632123947,0.021641885861754417,True,True,0,32,0,0.08523297309875488,0.0006725150647689483,0.0025220215835075697,0.021182775497436523,0.021163820920841656,0.011204698239413462,13.602713951608166,9.60748411588429,0.1669399592652446,340,False,False,False,False,False,False,False,False,False,False,False,False,False,False,False,False,0,False,
280,230,1,0,0,1,0,0,0,0,1,0,0,0,63.0,0.27391304347826084,141,151.0,141,0.6130434782608696,10.0,0.0021779388189315796,0.03192717395722866,0.02706478163599968,True,True,0,31,0,0.08096706867218018,0.000771716122350264,0.002691297528999814,0.019800305366516113,0.010455985307056008,0.006263968736427025,12.66363501851447,9.687874392626327,0.09509972922388292,227,False,False,False,False,False,False,False,False,False,False,False,False,False,False,False,False,0,False,
281,245,1,0,0,1,0,0,0,0,1,0,0,0,75.0,0.30612244897959184,151,161.0,151,0.6163265306122448,10.0,0.0020032841712236404,0.030886590480804443,0.027115036733448505,True,True,0,30,0,0.10042864084243774,0.0009238413472968906,0.003004779122621602,0.018871307373046875,0.012827379441273006,0.003761317928196774,14.505913069471717,10.232455629906326,0.1958750647358353,18,False,False,False,False,False,False,False,False,False,False,False,False,False,False,False,False,0,False,
282,274,1,0,0,1,0,0,0,0,1,0,0,0,80.0,0.291970802919708,182,191.0,182,0.6642335766423357,9.0,0.00042233988642692566,0.03690474107861519,0.029682695865631104,True,True,0,0,0,0.06806439161300659,0.0005074210551850578,0.001937487946275335,0.00803357269614935,0.01906964110601524,0.001302632836460718,12.152691873605363,10.488605463511703,0.08319422775737007,93,False,False,False,False,False,False,False,False,False,False,False,False,False,False,False,False,0,False,
283,242,1,0,0,1,0,0,0,0,1,0,0,0,71.0,0.29338842975206614,145,158.0,145,0.5991735537190083,13.0,0.003954900428652763,0.028372323140501976,0.02291250415146351,True,True,0,32,0,0.08580678701400757,0.000620024804971954,0.0023062538674195904,0.0062923431396484375,0.021990942482125662,0.012698011573432248,11.667095357814105,9.616351458840654,0.0900880997101556,146,False,False,False,False,False,False,False,False,False,False,False,False,False,False,False,False,0,False,
284,221,2,1,0,1,0,0,0,0,1,0,1,0,70.0,0.3167420814479638,132,142.0,132,0.5972850678733032,10.0,0.002805626019835472,0.0270730871707201,0.02791917324066162,True,True,0,0,0,0.08005905151367188,0.000739931304963598,0.0028872589268318038,0.014841842697933316,0.00840240800119395,0.001795926745085117,12.553769493242726,9.765075768441875,0.23190939753808884,223,False,False,True,False,False,True,False,False,False,False,False,False,False,False,False,False,2,True,"right_post_release_close,gripper_twitch"
285,247,1,0,0,1,0,0,0,0,1,0,0,0,65.0,0.2631578947368421,151,161.0,151,0.611336032388664,10.0,0.0015174299478530884,0.03622815012931824,0.025577346794307232,True,True,0,0,0,0.06881743669509888,0.0006036972040105424,0.0023843525540800485,0.028041362762451172,0.012748722847367657,0.0077403918114158565,13.650326581089757,10.378378480334504,0.04840137106280655,38,False,False,False,False,False,False,False,False,False,False,False,False,False,False,False,False,0,False,
286,247,1,0,0,1,0,0,0,0,1,0,0,0,65.0,0.2631578947368421,151,161.0,151,0.611336032388664,10.0,0.0019226539880037308,0.030314190313220024,0.018335379660129547,True,True,0,0,0,0.07020771503448486,0.0005673658346591957,0.002284345635179532,0.01412195642478764,0.011332024503393951,0.00507922341512563,13.061597119551152,10.396739834057371,0.1478117379241397,195,False,False,False,False,False,False,False,False,False,False,False,False,False,False,False,False,0,False,
287,233,1,0,0,1,0,0,0,2,1,0,0,0,68.0,0.2918454935622318,141,149.0,141,0.6051502145922747,8.0,0.0032115131616592407,0.03728961572051048,0.02781683672219515,True,True,0,2,0,0.07106804847717285,0.0007484249936866728,0.0028526899786965564,0.02077023987658322,0.016204962700665432,0.0059300845772239695,14.853616433683783,10.004786608347786,0.2705193929369639,113,False,False,False,False,False,True,False,False,False,False,False,False,False,False,False,False,1,False,gripper_twitch
288,245,1,0,0,1,0,0,0,0,1,0,0,0,75.0,0.30612244897959184,151,161.0,151,0.6163265306122448,10.0,0.002938350662589073,0.025333029218018055,0.023617844097316265,True,True,0,30,0,0.08553054928779602,0.0007882872166247992,0.0028227546303589697,0.020245909690856934,0.012817327484044568,0.0037268932181946613,14.236130372621119,9.978023995929107,0.3270279491621582,69,False,False,False,False,False,False,False,False,False,False,False,False,False,False,False,False,0,False,
289,247,2,1,0,2,1,0,0,0,1,1,0,0,72.0,0.291497975708502,157,158.0,157,0.6356275303643725,1.0,0.005811672657728195,0.03776988014578819,0.02847790252417326,True,True,0,0,0,0.07497262954711914,0.0005883269406452144,0.0024198485237447356,0.03757584095001221,0.010391263176809062,0.007145887076549641,14.28709650109522,10.005254485451587,0.18832148259618425,141,True,False,False,False,False,True,True,False,True,False,False,False,False,False,False,False,4,True,"right_pre_grasp_close,gripper_twitch,hold_slip,drop_risk"
290,259,1,0,0,1,0,0,0,0,1,0,0,0,78.0,0.30115830115830117,162,174.0,162,0.6254826254826255,12.0,0.0014189481735229492,0.03837452456355095,0.029219983145594597,True,True,0,0,0,0.0898752212524414,0.0009303210708244676,0.003296055556843375,0.03789506177417934,0.014558186768554674,0.011149984733837952,18.09720609872602,9.985994535394639,0.29278325976778846,326,False,False,False,False,False,False,False,False,False,False,False,False,False,False,False,False,0,False,
291,247,1,0,0,1,0,0,0,0,1,0,0,0,72.0,0.291497975708502,149,158.0,149,0.6032388663967612,9.0,0.0007400549948215485,0.023748149164021015,0.023199881426990032,True,True,0,0,0,0.07356524467468262,0.00042622509168272003,0.0018939776002225457,0.009485934395343065,0.013079460495146245,0.01068445780305124,11.732515020761639,9.771280596305587,0.11219403438170593,233,False,False,False,False,False,False,False,False,False,False,False,False,False,False,False,False,0,False,
292,233,2,1,0,1,0,0,0,0,1,0,1,0,68.0,0.2918454935622318,141,149.0,141,0.6051502145922747,8.0,0.0022094734013080597,0.025647589936852455,0.03280109539628029,True,True,0,30,0,0.09416374564170837,0.0007831154993923623,0.0029297974132543184,0.011929247761145234,0.015108179617480472,0.0009067404905065885,13.495938458945602,10.529773357513477,0.3286483886694399,398,False,False,True,False,False,True,False,False,False,False,False,False,False,False,False,False,2,True,"right_post_release_close,gripper_twitch"
293,240,1,0,0,1,0,0,0,0,1,0,0,0,76.0,0.31666666666666665,148,158.0,148,0.6166666666666667,10.0,0.0019960030913352966,0.03832906484603882,0.036358971148729324,True,True,0,33,0,0.11106985807418823,0.0015037471338458365,0.003962768109083423,0.06465864181518555,0.015888294723575058,0.0098409337009192,21.234152449946123,9.426059122519291,0.18454563375936536,274,False,False,False,False,False,False,False,False,False,False,False,False,False,False,False,False,0,False,
294,240,1,0,0,1,0,0,0,0,1,0,0,0,70.0,0.2916666666666667,141,152.0,141,0.5875,11.0,0.0040002427995204926,0.02841227315366268,0.01899878866970539,True,True,0,31,0,0.09943777322769165,0.0009752267666050679,0.003312443472231926,0.031508803367614746,0.010746556135787934,0.00509645687924741,15.502829717472196,10.899667006618984,0.11061364660634594,24,False,False,False,False,False,False,False,False,False,False,False,False,False,False,False,False,0,False,
295,230,1,0,0,1,0,0,0,0,1,0,0,0,63.0,0.27391304347826084,141,151.0,141,0.6130434782608696,10.0,0.002223154529929161,0.028542136773467064,0.025512566789984703,True,True,0,31,0,0.09977221488952637,0.00100190589305945,0.002977094862963292,0.011873483657836914,0.009732054502199319,0.004962112496038565,12.62622544830083,9.77268062184703,0.11082693164895638,87,False,False,False,False,False,False,False,False,False,False,False,False,False,False,False,False,0,False,
296,244,1,0,0,1,0,0,0,0,1,0,0,0,78.0,0.319672131147541,153,165.0,153,0.6270491803278688,12.0,0.0028862562030553818,0.028325030580163002,0.023711547255516052,True,True,0,32,0,0.09349417686462402,0.0006243687569783007,0.00237356416560121,0.01455378532409668,0.019735000004278216,0.005639575142343656,12.810916347356397,9.86498896075318,0.025268692885501074,159,False,False,False,False,False,False,False,False,False,False,False,False,False,False,False,False,0,False,
297,240,1,0,0,1,0,0,0,0,1,0,0,0,76.0,0.31666666666666665,148,158.0,148,0.6166666666666667,10.0,0.002278372645378113,0.038661686703562737,0.03663580305874348,True,True,0,33,0,0.0787370502948761,0.0005445477990872354,0.002248133335946003,0.01734125684015453,0.014158777462745194,0.0066990332229543,12.065578687528614,9.442738000043391,0.16382834996111637,242,False,False,False,False,False,False,False,False,False,False,False,False,False,False,False,False,0,False,
298,257,1,0,0,1,0,0,0,1,1,0,0,0,86.0,0.3346303501945525,164,174.0,164,0.6381322957198443,10.0,0.002071104943752289,0.036918917670845985,0.026527460664510727,True,True,0,31,0,0.07017743587493896,0.0006615553678907242,0.002355403211251764,0.03094482421875,0.018918233382768806,0.007814376051475004,13.324308544251835,9.605240164371935,0.14636949723401588,247,False,False,False,False,False,True,False,False,False,False,False,False,False,False,False,False,1,False,gripper_twitch
299,245,1,0,0,1,0,0,0,0,1,0,0,0,75.0,0.30612244897959184,151,161.0,151,0.6163265306122448,10.0,0.008820904418826103,0.02897741738706827,0.025991707108914852,True,True,0,1,0,0.08661597967147827,0.000773667859960363,0.002899509978148663,0.018513632006943226,0.012807093850565157,0.0036915446799090684,14.162553205154836,10.397427001786127,0.38475286225234107,348,False,False,False,False,False,False,True,False,False,False,False,False,False,False,False,False,1,False,hold_slip
300,233,1,0,0,1,0,0,0,0,1,0,0,0,68.0,0.2918454935622318,141,149.0,141,0.6051502145922747,8.0,0.0010941028594970703,0.021436886861920357,0.018669061362743378,True,True,0,30,0,0.07146453857421875,0.0006969434343431461,0.002666443810552672,0.02671968936920166,0.015426502257553359,0.0032468536870900997,13.897043729826692,9.881459620970418,0.12920949581641922,113,False,False,False,False,False,False,False,False,False,False,False,False,False,False,False,False,0,False,
301,267,1,0,0,1,0,0,0,0,1,0,0,0,70.0,0.26217228464419473,167,178.0,167,0.6254681647940075,11.0,0.006940120831131935,0.031698837876319885,0.03529095835983753,True,True,0,31,0,0.06880569458007812,0.000625617780639545,0.002264086501162526,0.014147374778985977,0.02285544647929488,0.011494816276166902,14.030651214066893,9.620873154512083,0.353376221638682,108,False,False,False,False,False,False,True,False,False,False,False,False,False,False,False,False,1,False,hold_slip
302,251,2,1,0,1,0,0,0,1,1,0,1,0,72.0,0.2868525896414343,159,169.0,159,0.6334661354581673,10.0,0.00045152008533477783,0.036788590252399445,0.03329099342226982,True,True,0,1,0,0.11206799745559692,0.0011662267182481077,0.003582469895951525,0.045389413833618164,0.023844641795515306,0.007357132212165211,18.574952689697966,9.257557696106232,0.2537674737457004,7,False,False,True,False,False,True,False,False,False,False,False,False,False,False,False,False,2,True,"right_post_release_close,gripper_twitch"
303,230,1,0,0,1,0,0,0,0,1,0,0,0,63.0,0.27391304347826084,141,151.0,141,0.6130434782608696,10.0,0.001837119460105896,0.03218178451061249,0.027340160682797432,True,True,0,31,0,0.08181655406951904,0.0007397670268002719,0.0025835314125342746,0.010685086250305176,0.010077024090966075,0.005608572912914183,11.656141818035394,9.691491280003902,0.058931134403338574,263,False,False,False,False,False,False,False,False,False,False,False,False,False,False,False,False,0,False,
304,242,1,0,0,1,0,0,0,0,1,0,0,0,71.0,0.29338842975206614,145,158.0,145,0.5991735537190083,13.0,0.0072569288313388824,0.03736281022429466,0.036853477358818054,True,True,0,32,0,0.07938474416732788,0.0007825560786245703,0.0027510354992890435,0.013448224519379437,0.021878960539254488,0.012503074059810862,12.342246865155175,9.789433470592485,0.15977814543463326,283,False,False,False,False,False,False,True,False,False,False,False,False,False,False,False,False,1,False,hold_slip
305,240,1,0,0,1,0,0,0,0,1,0,0,0,76.0,0.31666666666666665,149,159.0,149,0.6208333333333333,10.0,0.0010092183947563171,0.034091442823410034,0.02797352336347103,True,True,0,32,0,0.09361547231674194,0.0007085180337011452,0.002552047614928409,0.011188387870788574,0.014907384111022003,0.011221319950299836,12.684387848945335,9.916842466005619,0.10069432308816606,337,False,False,False,False,False,False,False,False,False,False,False,False,False,False,False,False,0,False,
306,217,1,0,0,1,0,0,0,0,1,0,0,0,59.0,0.271889400921659,124,134.0,124,0.5714285714285714,10.0,0.0009950362145900726,0.030459541827440262,0.01888957992196083,True,True,0,32,0,0.09061551094055176,0.0007282674267432201,0.0027912546840126056,0.020200966857373714,0.013649754601201592,0.008795783390231245,12.09775565797463,9.454648795586763,0.026198965983788056,239,False,False,False,False,False,False,False,False,False,False,False,False,False,False,False,False,0,False,
307,233,2,1,0,1,0,0,0,0,1,0,1,0,68.0,0.2918454935622318,141,149.0,141,0.6051502145922747,8.0,0.003964604809880257,0.028087720274925232,0.02530182432383299,True,True,0,30,0,0.08171486854553223,0.0007283497148924772,0.0027407348945776636,0.01633191737346351,0.015153057551337395,0.0014765636177337445,13.542972930241376,9.856965306993516,0.2466864483933582,269,False,False,True,False,False,True,False,False,False,False,False,False,False,False,False,False,2,True,"right_post_release_close,gripper_twitch"
308,251,1,0,0,1,0,0,0,0,1,0,0,0,72.0,0.2868525896414343,159,169.0,159,0.6334661354581673,10.0,0.00039822421967983246,0.03028690069913864,0.029522930271923542,True,True,0,1,0,0.07240593433380127,0.0008425573728726887,0.0027867030749065243,0.03577733039855957,0.0234986506711735,0.006143861602989308,16.001920594892,9.217939283142186,0.22137990877404265,202,False,False,False,False,False,False,False,False,False,False,False,False,False,False,False,False,0,False,
309,233,1,0,0,1,0,0,0,0,1,0,0,0,68.0,0.2918454935622318,141,149.0,141,0.6051502145922747,8.0,0.0026422832161188126,0.033089619129896164,0.026372206397354603,True,True,0,30,0,0.07242310047149658,0.0007153500459637233,0.0027417227751412574,0.013951349537819624,0.015267181835750161,0.002377378423585812,13.593330406816676,9.861441358181764,0.06002091943151514,342,False,False,False,False,False,False,False,False,False,False,False,False,False,False,False,False,0,False,
310,233,2,1,0,2,0,0,0,0,1,0,1,1,68.0,0.2918454935622318,154,149.0,154,0.6609442060085837,-5.0,0.0007751043885946274,0.024878034368157387,0.026989594101905823,True,True,0,30,0,0.08661842346191406,0.0007685895856771977,0.002877869454369088,0.020472049713134766,0.015493369274656846,0.003550996823985135,13.766441801693873,9.792045934780617,0.2107077634607591,32,False,False,True,True,False,True,False,False,True,False,False,False,False,False,False,False,4,True,"right_post_release_close,left_early_close,gripper_twitch,drop_risk"
311,274,1,0,0,1,0,0,0,0,1,0,0,0,80.0,0.291970802919708,182,191.0,182,0.6642335766423357,9.0,0.00045078061521053314,0.030471643432974815,0.020309722051024437,True,True,0,0,0,0.06627404689788818,0.0005034779811823677,0.0019580450193076087,0.00803357269614935,0.01905658003229214,0.00109493512207574,12.481794078543317,10.425026856491968,0.16239154448348647,282,False,False,False,False,False,False,False,False,False,False,False,False,False,False,False,False,0,False,
312,251,2,0,1,1,0,0,0,0,1,0,1,0,74.0,0.2948207171314741,154,164.0,154,0.6135458167330677,10.0,0.0018869675695896149,0.034206271171569824,0.024743832647800446,True,True,0,0,0,0.08089935779571533,0.0011796760060633926,0.003302859849847664,0.016645641531795263,0.008104844908219801,0.007221918425575904,16.53896915988298,12.529129686299711,0.23654047174678652,178,False,False,True,False,False,False,False,False,False,False,False,False,False,False,False,False,1,True,right_post_release_close
313,245,1,0,0,1,0,0,0,0,1,0,0,0,75.0,0.30612244897959184,151,161.0,151,0.6163265306122448,10.0,0.0010775569826364517,0.025312929414212704,0.023389835841953754,True,True,0,30,0,0.0995902419090271,0.0007461416069091064,0.0026836903117294347,0.030849218368530273,0.01272373528813428,0.0033910601453077498,14.140178948407993,10.195307855545252,0.20927091453472746,383,False,False,False,False,False,False,False,False,False,False,False,False,False,False,False,False,0,False,
314,215,1,0,0,1,0,0,0,1,1,0,0,0,72.0,0.33488372093023255,132,142.0,132,0.6139534883720931,10.0,0.0019424185156822205,0.03455613553524017,0.03199528157711029,True,True,0,31,0,0.12020987272262573,0.0018662883470006557,0.005425757299951321,0.06503963470458984,0.012504127331961339,0.007655166676609002,22.821205033062142,8.739318749796439,0.36862150009851025,55,False,False,False,False,False,True,False,False,False,False,False,False,False,False,False,False,1,False,gripper_twitch
315,274,1,0,0,1,0,0,1,0,1,0,0,0,80.0,0.291970802919708,182,191.0,182,0.6642335766423357,9.0,0.0003840513527393341,0.03763224184513092,0.03220397047698498,True,True,0,0,0,0.0684366524219513,0.0006593979568074793,0.002400640290881805,0.035622997442260385,0.019718994654633143,0.00518501596755979,14.790173413231969,10.597391014582172,0.2584952458109619,180,False,False,False,False,False,True,False,False,False,False,False,False,False,False,False,False,1,False,gripper_twitch
316,261,1,0,0,2,1,0,0,0,1,0,0,0,77.0,0.2950191570881226,167,177.0,167,0.6398467432950191,10.0,0.0009094160050153732,0.027573125436902046,0.029712713323533535,True,True,0,30,0,0.09259060025215149,0.0011559548878455905,0.00357329895222777,0.02879735780879855,0.0113713262396586,0.006823882942962443,18.15331792764482,11.738497147744056,0.4027655564896055,182,False,False,False,False,False,True,False,False,False,False,False,False,False,False,False,False,1,False,gripper_twitch
317,247,1,0,0,1,0,0,0,0,1,0,0,0,65.0,0.2631578947368421,151,161.0,151,0.611336032388664,10.0,0.0006897579878568649,0.027382194995880127,0.018587136641144753,True,True,0,0,0,0.06969326734542847,0.0005750656860601397,0.002308399940892697,0.020367026329040527,0.012561696578210093,0.007428320946099103,12.86192271062464,10.450431352608575,0.08298902979163424,285,False,False,False,False,False,False,False,False,False,False,False,False,False,False,False,False,0,False,
318,240,1,0,0,1,0,0,0,0,1,0,0,0,76.0,0.31666666666666665,148,158.0,148,0.6166666666666667,10.0,0.0019413400441408157,0.02789836097508669,0.03024736512452364,True,True,0,33,0,0.07646691799163818,0.0005687224567722128,0.002347954469768776,0.037836551666259766,0.01686101718945945,0.011344600810339311,12.81387003150303,9.449258416165321,0.12367996316939552,0,False,False,False,False,False,False,False,False,False,False,False,False,False,False,False,False,0,False,
319,221,1,0,0,1,0,0,0,0,1,0,0,0,70.0,0.3167420814479638,132,142.0,132,0.5972850678733032,10.0,0.003739412873983383,0.03688298538327217,0.028161898255348206,True,True,0,0,0,0.07239693403244019,0.0006255707913895458,0.0027556156401753657,0.029381096828728914,0.009372109373506216,0.004523419808523965,13.765935072442517,9.274064224543963,0.04331157867006673,397,False,False,False,False,False,False,False,False,False,False,False,False,False,False,False,False,0,False,
320,247,2,1,1,1,0,0,0,0,1,0,1,0,65.0,0.2631578947368421,151,161.0,151,0.611336032388664,10.0,0.002275962382555008,0.03504936955869198,0.02342512458562851,True,True,0,0,0,0.06598538160324097,0.0008242784997026874,0.0026826410502729706,0.011091382708400488,0.01121153596174101,0.004804401084074,14.005925375313382,10.457308857363387,0.11909269387050878,273,False,False,True,False,False,True,False,False,False,False,False,False,False,False,False,False,2,True,"right_post_release_close,gripper_twitch"
321,257,1,0,0,1,0,0,0,0,1,0,0,0,86.0,0.3346303501945525,164,174.0,164,0.6381322957198443,10.0,0.001110915094614029,0.035835202783346176,0.026092827320098877,True,True,0,31,0,0.07277746498584747,0.0006793666929974042,0.0024535930656196686,0.033125996589660645,0.020263588758149827,0.010666674650910377,14.919582042843103,9.508197332546843,0.3142005444288647,358,False,False,False,False,False,False,False,False,False,False,False,False,False,False,False,False,0,False,
322,230,1,0,0,1,0,0,0,0,1,0,0,0,67.0,0.29130434782608694,141,151.0,141,0.6130434782608696,10.0,0.0019202549010515213,0.023410439491271973,0.020272089168429375,True,True,0,31,0,0.07486391067504883,0.0007027904521656141,0.0025614565012043898,0.015808665193617344,0.010935827963034243,0.007035766399380078,11.976567901903763,9.670305873520192,0.0954137474717238,280,False,False,False,False,False,False,False,False,False,False,False,False,False,False,False,False,0,False,
323,256,1,0,0,1,0,0,0,0,1,0,0,0,75.0,0.29296875,164,176.0,164,0.640625,12.0,0.0006424970924854279,0.03819814324378967,0.03304611146450043,True,True,0,0,0,0.08655184507369995,0.0006177817549247793,0.0024229998565863347,0.026681071729399264,0.020174422330514894,0.003947677880970422,14.465943045099266,9.720358487254089,0.2361692446240477,127,False,False,False,False,False,False,False,False,False,False,False,False,False,False,False,False,0,False,
324,247,1,0,0,1,0,0,0,0,1,0,0,0,72.0,0.291497975708502,149,158.0,149,0.6032388663967612,9.0,0.00464334711432457,0.03324899636209011,0.031036573462188244,True,True,0,0,0,0.07368052005767822,0.0005268902585102646,0.0022153951310160546,0.021824002265930176,0.014997981946644728,0.012962438588975937,12.971788875758648,10.119680644751497,0.17493621212361002,81,False,False,False,False,False,False,False,False,False,False,False,False,False,False,False,False,0,False,
325,247,1,0,0,1,0,0,0,0,1,0,0,0,72.0,0.291497975708502,149,158.0,149,0.6032388663967612,9.0,0.005891865119338036,0.03219215385615826,0.025793107226490974,True,True,0,0,0,0.07537662982940674,0.0004604941983877219,0.0019788508910106874,0.016222834587097168,0.014870304344358326,0.012814495815088993,12.159508268348873,9.807529969413736,0.11094685210638694,39,False,False,False,False,False,False,True,False,False,False,False,False,False,False,False,False,1,False,hold_slip
326,259,1,0,0,1,0,0,0,0,1,0,0,0,78.0,0.30115830115830117,162,174.0,162,0.6254826254826255,12.0,0.002789011225104332,0.030809909105300903,0.02907899208366871,True,True,0,0,0,0.07616101577877998,0.001011239280794871,0.0034447215067824727,0.038962364196777344,0.014647153160911175,0.01126589780247847,18.39202476502396,9.969977910061061,0.29278325976778846,290,False,False,False,False,False,False,False,False,False,False,False,False,False,False,False,False,0,False,
327,256,3,1,0,1,0,0,0,0,2,0,1,0,46.0,0.1796875,164,176.0,164,0.640625,12.0,0.0003965254873037338,0.02449852041900158,0.02436403650790453,True,True,0,0,0,0.10041457414627075,0.0007679050169066727,0.0026733247843168328,0.04890942573547363,0.02084424266681865,0.006561958292701057,16.83392934850417,9.82871882190284,0.11236091597279886,97,False,True,True,False,False,True,False,False,False,True,False,False,False,False,False,False,4,True,"right_regrasp,right_post_release_close,gripper_twitch,timing_outlier"
328,244,1,0,0,1,0,0,0,0,1,0,0,0,78.0,0.319672131147541,153,165.0,153,0.6270491803278688,12.0,0.0017403513193130493,0.037138085812330246,0.02552478387951851,True,True,0,32,0,0.09327208995819092,0.0006169341488135959,0.002349985955581001,0.0066517191007733345,0.019404157130656366,0.0043423376847594,12.598050719825551,9.832852452489533,0.10363087450805919,346,False,False,False,False,False,False,False,False,False,False,False,False,False,False,False,False,0,False,
329,261,1,0,0,1,0,0,0,0,1,0,0,0,77.0,0.2950191570881226,167,177.0,167,0.6398467432950191,10.0,0.00032272934913635254,0.019662833772599697,0.01986327301710844,True,True,0,29,0,0.0784001350402832,0.00073518612770237,0.002517034058214799,0.008182111894711852,0.008653721456671166,0.0033661773807552933,13.184502774616703,11.186553560532047,0.24363156623032142,381,False,False,False,False,False,False,False,False,False,False,False,False,False,False,False,False,0,False,
330,253,1,0,0,1,0,0,0,1,1,0,0,0,69.0,0.2727272727272727,151,162.0,151,0.5968379446640316,11.0,0.001572001725435257,0.038868498057127,0.027685425244271755,True,True,0,2,0,0.08005128800868988,0.0007636817742255698,0.0026573017695836693,0.021655125776305795,0.022652151979545104,0.007680060622527764,14.168269312009215,10.50317548395833,0.13842431994923324,376,False,False,False,False,False,True,False,False,False,False,False,False,False,False,False,False,1,False,gripper_twitch
331,251,1,0,0,1,0,0,0,1,1,0,0,0,72.0,0.2868525896414343,159,169.0,159,0.6334661354581673,10.0,0.001888468861579895,0.03820043057203293,0.02748756669461727,True,True,0,1,0,0.07322469353675842,0.0007583011525500841,0.002544664676087401,0.020824670791625977,0.02323246975097043,0.005030715929229115,13.729811658151448,9.24410042157615,0.1706582516320525,375,False,False,False,False,False,True,False,False,False,False,False,False,False,False,False,False,1,False,gripper_twitch
332,261,1,0,0,1,0,0,0,0,1,0,0,0,77.0,0.2950191570881226,167,177.0,167,0.6398467432950191,10.0,0.0013659000396728516,0.01919212006032467,0.0206427164375782,True,True,0,30,0,0.08138924837112427,0.0007448873099984884,0.002579191453858604,0.008719840669073164,0.008073385025965985,0.0012742844606089482,13.462111260912934,11.293931635431363,0.15003063093287403,143,False,False,False,False,False,False,False,False,False,False,False,False,False,False,False,False,0,False,
333,251,1,0,0,1,0,0,0,1,1,0,0,0,72.0,0.2868525896414343,159,169.0,159,0.6334661354581673,10.0,0.0005891546607017517,0.03702086955308914,0.036466965451836586,True,True,0,1,0,0.07247531414031982,0.0007940267735993538,0.0027659848148291854,0.028259992599487305,0.023076046246651334,0.004250219101226992,14.848238125210628,9.2885696495905,0.1764853646676433,331,False,False,False,False,False,True,False,False,False,False,False,False,False,False,False,False,1,False,gripper_twitch
334,221,2,1,0,1,0,0,0,0,1,0,1,0,70.0,0.3167420814479638,132,142.0,132,0.5972850678733032,10.0,0.0036989785730838776,0.03401781991124153,0.025960570201277733,True,True,0,0,0,0.11207917332649231,0.0010684600587432228,0.003570048716955017,0.03639758564531803,0.009605378915270815,0.00498880714811798,17.49486898863688,9.609431841042806,0.38510781056069093,339,False,False,True,False,False,True,False,False,False,False,False,False,False,False,False,False,2,True,"right_post_release_close,gripper_twitch"
335,241,2,1,0,1,0,0,0,0,1,0,1,0,80.0,0.33195020746887965,155,165.0,155,0.6431535269709544,10.0,0.0028969720005989075,0.03719978779554367,0.026364358142018318,True,True,0,29,0,0.08528083562850952,0.0009122087047350141,0.0030262069896266333,0.025697950273752213,0.014709996514754888,0.012966774807757972,15.836278619244695,8.744489486052771,0.3186498574608713,163,False,False,True,False,False,True,False,False,False,False,False,False,False,False,False,False,2,True,"right_post_release_close,gripper_twitch"
336,266,3,2,0,1,0,0,0,0,1,0,2,0,72.0,0.2706766917293233,160,170.0,160,0.6015037593984962,10.0,0.00106826052069664,0.03409989923238754,0.02434759959578514,True,True,0,31,0,0.09844249486923218,0.0010755741937858786,0.0031349130107182132,0.018608304671943188,0.0163171152925156,0.004032353437476924,16.606101669021882,10.424170788915944,0.12797912562211133,44,False,False,True,False,False,True,False,False,False,False,False,False,False,False,False,False,2,True,"right_post_release_close,gripper_twitch"
337,240,1,0,0,1,0,0,0,1,1,0,0,0,76.0,0.31666666666666665,149,159.0,149,0.6208333333333333,10.0,0.0006866566836833954,0.03700500354170799,0.02949880063533783,True,True,0,32,0,0.08445513248443604,0.0006103099755603985,0.002307133856092364,0.010705934837460518,0.014776639186872456,0.01104703517023733,11.61485541111324,9.848379144230421,0.10069432308816606,305,False,False,False,False,False,True,False,False,False,False,False,False,False,False,False,False,1,False,gripper_twitch
338,233,1,0,0,1,0,0,0,0,1,0,0,0,68.0,0.2918454935622318,141,149.0,141,0.6051502145922747,8.0,0.00099082849919796,0.02315019629895687,0.0188766922801733,True,True,0,30,0,0.07131385803222656,0.0006509079316483884,0.002486948446197031,0.007167220115661621,0.015408642636970662,0.0031609104506363163,12.114336982602254,9.852549013899988,0.15035418513707108,269,False,False,False,False,False,False,False,False,False,False,False,False,False,False,False,False,0,False,
339,245,1,0,0,1,0,0,0,0,1,0,0,0,75.0,0.30612244897959184,151,161.0,151,0.6163265306122448,10.0,0.00234861858189106,0.031132531352341175,0.030026013031601906,True,True,0,30,0,0.09629812836647034,0.0008634812255234549,0.0029953916268879287,0.03913557529449463,0.01309732260569629,0.004598446331562881,16.11234134878032,10.118285093041777,0.13502241467636722,219,False,False,False,False,False,False,False,False,False,False,False,False,False,False,False,False,0,False,
340,242,2,1,0,1,0,0,0,0,1,0,1,0,71.0,0.29338842975206614,145,158.0,145,0.5991735537190083,13.0,0.008446848019957542,0.027909645810723305,0.02538183704018593,True,True,0,32,0,0.08906424045562744,0.0007952121734075008,0.0027620773757522144,0.027146263513714075,0.020928397979808767,0.01075340823497945,15.12335938680917,9.429596361136646,0.11449845118212115,344,False,False,True,False,False,True,True,False,False,False,False,False,False,False,False,False,3,True,"right_post_release_close,gripper_twitch,hold_slip"
341,230,1,0,0,1,0,0,0,0,1,0,0,0,64.0,0.2782608695652174,141,151.0,141,0.6130434782608696,10.0,0.002395171672105789,0.02993135154247284,0.02542956732213497,True,True,0,31,0,0.09801435470581055,0.0008743840655411638,0.0026881016814433146,0.00923860352486372,0.010043674437527348,0.005548429669429393,12.076520486269146,9.774057149441433,0.11035760839698154,232,False,False,False,False,False,False,False,False,False,False,False,False,False,False,False,False,0,False,
342,233,1,0,0,1,0,0,0,0,1,0,0,0,68.0,0.2918454935622318,141,149.0,141,0.6051502145922747,8.0,0.0025209207087755203,0.03268155828118324,0.027596374042332172,True,True,0,30,0,0.07250416278839111,0.0006666318867286049,0.002724976090636296,0.015419483184814453,0.015275612766264702,0.0024309324029970236,13.835836925311014,9.987413700859179,0.06002091943151514,309,False,False,False,False,False,False,False,False,False,False,False,False,False,False,False,False,0,False,
343,267,1,0,0,1,0,0,0,0,1,0,0,0,70.0,0.26217228464419473,167,178.0,167,0.6254681647940075,11.0,0.0018754396587610245,0.023718695156276226,0.02952935453504324,True,True,0,31,0,0.0774121880531311,0.0007571871134570888,0.0027680705306566446,0.03939032554626465,0.022094886301088728,0.0098966341810212,17.142380471341312,9.644276211874967,0.24052608616818855,124,False,False,False,False,False,False,False,False,False,False,False,False,False,False,False,False,0,False,
344,242,1,0,0,1,0,0,1,0,1,0,0,0,71.0,0.29338842975206614,145,158.0,145,0.5991735537190083,13.0,0.009550543501973152,0.025477608665823936,0.02365906536579132,True,True,0,32,0,0.08872711658477783,0.0007762227395774704,0.002730693658148631,0.024039363488554955,0.02173937348703848,0.012257173665891,14.144775111082708,9.513718700865866,0.11449845118212115,340,False,False,False,False,False,True,True,False,False,False,False,False,False,False,False,False,2,False,"gripper_twitch,hold_slip"
345,256,1,0,0,1,0,0,0,0,1,0,0,0,75.0,0.29296875,164,176.0,164,0.640625,12.0,0.0013606920838356018,0.03655557334423065,0.02823852188885212,True,True,0,0,0,0.08645498752593994,0.0004879098861327041,0.0019176702206575782,0.007964082062244415,0.019908922849129592,0.002223072939540992,12.6042410574737,9.737287658767855,0.058618011359961635,214,False,False,False,False,False,False,False,False,False,False,False,False,False,False,False,False,0,False,
346,244,1,0,0,1,0,0,0,0,1,0,0,0,78.0,0.319672131147541,153,165.0,153,0.6270491803278688,12.0,0.0025140903890132904,0.027904538437724113,0.024750009179115295,True,True,0,32,0,0.09231126308441162,0.0006164355041296913,0.0023815163656427836,0.013110160827636719,0.019550506773192068,0.004955491671459886,13.03555715715629,9.921643275729366,0.10363087450805919,328,False,False,False,False,False,False,False,False,False,False,False,False,False,False,False,False,0,False,
347,245,1,0,0,1,0,0,0,0,1,0,0,0,75.0,0.30612244897959184,151,161.0,151,0.6163265306122448,10.0,0.0015767980366945267,0.022284667007625103,0.02123525645583868,True,True,0,30,0,0.09687304496765137,0.0009684429996212311,0.003049320164017449,0.03654944896697998,0.012896183617973032,0.003989661782038309,16.21255470183678,9.97962786215794,0.25949402218729195,383,False,False,False,False,False,False,False,False,False,False,False,False,False,False,False,False,0,False,
348,215,1,0,0,1,0,0,0,0,1,0,0,0,72.0,0.33488372093023255,132,142.0,132,0.6139534883720931,10.0,0.0023695603013038635,0.033254390582442284,0.026917755603790283,True,True,0,31,0,0.0941707193851471,0.0009501851681040848,0.0030752381160903527,0.022463073721155524,0.010393085496931973,0.0032038418592839468,12.84699676107266,8.792638716453439,0.20017052670769797,30,False,False,False,False,False,False,False,False,False,False,False,False,False,False,False,False,0,False,
349,230,1,0,0,1,0,0,0,0,1,0,0,0,64.0,0.2782608695652174,141,151.0,141,0.6130434782608696,10.0,0.0007321834564208984,0.0361042357981205,0.028648309409618378,True,True,0,31,0,0.0730726569890976,0.0006825300561751545,0.0025383854280461595,0.01305810344638303,0.0092975017540049,0.004043910787256345,11.743112816824578,9.644597662399974,0.15818011214069075,221,False,False,False,False,False,False,False,False,False,False,False,False,False,False,False,False,0,False,
350,240,1,0,0,1,0,0,0,0,1,0,0,0,76.0,0.31666666666666665,148,158.0,148,0.6166666666666667,10.0,0.0037194229662418365,0.03569968417286873,0.03299088776111603,True,True,0,33,0,0.07776635885238647,0.0006249688291170463,0.0024918935412782065,0.038715366972610354,0.01586051696221098,0.00979602292725402,13.799520006868988,9.428090993986189,0.055489842679998846,241,False,False,False,False,False,False,False,False,False,False,False,False,False,False,False,False,0,False,
351,257,1,0,0,1,0,0,0,0,1,0,0,0,86.0,0.3346303501945525,164,174.0,164,0.6381322957198443,10.0,0.0020093675702810287,0.027769955806434155,0.018384382128715515,True,True,0,31,0,0.07291470468044281,0.0006373565482283893,0.00215068922628909,0.01305091381072998,0.018852921981273266,0.00765490600732202,11.832566465018317,9.491296391282958,0.03360745865997705,377,False,False,False,False,False,False,False,False,False,False,False,False,False,False,False,False,0,False,
352,266,2,1,0,1,0,0,0,0,1,0,1,0,72.0,0.2706766917293233,160,170.0,160,0.6015037593984962,10.0,0.0013523772358894348,0.03753696009516716,0.02643862646073103,True,True,0,31,0,0.08091175556182861,0.0007723172150434132,0.0026820250992788757,0.024084248580038548,0.016502790871081256,0.004727973065715195,15.087956682458753,10.002383926839684,0.1944959270575515,196,False,False,True,False,False,True,False,False,False,False,False,False,False,False,False,False,2,True,"right_post_release_close,gripper_twitch"
353,256,2,1,0,1,0,0,0,0,1,0,1,0,75.0,0.29296875,164,176.0,164,0.640625,12.0,0.000620964914560318,0.033414315432310104,0.027818094938993454,True,True,0,0,0,0.09969592094421387,0.0006762149605313081,0.002221223921708769,0.012832236883696169,0.019946230172681635,0.002535535916432721,13.993664122303016,9.748388436192727,0.13271267053570995,228,False,False,True,False,False,True,False,False,False,False,False,False,False,False,False,False,2,True,"right_post_release_close,gripper_twitch"
354,256,1,0,0,1,0,0,0,0,1,0,0,0,75.0,0.29296875,164,176.0,164,0.640625,12.0,0.0004057791084051132,0.0295514278113842,0.020616231486201286,True,True,0,0,0,0.08692705631256104,0.0006443769038558104,0.0025147501663779145,0.03194117546081543,0.02041749545228438,0.005044894927149475,16.088392241392285,9.687333287241017,0.3589378221217692,207,False,False,False,False,False,False,False,False,False,False,False,False,False,False,False,False,0,False,
355,215,1,0,0,1,0,0,0,1,1,0,0,0,72.0,0.33488372093023255,132,142.0,132,0.6139534883720931,10.0,0.0035545192658901215,0.03263014554977417,0.026032792404294014,True,True,0,31,0,0.0900316834449768,0.0010624561650745495,0.003533094870356337,0.04185911500826478,0.011226204050045693,0.0053175214043786065,16.082519007846713,8.680130243292297,0.14460233808259554,30,False,False,False,False,False,True,False,False,False,False,False,False,False,False,False,False,1,False,gripper_twitch
356,215,1,0,0,1,0,0,0,0,1,0,0,0,72.0,0.33488372093023255,132,142.0,132,0.6139534883720931,10.0,0.0023430120199918747,0.027356890961527824,0.021670367568731308,True,True,0,31,0,0.08942857384681702,0.000957813058512417,0.0031976328575002437,0.03861737251281738,0.010926721349542912,0.004652055025826672,14.675042027723975,8.674526333858012,0.26454158388157245,379,False,False,False,False,False,False,False,False,False,False,False,False,False,False,False,False,0,False,
357,214,1,0,0,1,0,0,0,0,1,0,0,0,64.0,0.29906542056074764,132,140.0,132,0.616822429906542,8.0,0.001193370670080185,0.03353887423872948,0.027311524376273155,True,True,0,2,0,0.08528304100036621,0.000878511141468318,0.003380106383371782,0.031788491643965244,0.019946013972464385,0.007334589395910016,13.528429578058422,9.678139287363592,0.12170431482230933,177,False,False,False,False,False,False,False,False,False,False,False,False,False,False,False,False,0,False,
358,257,1,0,0,1,0,0,0,0,1,0,0,0,86.0,0.3346303501945525,164,174.0,164,0.6381322957198443,10.0,0.0011058822274208069,0.02790107950568199,0.018744273111224174,True,True,0,31,0,0.09717971086502075,0.0009225376694404897,0.002898378807164529,0.05444216728210449,0.020454865233456222,0.011025716777961157,17.77505207527429,9.537843535003049,0.3142005444288647,321,False,False,False,False,False,False,False,False,False,False,False,False,False,False,False,False,0,False,
359,253,1,0,0,1,0,0,0,0,1,0,0,0,69.0,0.2727272727272727,151,162.0,151,0.5968379446640316,11.0,0.0017936564981937408,0.038130126893520355,0.026584167033433914,True,True,0,2,0,0.08088794350624084,0.0007899070277430735,0.00260454901674799,0.022423267364501953,0.02238628694476429,0.006856324455173957,13.59981707073166,10.87473059160402,0.08999326124953756,370,False,False,False,False,False,False,False,False,False,False,False,False,False,False,False,False,0,False,
360,240,1,0,0,2,1,0,0,0,1,0,0,0,76.0,0.31666666666666665,149,159.0,149,0.6208333333333333,10.0,0.0016883257776498795,0.0281810499727726,0.03462160751223564,True,True,0,32,0,0.08619225025177002,0.000677383180114556,0.002543163435299043,0.020489215850830078,0.014193304531702328,0.010253673191743907,12.306173158576712,10.084993456508528,0.15798695382429775,246,False,False,False,False,False,True,False,False,False,False,False,False,False,False,False,False,1,False,gripper_twitch
361,274,2,0,0,1,0,0,0,0,2,0,0,0,37.0,0.13503649635036497,182,191.0,182,0.6642335766423357,9.0,0.0004120171070098877,0.03780432417988777,0.03186835162341595,True,True,0,0,0,0.09178847074508667,0.0007273757957378738,0.002763188455493769,0.044426183914765716,0.020022431823136157,0.006240466048824799,17.86678048502654,10.430937258888662,0.38165772691634237,290,False,True,False,False,False,False,False,False,False,True,False,False,False,False,False,False,2,True,"right_regrasp,timing_outlier"
362,251,2,1,0,1,0,0,0,0,1,0,1,0,74.0,0.2948207171314741,154,164.0,154,0.6135458167330677,10.0,0.0024222731590270996,0.030086126178503036,0.019338704645633698,True,True,0,0,0,0.06789810955524445,0.0005714822906413001,0.0023476263929190153,0.005888462066650391,0.005442704030514724,0.0040113117459451494,12.78130092570791,12.016812508227304,0.027298233959754635,86,False,False,True,False,False,True,False,False,False,False,False,False,False,False,False,False,2,True,"right_post_release_close,gripper_twitch"
363,240,1,0,0,1,0,0,0,0,1,0,0,0,76.0,0.31666666666666665,149,159.0,149,0.6208333333333333,10.0,0.003102615475654602,0.02997615747153759,0.02746005170047283,True,True,0,2,0,0.086273193359375,0.0007227747075802172,0.002930933024912002,0.03902304172515869,0.016428723456865035,0.013175388981566852,15.017710015992634,10.072399472021061,0.1260170914789416,80,False,False,False,False,False,False,False,False,False,False,False,False,False,False,False,False,0,False,
364,247,2,1,1,1,0,0,0,0,1,0,1,0,65.0,0.2631578947368421,151,161.0,151,0.611336032388664,10.0,0.002489794045686722,0.034955061972141266,0.02419325802475214,True,True,0,0,0,0.0698356032371521,0.0008284782893091054,0.002729792670418804,0.019360844395123422,0.011444047492884581,0.0045446156640380035,14.565205539111048,10.448723387424252,0.15150738075403622,103,False,False,True,False,False,True,False,False,False,False,False,False,False,False,False,False,2,True,"right_post_release_close,gripper_twitch"
365,246,1,0,0,1,0,0,0,0,1,0,0,0,80.0,0.3252032520325203,155,167.0,155,0.6300813008130082,12.0,0.0006182156503200531,0.024339305236935616,0.022180046886205673,True,True,0,32,0,0.06971842050552368,0.0005498960953912645,0.002141638411598753,0.02951216697692871,0.021221345465083436,0.019909668775551833,12.281863505835645,8.655904957642633,0.10802055276946626,114,False,False,False,False,False,False,False,False,False,False,False,False,False,False,False,False,0,False,
366,245,1,0,0,1,0,0,0,1,1,0,0,0,75.0,0.30612244897959184,151,161.0,151,0.6163265306122448,10.0,0.010424556210637093,0.031144690699875355,0.033856453374028206,True,True,0,0,0,0.10120651125907898,0.0007199571037106027,0.002613231467499971,0.013352751731872559,0.012455746552736024,0.0021797870108284443,12.490001348080114,10.405432128281973,0.10336107198603878,383,False,False,False,False,False,True,True,False,False,False,False,False,False,False,False,False,2,False,"gripper_twitch,hold_slip"
367,230,1,0,0,1,0,0,0,0,1,0,0,0,64.0,0.2782608695652174,141,151.0,141,0.6130434782608696,10.0,0.0019407086074352264,0.02981654182076454,0.02548104152083397,True,True,0,31,0,0.09285664558410645,0.0010757077190347503,0.0031515977848984526,0.032000430626794696,0.010487270653521548,0.006316052671548766,14.734929864760488,9.756007559035424,0.17149735775812702,171,False,False,False,False,False,False,False,False,False,False,False,False,False,False,False,False,0,False,
368,240,2,0,0,1,0,0,0,0,2,0,0,0,36.0,0.15,149,159.0,149,0.6208333333333333,10.0,0.002513393759727478,0.024808624759316444,0.03476403281092644,True,True,0,32,0,0.09181052446365356,0.000817037616976957,0.0030557698179329035,0.06627488136291504,0.015620095187918204,0.01215217240138862,16.328117257799022,10.392527087609778,0.45114674549434336,51,False,True,False,False,False,False,False,False,False,True,False,False,False,False,False,False,2,True,"right_regrasp,timing_outlier"
369,240,1,0,0,1,0,0,0,0,1,0,0,0,76.0,0.31666666666666665,149,159.0,149,0.6208333333333333,10.0,0.000811893492937088,0.03816406428813934,0.02993221953511238,True,True,0,32,0,0.08467209339141846,0.0007084826874142552,0.0027828580957928403,0.03273534891195595,0.015559930004189178,0.012074739836895552,13.62757955212146,9.605872826785344,0.1984867382031499,17,False,False,False,False,False,False,False,False,False,False,False,False,False,False,False,False,0,False,
370,253,1,0,0,1,0,0,0,0,1,0,0,0,69.0,0.2727272727272727,151,162.0,151,0.5968379446640316,11.0,0.0011927559971809387,0.029836710542440414,0.01928719226270914,True,True,0,2,0,0.08053073287010193,0.0007842104854146833,0.0026312856928883636,0.027920007705688477,0.022438160303581322,0.007023843653620505,14.216466419777134,10.579551854112651,0.08999326124953756,359,False,False,False,False,False,False,False,False,False,False,False,False,False,False,False,False,0,False,
371,233,1,0,0,1,0,0,0,0,1,0,0,0,68.0,0.2918454935622318,141,149.0,141,0.6051502145922747,8.0,0.0017711184918880463,0.027672365307807922,0.025085773319005966,True,True,0,30,0,0.07417488098144531,0.0007362548739403052,0.0029136342794545116,0.020382165908813477,0.01579695843201854,0.004702018998897525,14.194297967012972,9.99900183659338,0.36422776757275444,269,False,False,False,False,False,False,False,False,False,False,False,False,False,False,False,False,0,False,
372,230,1,0,0,1,0,0,0,0,1,0,0,0,66.0,0.28695652173913044,141,151.0,141,0.6130434782608696,10.0,0.0022752899676561356,0.030661575496196747,0.024938851594924927,True,True,0,31,0,0.09821271896362305,0.0008826329607696336,0.002853484305237626,0.016890607425011694,0.011192490269573653,0.007428426079868129,12.788630028255284,9.766890004704692,0.13047569266969256,322,False,False,False,False,False,False,False,False,False,False,False,False,False,False,False,False,0,False,
373,217,1,0,0,1,0,0,0,0,1,0,0,0,59.0,0.271889400921659,124,134.0,124,0.5714285714285714,10.0,0.0009250268340110779,0.038652654737234116,0.026838619261980057,True,True,0,32,0,0.09028339385986328,0.0007505029764464327,0.002963833647349833,0.021665591280907393,0.01362689501946499,0.008760266699499713,13.161771078594029,9.45148869422519,0.35842166739039966,200,False,False,False,False,False,False,False,False,False,False,False,False,False,False,False,False,0,False,
374,246,1,0,0,1,0,0,0,0,1,0,0,0,80.0,0.3252032520325203,155,167.0,155,0.6300813008130082,12.0,0.001805117353796959,0.02461559697985649,0.02218075469136238,True,True,0,32,0,0.06977245211601257,0.0005517604382964048,0.002204067334921252,0.0358347874134779,0.023384898466301395,0.022201416253991357,12.171729462221265,8.664935167496878,0.3210012504323845,45,False,False,False,False,False,False,False,False,False,False,False,False,False,False,False,False,0,False,
375,251,1,0,0,1,0,0,0,0,1,0,0,0,72.0,0.2868525896414343,159,169.0,159,0.6334661354581673,10.0,0.0017136521637439728,0.03809904679656029,0.02819332852959633,True,True,0,1,0,0.07359689474105835,0.0007460024872395674,0.0024271935844440242,0.011840275023132563,0.023057067645959134,0.004145940238495864,12.735567087860545,9.22885719769215,0.1706582516320525,331,False,False,False,False,False,False,False,False,False,False,False,False,False,False,False,False,0,False,
376,253,1,0,0,1,0,0,0,0,1,0,0,0,69.0,0.2727272727272727,151,162.0,151,0.5968379446640316,11.0,0.0008014366030693054,0.029209773987531662,0.019238127395510674,True,True,0,2,0,0.0787886381149292,0.0007921505873484369,0.0026898246931552254,0.021226474666036665,0.022625728255326848,0.007601770908491524,13.83497804729268,10.724805625795852,0.13842431994923324,330,False,False,False,False,False,False,False,False,False,False,False,False,False,False,False,False,0,False,
377,257,1,0,0,1,0,0,0,0,1,0,0,0,86.0,0.3346303501945525,164,174.0,164,0.6381322957198443,10.0,0.0013818182051181793,0.03620833158493042,0.02533470280468464,True,True,0,31,0,0.07295818626880646,0.0006396277495579189,0.0021824923885819724,0.013890385627746582,0.018742152039693014,0.007377884644525626,12.04462000937201,9.50722063547073,0.03360745865997705,351,False,False,False,False,False,False,False,False,False,False,False,False,False,False,False,False,0,False,
378,239,3,2,0,1,0,0,0,0,1,1,1,0,66.0,0.27615062761506276,138,148.0,138,0.5774058577405857,10.0,0.0007911659777164459,0.03731755539774895,0.026405613869428635,True,True,0,0,0,0.076743483543396,0.000783634480444011,0.0029144873721069463,0.03859412670135498,0.015709843088000684,0.014398377994035625,15.611279366916278,9.628886910231813,0.16784771960521946,249,True,False,True,False,False,True,False,False,False,False,False,False,False,False,False,False,3,True,"right_pre_grasp_close,right_post_release_close,gripper_twitch"
379,215,1,0,0,1,0,0,0,0,1,0,0,0,72.0,0.33488372093023255,132,142.0,132,0.6139534883720931,10.0,0.0015240386128425598,0.035598231479525566,0.02558913640677929,True,True,0,31,0,0.08733004331588745,0.0009231357467122661,0.003037057869139066,0.021239876747131348,0.010367665183956674,0.0031203938660671854,12.398118288605474,8.614685273894793,0.16859398737173112,165,False,False,False,False,False,False,False,False,False,False,False,False,False,False,False,False,0,False,
380,244,2,1,1,1,0,0,1,0,1,0,1,0,64.0,0.26229508196721313,139,150.0,139,0.569672131147541,11.0,0.004280555993318558,0.03758789785206318,0.03144334256649017,True,True,0,0,0,0.11758222011849284,0.0019974284401843966,0.004772932533019704,0.0393906831741333,0.00810008248181229,0.004976215574608271,22.02757803608256,10.252865267299057,0.5667090886704363,162,False,False,True,False,False,True,False,False,False,False,False,False,False,False,False,False,2,True,"right_post_release_close,gripper_twitch"
381,261,1,0,0,1,0,0,0,0,1,0,0,0,75.0,0.28735632183908044,167,177.0,167,0.6398467432950191,10.0,0.0006908439099788666,0.02501628827303648,0.025852464139461517,True,True,0,29,0,0.08826661109924316,0.0009080114012788361,0.002988444885165466,0.027082021813839674,0.008804005898807771,0.003735609050114813,15.48416199037456,11.372006431323825,0.24363156623032142,329,False,False,False,False,False,False,False,False,False,False,False,False,False,False,False,False,0,False,
382,231,1,0,0,1,0,0,0,0,1,0,0,0,68.0,0.2943722943722944,141,152.0,141,0.6103896103896104,11.0,0.0062585026025772095,0.03410160727798939,0.032845908775925636,True,True,0,33,0,0.08782768249511719,0.0006401839279560393,0.0024634544586502748,0.020455642777960747,0.011976964510011267,0.008357420544247447,13.103711875155568,8.444358796848974,0.3815492421339071,213,False,False,False,False,False,False,True,False,False,False,False,False,False,False,False,False,1,False,hold_slip
383,245,1,0,0,1,0,0,0,0,1,0,0,0,75.0,0.30612244897959184,151,161.0,151,0.6163265306122448,10.0,0.0013971421867609024,0.021894734352827072,0.021209770813584328,True,True,0,30,0,0.09765687584877014,0.0007105291969431931,0.0025775808846864507,0.021752476692199707,0.012535628127640575,0.0025976569791014825,12.94213170337025,10.181577616422146,0.10336107198603878,366,False,False,False,False,False,False,False,False,False,False,False,False,False,False,False,False,0,False,
384,247,2,1,1,2,0,0,0,2,1,0,1,1,65.0,0.2631578947368421,151,161.0,151,0.611336032388664,10.0,0.0022380873560905457,0.03500678762793541,0.02384408935904503,True,True,0,0,0,0.06695090606808662,0.0008452460904814121,0.0029109804633911628,0.059671878814697266,0.051820594630104695,0.00448778561630332,14.256695072399452,11.907625678926706,0.40709083117422135,386,False,False,True,True,False,True,False,False,False,False,False,False,False,False,False,False,3,True,"right_post_release_close,left_early_close,gripper_twitch"
385,242,1,0,0,1,0,0,0,0,1,0,0,0,71.0,0.29338842975206614,145,158.0,145,0.5991735537190083,13.0,0.004820987582206726,0.03775709867477417,0.02928166463971138,True,True,0,32,0,0.11387312412261963,0.001243381659446483,0.0033924966489629867,0.02385246753692627,0.021828522543016142,0.012414602010448184,15.163117124323435,9.471585991457687,0.28103491358203675,26,False,False,False,False,False,False,False,False,False,False,False,False,False,False,False,False,0,False,
386,247,1,0,0,3,0,0,0,0,1,0,0,2,72.0,0.291497975708502,149,158.0,149,0.6032388663967612,9.0,0.003608075901865959,0.026617937721312046,0.026404946111142635,True,True,0,0,0,0.09454429149627686,0.0006953136895654941,0.0026978126462929857,0.06597205065190792,0.04332833201203491,0.010016584802869773,15.000410134904087,11.21868793386966,0.40709083117422135,384,False,False,False,True,False,False,False,False,False,False,False,False,False,False,False,False,1,True,left_early_close
387,214,1,0,0,1,0,0,0,1,1,0,0,0,64.0,0.29906542056074764,133,140.0,133,0.6214953271028038,7.0,0.0015145018696784973,0.03881528973579407,0.028664855286478996,True,True,0,32,0,0.1028735339641571,0.0011755506721049043,0.003593073776503771,0.013368584914132953,0.018888222455870934,0.0035661850427758397,14.363471760225366,9.52449257229091,0.16874624384462736,265,False,False,False,False,False,True,False,False,False,False,False,False,False,False,False,False,1,False,gripper_twitch
388,247,1,0,0,1,0,0,0,0,1,0,0,0,65.0,0.2631578947368421,151,161.0,151,0.611336032388664,10.0,0.0018613450229167938,0.03607877530157566,0.025140970945358276,True,True,0,0,0,0.06890523433685303,0.0005545919485090712,0.0022120422759380545,0.01411294937133789,0.011998645298795251,0.006430491440126558,12.069476753706113,10.40816300538063,0.07268659303031183,190,False,False,False,False,False,False,False,False,False,False,False,False,False,False,False,False,0,False,
389,242,2,1,0,1,0,0,0,0,1,0,1,0,71.0,0.29338842975206614,145,158.0,145,0.5991735537190083,13.0,0.004302855581045151,0.025318773463368416,0.02756321057677269,True,True,0,32,0,0.08643174171447754,0.0006681270144878699,0.0024578996244553866,0.010124245192855597,0.02132199403167703,0.011500668508992472,12.9327819312457,9.530353540219949,0.09078695424514763,70,False,False,True,False,False,True,False,False,False,False,False,False,False,False,False,False,2,True,"right_post_release_close,gripper_twitch"
390,240,1,0,0,1,0,0,0,0,1,0,0,0,76.0,0.31666666666666665,147,159.0,147,0.6125,12.0,0.0014612413942813873,0.028398867696523666,0.021840298548340797,True,True,0,32,0,0.08449757099151611,0.0006018848776963467,0.002349976867747316,0.01828181743621826,0.015153366964136212,0.011546101105707524,12.25106873785262,9.62203384960958,0.19471899117870245,337,False,False,False,False,False,False,False,False,False,False,False,False,False,False,False,False,0,False,
391,247,1,0,0,1,0,0,0,0,1,0,0,0,72.0,0.291497975708502,149,158.0,149,0.6032388663967612,9.0,0.005616411566734314,0.0292476499453187,0.02416462730616331,True,True,0,0,0,0.09179830551147461,0.0005809363700559032,0.0022459406587714945,0.023491015541367233,0.01445701745839895,0.012332506050821273,13.293598717420537,9.908419071736716,0.13054171010255808,39,False,False,False,False,False,False,True,False,False,False,False,False,False,False,False,False,1,False,hold_slip
392,244,2,1,1,1,0,0,0,0,1,0,1,0,60.0,0.2459016393442623,139,150.0,139,0.569672131147541,11.0,0.0018923915922641754,0.03711295872926712,0.029936321079730988,True,True,0,0,0,0.08309507369995117,0.0008969863512377563,0.0029890256484383995,0.011631263711024076,0.007772106461205042,0.0044223324249898655,15.438450810033828,10.41004085973691,0.1220717649742754,128,False,False,True,False,False,True,False,False,False,False,False,False,False,False,False,False,2,True,"right_post_release_close,gripper_twitch"
393,251,2,1,0,1,0,0,0,0,1,0,1,0,74.0,0.2948207171314741,154,164.0,154,0.6135458167330677,10.0,0.0021855775266885757,0.029983394779264927,0.01857106387615204,True,True,0,0,0,0.0615825355052948,0.0006229079105109099,0.002602217597332128,0.015561342239379883,0.007587596892901717,0.006636205344061326,14.16894695814699,12.430739381816238,0.2889100636496879,167,False,False,True,False,False,True,False,False,False,False,False,False,False,False,False,False,2,True,"right_post_release_close,gripper_twitch"
394,259,2,1,1,2,1,0,0,0,1,0,1,0,78.0,0.30115830115830117,162,175.0,162,0.6254826254826255,13.0,0.007583605125546455,0.03585193306207657,0.03489389270544052,True,True,0,0,0,0.07261049747467041,0.0010347214090963958,0.003285176065465156,0.028729915618896484,0.013683787407351109,0.009981352382632317,17.43628802625608,10.0604312262858,0.3149434084883898,254,False,False,True,False,False,True,True,False,False,False,False,False,False,False,False,False,3,True,"right_post_release_close,gripper_twitch,hold_slip"
395,261,1,0,0,1,0,0,0,0,1,0,0,0,77.0,0.2950191570881226,167,177.0,167,0.6398467432950191,10.0,0.0012844931334257126,0.018886773847043514,0.020693371072411537,True,True,0,30,0,0.08757445216178894,0.0008763231449588547,0.0030156599890728063,0.02407550811767578,0.009252729684090997,0.004696515912452158,16.060851557645947,11.329304846854939,0.326904234682195,267,False,False,False,False,False,False,False,False,False,False,False,False,False,False,False,False,0,False,
396,240,1,0,0,1,0,0,0,0,1,0,0,0,76.0,0.31666666666666665,148,158.0,148,0.6166666666666667,10.0,0.0034558773040771484,0.03619939647614956,0.03486121445894241,True,True,0,33,0,0.09810513257980347,0.00072662616826269,0.0028188042269036142,0.05442953109741211,0.015609392191521073,0.009383985905329533,16.39233852829784,9.460716085364766,0.22137125744067176,274,False,False,False,False,False,False,False,False,False,False,False,False,False,False,False,False,0,False,
397,221,1,0,0,1,0,0,0,0,1,0,0,0,70.0,0.3167420814479638,132,142.0,132,0.5972850678733032,10.0,0.002546597272157669,0.03770717233419418,0.02631550095975399,True,True,0,0,0,0.07340735197067261,0.0006409740665074143,0.0027754020255380445,0.02927713980898261,0.009358029277639615,0.004494174520014117,13.902728518121876,9.221253995881398,0.04331157867008723,319,False,False,False,False,False,False,False,False,False,False,False,False,False,False,False,False,0,False,
398,247,1,0,0,1,0,0,0,0,1,0,0,0,72.0,0.291497975708502,149,158.0,149,0.6032388663967612,9.0,0.0029721762984991074,0.028511268086731434,0.0241838451474905,True,True,0,0,0,0.09358632564544678,0.0006547606377447918,0.0023113830675363,0.016103314235806465,0.016523346910849192,0.014700555936336585,13.778271317481995,9.777368507388019,0.3167333009554768,150,False,False,False,False,False,False,False,False,False,False,False,False,False,False,False,False,0,False,
399,253,1,0,0,1,0,0,1,0,1,0,0,0,69.0,0.2727272727272727,151,162.0,151,0.5968379446640316,11.0,0.001768842339515686,0.039242904633283615,0.0280366949737072,True,True,0,2,0,0.0793728232383728,0.0008315634427521032,0.0027631157189492287,0.02635800838470459,0.022518323746947674,0.007275867387029533,14.829424747033045,10.461234190443065,0.17287925361555398,359,False,False,False,False,False,True,False,False,False,False,False,False,False,False,False,False,1,False,gripper_twitch
