step,t,LJ1.pos_target,LJ1.pos_commanded,LJ1.pos_actual,LJ2.pos_target,LJ2.pos_commanded,LJ2.pos_actual,LJ3.pos_target,LJ3.pos_commanded,LJ3.pos_actual,LJ4.pos_target,LJ4.pos_commanded,LJ4.pos_actual,LJ5.pos_target,LJ5.pos_commanded,LJ5.pos_actual,LJ6.pos_target,LJ6.pos_commanded,LJ6.pos_actual,LJ7.pos_target,LJ7.pos_commanded,LJ7.pos_actual,LJ8.pos_target,LJ8.pos_commanded,LJ8.pos_actual,RJ1.pos_target,RJ1.pos_commanded,RJ1.pos_actual,RJ2.pos_target,RJ2.pos_commanded,RJ2.pos_actual,RJ3.pos_target,RJ3.pos_commanded,RJ3.pos_actual,RJ4.pos_target,RJ4.pos_commanded,RJ4.pos_actual,RJ5.pos_target,RJ5.pos_commanded,RJ5.pos_actual,RJ6.pos_target,RJ6.pos_commanded,RJ6.pos_actual,RJ7.pos_target,RJ7.pos_commanded,RJ7.pos_actual,RJ8.pos_target,RJ8.pos_commanded,RJ8.pos_actual
0,0.0043926239013671875,-5.000382589059882e-05,-5.000382589059882e-05,0.02155336842908362,0.0001280731667065993,0.0001280731667065993,-0.011253528648813571,-0.00013448522076942027,-0.00013448522076942027,0.006294346532387252,1.570810079574585,1.570810079574585,1.5520332646677346,-0.002402055310085416,-0.002402055310085416,0.0040054932478827965,-0.0007530539878644049,-0.0007530539878644049,-0.0001907377737087046,0.0023292487021535635,0.0023292487021535635,0.008201724269474298,1.21209997935806,1.21209997935806,1.137369344625009,0.0022884816862642765,0.0022884816862642765,-0.01697566186007471,9.386215242557228e-05,9.386215242557228e-05,0.0024795910582131597,0.00028820379520766437,0.00028820379520766437,-0.01201647974364839,1.5676485300064087,1.5676485300064087,1.5352483405813686,0.0014298773603513837,0.0014298773603513837,0.006294346532387252,0.0007444159127771854,0.0007444159127771854,-0.007820248722056888,-0.0003369897312950343,-0.0003369897312950343,-0.006675822079804661,-1.2979979055694173,-1.2979979055694173,-1.2319752803845265
1,0.05459713935852051,8.541483839508146e-05,8.541483839508146e-05,0.018883039597161755,6.489174847956747e-05,6.489174847956747e-05,-0.011253528648813571,-0.0002050198381766677,-0.0002050198381766677,0.006294346532387252,1.571413278579712,1.571413278579712,1.5535591668574043,-0.002473150147125125,-0.002473150147125125,0.0040054932478827965,-0.0009788412135094404,-0.0009788412135094404,-0.000953688868543523,0.0038185138255357742,0.0038185138255357742,0.008583199816891707,1.2120973991155626,1.2120973991155626,1.1427100022888528,0.010050179436802864,0.010050179436802864,-0.014305333028152845,0.0007833222625777125,0.0007833222625777125,0.0024795910582131597,0.0011016052449122071,0.0011016052449122071,-0.01201647974364839,1.558018684387207,1.558018684387207,1.5409704737926297,0.002590236719697714,0.002590236719697714,0.006294346532387252,0.0021461397409439087,0.0021461397409439087,-0.007820248722056888,-0.0013216004008427262,-0.0013216004008427262,-0.005912870984969842,-1.2979968694065303,-1.2979968694065303,-1.2319752803845265
2,0.1046457290649414,4.28140556323342e-05,4.28140556323342e-05,0.0165941863126573,-2.4165910872397944e-05,-2.4165910872397944e-05,-0.011253528648813571,-0.00030709331622347236,-0.00030709331622347236,0.006294346532387252,1.5719972848892212,1.5719972848892212,1.5535591668574043,-0.00252608978189528,-0.00252608978189528,0.0040054932478827965,-0.0009665221441537142,-0.0009665221441537142,-0.002861066605630569,0.004353631287813187,0.004353631287813187,0.009346150911726525,1.212099656827748,1.212099656827748,1.1495765621423661,0.024506540969014168,0.024506540969014168,-0.00705729762722207,0.0021897766273468733,0.0021897766273468733,0.0024795910582131597,0.0025904520880430937,0.0025904520880430937,-0.01201647974364839,1.5417773723602295,1.5417773723602295,1.5409704737926297,0.004362607374787331,0.004362607374787331,0.006294346532387252,0.0039857118390500546,0.0039857118390500546,-0.00705729762722207,-0.002843688940629363,-0.002843688940629363,-0.008583199816891707,-1.2979923793673518,-1.2979923793673518,-1.2319752803845265
3,0.15465092658996582,-6.940421008039266e-05,-6.940421008039266e-05,0.013923857480735435,-7.89135810919106e-05,-7.89135810919106e-05,-0.011253528648813571,-0.0003338857786729932,-0.0003338857786729932,0.006294346532387252,1.5721684694290161,1.5721684694290161,1.5531776913099868,-0.0025322381407022476,-0.0025322381407022476,0.0040054932478827965,-0.0009230718715116382,-0.0009230718715116382,-0.002861066605630569,0.004336631391197443,0.004336631391197443,0.009346150911726525,1.212099656827748,1.212099656827748,1.1495765621423661,0.04558449983596802,0.04558449983596802,0.005149919890135024,0.004256767686456442,0.004256767686456442,0.0024795910582131597,0.0045055244117975235,0.0045055244117975235,-0.01201647974364839,1.5191749334335327,1.5191749334335327,1.5341039139391164,0.006499626208096743,0.006499626208096743,0.006294346532387252,0.006124796811491251,0.006124796811491251,-0.003242542153047978,-0.0038528097793459892,-0.0038528097793459892,-0.009346150911726525,-1.2979854716147696,-1.2979854716147696,-1.2319752803845265
4,0.204819917678833,-0.00011416155030019581,-0.00011416155030019581,0.013160906385900617,-8.54445606819354e-05,-8.54445606819354e-05,-0.011253528648813571,-0.00032042167731560767,-0.00032042167731560767,0.006294346532387252,1.5720622539520264,1.5720622539520264,1.5535591668574043,-0.0025365366600453854,-0.0025365366600453854,0.0040054932478827965,-0.0009447537595406175,-0.0009447537595406175,-0.0024795910582131597,0.004211137071251869,0.004211137071251869,0.008964675364309116,1.2120993342974358,1.2120993342974358,1.1495765621423661,0.0724475160241127,0.0724475160241127,0.027656977187762166,0.006800240371376276,0.006800240371376276,0.002861066605630569,0.006605888716876507,0.006605888716876507,-0.011253528648813571,1.4903241395950317,1.4903241395950317,1.5165560387579156,0.008823225274682045,0.008823225274682045,0.006675822079804661,0.008608458563685417,0.008608458563685417,-0.0005722133211261138,-0.0034347479231655598,-0.0034347479231655598,-0.008964675364309116,-1.2979796000250752,-1.2979796000250752,-1.2319752803845265
5,0.2548034191131592,-9.714935004012659e-05,-9.714935004012659e-05,0.013923857480735435,-8.526940655428916e-05,-8.526940655428916e-05,-0.011253528648813571,-0.00032465142430737615,-0.00032465142430737615,0.006294346532387252,1.5719212293624878,1.5719212293624878,1.5535591668574043,-0.002557038562372327,-0.002557038562372327,0.0040054932478827965,-0.0009913156973198056,-0.0009913156973198056,-0.002861066605630569,0.0041588530875742435,0.0041588530875742435,0.008964675364309116,1.2120983667064993,1.2120983667064993,1.1495765621423661,0.10390670597553253,0.10390670597553253,0.05893797207598972,0.009674309752881527,0.009674309752881527,0.0024795910582131597,0.008760923519730568,0.008760923519730568,-0.006675822079804661,1.455639123916626,1.455639123916626,1.4841306172274358,0.011205031536519527,0.011205031536519527,0.006675822079804661,0.011416581459343433,0.011416581459343433,0.002861066605630569,-0.0011808867566287518,-0.0011808867566287518,-0.008964675364309116,-1.2979768369240423,-1.2979768369240423,-1.2319752803845265
6,0.3049933910369873,-8.302077912958339e-05,-8.302077912958339e-05,0.013923857480735435,-0.00010294390813214704,-0.00010294390813214704,-0.011253528648813571,-0.0003516920260153711,-0.0003516920260153711,0.006294346532387252,1.5718353986740112,1.5718353986740112,1.5531776913099868,-0.002586855785921216,-0.002586855785921216,0.0036240177004653873,-0.0010193719062954187,-0.0010193719062954187,-0.0024795910582131597,0.004150315187871456,0.004150315187871456,0.009346150911726525,1.2120986892368113,1.2120986892368113,1.1495765621423661,0.1387573927640915,0.1387573927640915,0.09632257572289582,0.012786192819476128,0.012786192819476128,0.003242542153047978,0.010882413014769554,0.010882413014769554,-0.005531395437552433,1.4159399271011353,1.4159399271011353,1.4429312581063556,0.013519711792469025,0.013519711792469025,0.00705729762722207,0.014435346238315105,0.014435346238315105,0.004768444342717615,0.0030100408475846052,0.0030100408475846052,-0.008964675364309116,-1.297975109985897,-1.297975109985897,-1.2319752803845265
7,0.35501790046691895,-9.725884592626244e-05,-9.725884592626244e-05,0.013542381933318026,-0.0001318070717388764,-0.0001318070717388764,-0.011253528648813571,-0.0003808446926996112,-0.0003808446926996112,0.006294346532387252,1.5717778205871582,1.5717778205871582,1.5535591668574043,-0.0026113654021173716,-0.0026113654021173716,0.0036240177004653873,-0.0010327756172046065,-0.0010327756172046065,-0.002861066605630569,0.004116931464523077,0.004116931464523077,0.008964675364309116,1.2120990117671235,1.2120990117671235,1.1495765621423661,0.17588484287261963,0.17588484287261963,0.137521934843976,0.01604418084025383,0.01604418084025383,0.002861066605630569,0.01287609338760376,0.01287609338760376,0.0001907377737087046,1.3723046779632568,1.3723046779632568,1.3982986190585187,0.015643343329429626,0.015643343329429626,0.007438773174639479,0.017541535198688507,0.017541535198688507,0.007820248722056888,0.00915029551833868,0.00915029551833868,-0.006294346532387252,-1.2979733830477511,-1.2979733830477511,-1.2319752803845265
8,0.40507054328918457,-0.0001303480239585042,-0.0001303480239585042,0.013542381933318026,-0.00015939136210363358,-0.00015939136210363358,-0.010872053101396162,-0.00040397196426056325,-0.00040397196426056325,0.006294346532387252,1.5716980695724487,1.5716980695724487,1.5535591668574043,-0.0026345818769186735,-0.0026345818769186735,0.0036240177004653873,-0.0010513777378946543,-0.0010513777378946543,-0.002861066605630569,0.0040421392768621445,0.0040421392768621445,0.009346150911726525,1.2120993342974358,1.2120993342974358,1.1495765621423661,0.2142362743616104,0.2142362743616104,0.17681391622796916,0.019335176795721054,0.019335176795721054,0.0040054932478827965,0.014654369093477726,0.014654369093477726,0.0005722133211261138,1.3259063959121704,1.3259063959121704,1.3506141756313426,0.017476346343755722,0.017476346343755722,0.010872053101396162,0.02064080908894539,0.02064080908894539,0.010490577553978753,0.017198095098137856,0.017198095098137856,-0.0013351644159609322,-1.2979716561096057,-1.2979716561096057,-1.2319752803845265
9,0.45513153076171875,-0.00016539471107535064,-0.00016539471107535064,0.013923857480735435,-0.00018402836576569825,-0.00018402836576569825,-0.011253528648813571,-0.00042562573798932135,-0.00042562573798932135,0.006294346532387252,1.5715879201889038,1.5715879201889038,1.5535591668574043,-0.0026586290914565325,-0.0026586290914565325,0.0036240177004653873,-0.0010780071606859565,-0.0010780071606859565,-0.002861066605630569,0.0039504291489720345,0.0039504291489720345,0.010490577553978753,1.2120990117671235,1.2120990117671235,1.1495765621423661,0.25273454189300537,0.25273454189300537,0.2157244220645449,0.022540580481290817,0.022540580481290817,0.005531395437552433,0.016162903979420662,0.016162903979420662,0.0005722133211261138,1.278059720993042,1.278059720993042,1.300640878919662,0.01895691268146038,0.01895691268146038,0.010872053101396162,0.023653795942664146,0.023653795942664146,0.013923857480735435,0.02696174755692482,0.02696174755692482,0.006294346532387252,-1.297972001497235,-1.297972001497235,-1.2319752803845265
10,0.5052394866943359,-0.00019540255016181618,-0.00019540255016181618,0.013542381933318026,-0.00020938689704053104,-0.00020938689704053104,-0.011253528648813571,-0.0004505562246777117,-0.0004505562246777117,0.006294346532387252,1.5714662075042725,1.5714662075042725,1.5535591668574043,-0.002687734318897128,-0.002687734318897128,0.0036240177004653873,-0.0011076199589297175,-0.0011076199589297175,-0.002861066605630569,0.0038619008846580982,0.0038619008846580982,0.011253528648813571,1.2120993342974358,1.2120993342974358,1.1495765621423661,0.2902393043041229,0.2902393043041229,0.2527275501640336,0.025552209466695786,0.025552209466695786,0.005531395437552433,0.01738286390900612,0.01738286390900612,0.004386968795300206,1.2302911281585693,1.2302911281585693,1.250286106660564,0.02006678469479084,0.02006678469479084,0.011253528648813571,0.026487983763217926,0.026487983763217926,0.01621271076523989,0.03804057464003563,0.03804057464003563,0.014305333028152845,-1.297972346884864,-1.297972346884864,-1.2319752803845265
11,0.555305004119873,-0.00022372606326825917,-0.00022372606326825917,0.013542381933318026,-0.00023719642194919288,-0.00023719642194919288,-0.011253528648813571,-0.000477589201182127,-0.000477589201182127,0.006294346532387252,1.5713456869125366,1.5713456869125366,1.5535591668574043,-0.0027157908771187067,-0.0027157908771187067,0.0036240177004653873,-0.001133615616708994,-0.001133615616708994,-0.002861066605630569,0.0037776490207761526,0.0037776490207761526,0.01201647974364839,1.2120990117671235,1.2120990117671235,1.1495765621423661,0.3255288302898407,0.3255288302898407,0.286678873884183,0.02827434614300728,0.02827434614300728,0.005912870984969842,0.018318910151720047,0.018318910151720047,0.006675822079804661,1.1844134330749512,1.1844134330749512,1.2006942854963008,0.020821401849389076,0.020821401849389076,0.013160906385900617,0.02903198078274727,0.02903198078274727,0.02040894178683139,0.04981569945812225,0.04981569945812225,0.024605172808422893,-1.2979737284353803,-1.2979737284353803,-1.2319752803845265
12,0.605288028717041,-0.00025329450727440417,-0.00025329450727440417,0.013542381933318026,-0.00026622801669873297,-0.00026622801669873297,-0.011253528648813571,-0.0005048043094575405,-0.0005048043094575405,0.006294346532387252,1.5712279081344604,1.5712279081344604,1.5535591668574043,-0.002744516357779503,-0.002744516357779503,0.0036240177004653873,-0.0011594550451263785,-0.0011594550451263785,-0.002861066605630569,0.0036931191571056843,0.0036931191571056843,0.012397955291065799,1.2120993342974358,1.2120993342974358,1.1495765621423661,0.3572770059108734,0.3572770059108734,0.3206301976043324,0.030617281794548035,0.030617281794548035,0.008583199816891707,0.018989121541380882,0.018989121541380882,0.006675822079804661,1.142564296722412,1.142564296722412,1.1545357442587925,0.02127123810350895,0.02127123810350895,0.015068284122987663,0.03116675838828087,0.03116675838828087,0.022316319523918438,0.061466049402952194,0.061466049402952194,0.03643091477836258,-1.2979754553735259,-1.2979754553735259,-1.2319752803845265
13,0.6553514003753662,-0.00028494629077613354,-0.00028494629077613354,0.013542381933318026,-0.0002952054492197931,-0.0002952054492197931,-0.011253528648813571,-0.0005312238354235888,-0.0005312238354235888,0.006294346532387252,1.5711102485656738,1.5711102485656738,1.5535591668574043,-0.0027724243700504303,-0.0027724243700504303,0.0040054932478827965,-0.0011856278870254755,-0.0011856278870254755,-0.002861066605630569,0.0036062232684344053,0.0036062232684344053,0.012397955291065799,1.2120990117671235,1.2120990117671235,1.1495765621423661,0.3840526342391968,0.3840526342391968,0.35114824139772516,0.0324929840862751,0.0324929840862751,0.008964675364309116,0.019418347626924515,0.019418347626924515,0.006675822079804661,1.1071645021438599,1.1071645021438599,1.114862287327382,0.02148967795073986,0.02148967795073986,0.015068284122987663,0.03277236223220825,0.03277236223220825,0.02536812390325771,0.07201635837554932,0.07201635837554932,0.04863813229571967,-1.2979771823116715,-1.2979771823116715,-1.2319752803845265
14,0.7055356502532959,-0.0003167642280459404,-0.0003167642280459404,0.013542381933318026,-0.00032342958729714155,-0.00032342958729714155,-0.010872053101396162,-0.000557274091988802,-0.000557274091988802,0.006294346532387252,1.57099187374115,1.57099187374115,1.5535591668574043,-0.002800251357257366,-0.002800251357257366,0.0040054932478827965,-0.0012118585873395205,-0.0012118585873395205,-0.0024795910582131597,0.003518268233165145,0.003518268233165145,0.01201647974364839,1.2120990117671235,1.2120990117671235,1.1495765621423661,0.4043114185333252,0.4043114185333252,0.37594415197985676,0.033814650028944016,0.033814650028944016,0.008964675364309116,0.01963460072875023,0.01963460072875023,0.006675822079804661,1.0808618068695068,1.0808618068695068,1.0824368657969021,0.021559789776802063,0.021559789776802063,0.015068284122987663,0.03373260051012039,0.03373260051012039,0.02613107499809253,0.08039652556180954,0.08039652556180954,0.05931944762340713,-1.2979785638621877,-1.2979785638621877,-1.2319752803845265
15,0.7554798126220703,-0.0003478534345049411,-0.0003478534345049411,0.013542381933318026,-0.0003512851835694164,-0.0003512851835694164,-0.011253528648813571,-0.000582845532335341,-0.000582845532335341,0.006294346532387252,1.5708746910095215,1.5708746910095215,1.5535591668574043,-0.0028279272373765707,-0.0028279272373765707,0.0040054932478827965,-0.0012377455132082105,-0.0012377455132082105,-0.002861066605630569,0.003432830795645714,0.003432830795645714,0.012397955291065799,1.2120990117671235,1.2120990117671235,1.1495765621423661,0.41645389795303345,0.41645389795303345,0.39501792935073077,0.034496210515499115,0.034496210515499115,0.008583199816891707,0.019659515470266342,0.019659515470266342,0.006675822079804661,1.0663405656814575,1.0663405656814575,1.0629816128786143,0.021550865843892097,0.021550865843892097,0.015068284122987663,0.033929988741874695,0.033929988741874695,0.02651255054550994,0.08555421978235245,0.08555421978235245,0.06580453192950309,-1.2979806361879622,-1.2979806361879622,-1.2319752803845265
16,0.8056414127349854,-0.0003782175772357732,-0.0003782175772357732,0.013542381933318026,-0.0003785253211390227,-0.0003785253211390227,-0.011253528648813571,-0.0006080773891881108,-0.0006080773891881108,0.006294346532387252,1.5707608461380005,1.5707608461380005,1.5535591668574043,-0.002855980070307851,-0.002855980070307851,0.0040054932478827965,-0.0012633533915504813,-0.0012633533915504813,-0.002861066605630569,0.0033503351733088493,0.0033503351733088493,0.012397955291065799,1.2120993342974358,1.2120993342974358,1.1495765621423661,0.4217521548271179,0.4217521548271179,0.40341039139391377,0.03466017544269562,0.03466017544269562,0.008964675364309116,0.019660383462905884,0.019660383462905884,0.006675822079804661,1.060975432395935,1.060975432395935,1.0584039063096053,0.021815627813339233,0.021815627813339233,0.015068284122987663,0.03398173302412033,0.03398173302412033,0.02651255054550994,0.08790920674800873,0.08790920674800873,0.07000076295109459,-1.29798927087869,-1.29798927087869,-1.2319752803845265
17,0.8556149005889893,-0.0004070395661983639,-0.0004070395661983639,0.013542381933318026,-0.000405152328312397,-0.000405152328312397,-0.011253528648813571,-0.0006322523695416749,-0.0006322523695416749,0.006294346532387252,1.5706521272659302,1.5706521272659302,1.5535591668574043,-0.0028803301975131035,-0.0028803301975131035,0.0040054932478827965,-0.0012860845308750868,-0.0012860845308750868,-0.002861066605630569,0.0032716887071728706,0.0032716887071728706,0.012397955291065799,1.2120993342974358,1.2120993342974358,1.1495765621423661,0.42364776134490967,0.42364776134490967,0.4079880979629227,0.034602198749780655,0.034602198749780655,0.008964675364309116,0.019967004656791687,0.019967004656791687,0.006675822079804661,1.0589146614074707,1.0589146614074707,1.0584039063096053,0.02273901179432869,0.02273901179432869,0.015068284122987663,0.033884674310684204,0.033884674310684204,0.02651255054550994,0.08877720683813095,0.08877720683813095,0.07381551842526868,-1.2979920339797228,-1.2979920339797228,-1.2319752803845265
18,0.9057402610778809,-0.0004343650653026998,-0.0004343650653026998,0.013542381933318026,-0.00042971904622390866,-0.00042971904622390866,-0.011253528648813571,-0.0006542855990119278,-0.0006542855990119278,0.006294346532387252,1.5705504417419434,1.5705504417419434,1.5535591668574043,-0.0029049136210232973,-0.0029049136210232973,0.0040054932478827965,-0.0013072073925286531,-0.0013072073925286531,-0.002861066605630569,0.0031982811633497477,0.0031982811633497477,0.012397955291065799,1.2120993342974358,1.2120993342974358,1.1495765621423661,0.4238847494125366,0.4238847494125366,0.4079880979629227,0.03460731729865074,0.03460731729865074,0.008964675364309116,0.020651470869779587,0.020651470869779587,0.006675822079804661,1.0587269067764282,1.0587269067764282,1.0584039063096053,0.02448122948408127,0.02448122948408127,0.015449759670405072,0.03336799144744873,0.03336799144744873,0.02651255054550994,0.08812688291072845,0.08812688291072845,0.0745784695201035,-1.2979816723508497,-1.2979816723508497,-1.2319752803845265
19,0.9558699131011963,-0.0004599848762154579,-0.0004599848762154579,0.013542381933318026,-0.000452374602900818,-0.000452374602900818,-0.011253528648813571,-0.0006742358091287315,-0.0006742358091287315,0.006294346532387252,1.5704565048217773,1.5704565048217773,1.5535591668574043,-0.00292587629519403,-0.00292587629519403,0.0040054932478827965,-0.001326699391938746,-0.001326699391938746,-0.002861066605630569,0.00313003221526742,0.00313003221526742,0.012397955291065799,1.2120993342974358,1.2120993342974358,1.1495765621423661,0.4233948588371277,0.4233948588371277,0.40722514686808786,0.03468477353453636,0.03468477353453636,0.008964675364309116,0.021423816680908203,0.021423816680908203,0.006675822079804661,1.0602315664291382,1.0602315664291382,1.0584039063096053,0.026783496141433716,0.026783496141433716,0.018501564049744346,0.03248271718621254,0.03248271718621254,0.02651255054550994,0.0865010917186737,0.0865010917186737,0.07419699397268609,-1.2979668206827983,-1.2979668206827983,-1.2319752803845265
20,1.0059599876403809,-0.00048252876149490476,-0.00048252876149490476,0.013542381933318026,-0.0004730363725684583,-0.0004730363725684583,-0.011253528648813571,-0.0006924720364622772,-0.0006924720364622772,0.006294346532387252,1.5703734159469604,1.5703734159469604,1.5535591668574043,-0.002944882260635495,-0.002944882260635495,0.0040054932478827965,-0.0013442042982205749,-0.0013442042982205749,-0.002861066605630569,0.0030690254643559456,0.0030690254643559456,0.012397955291065799,1.2120993342974358,1.2120993342974358,1.1495765621423661,0.4223509132862091,0.4223509132862091,0.40722514686808786,0.034623268991708755,0.034623268991708755,0.008964675364309116,0.021854879334568977,0.021854879334568977,0.006675822079804661,1.063586711883545,1.063586711883545,1.0584039063096053,0.02946457266807556,0.02946457266807556,0.019264515144579164,0.03210422024130821,0.03210422024130821,0.02651255054550994,0.08456390351057053,0.08456390351057053,0.07419699397268609,-1.2979664752951692,-1.2979664752951692,-1.2319752803845265
21,1.0559289455413818,-0.000503171409945935,-0.000503171409945935,0.013542381933318026,-0.0004909632843919098,-0.0004909632843919098,-0.011253528648813571,-0.0007078949711285532,-0.0007078949711285532,0.006294346532387252,1.5702987909317017,1.5702987909317017,1.5535591668574043,-0.0029617808759212494,-0.0029617808759212494,0.0040054932478827965,-0.0013581120874732733,-0.0013581120874732733,-0.002861066605630569,0.0030152190010994673,0.0030152190010994673,0.012397955291065799,1.2120993342974358,1.2120993342974358,1.1495765621423661,0.4203520119190216,0.4203520119190216,0.40760662241550527,0.03425871953368187,0.03425871953368187,0.008964675364309116,0.021709294989705086,0.021709294989705086,0.006675822079804661,1.0690518617630005,1.0690518617630005,1.0584039063096053,0.032276738435029984,0.032276738435029984,0.022316319523918438,0.033324044197797775,0.033324044197797775,0.02651255054550994,0.0828528180718422,0.0828528180718422,0.07419699397268609,-1.2979896162663191,-1.2979896162663191,-1.2319752803845265
22,1.1060612201690674,-0.0005199732258915901,-0.0005199732258915901,0.013542381933318026,-0.0005060635157860816,-0.0005060635157860816,-0.011253528648813571,-0.0007205940200947225,-0.0007205940200947225,0.006294346532387252,1.5702377557754517,1.5702377557754517,1.5535591668574043,-0.0029752536211162806,-0.0029752536211162806,0.0040054932478827965,-0.001369951176457107,-0.001369951176457107,-0.002861066605630569,0.002972021931782365,0.002972021931782365,0.012397955291065799,1.2120993342974358,1.2120993342974358,1.1495765621423661,0.41658028960227966,0.41658028960227966,0.40760662241550527,0.033833254128694534,0.033833254128694534,0.008964675364309116,0.02054012194275856,0.02054012194275856,0.006675822079804661,1.0771369934082031,1.0771369934082031,1.0584039063096053,0.03405078127980232,0.03405078127980232,0.024605172808422893,0.03773314878344536,0.03773314878344536,0.02651255054550994,0.0819157063961029,0.0819157063961029,0.07381551842526868,-1.2979999778951918,-1.2979999778951918,-1.2319752803845265
23,1.1560938358306885,-0.0005332003929652274,-0.0005332003929652274,0.013542381933318026,-0.0005178760038688779,-0.0005178760038688779,-0.011253528648813571,-0.0007301741861738265,-0.0007301741861738265,0.006294346532387252,1.5701903104782104,1.5701903104782104,1.5535591668574043,-0.002985446248203516,-0.002985446248203516,0.0040054932478827965,-0.0013779611326754093,-0.0013779611326754093,-0.002861066605630569,0.002937291981652379,0.002937291981652379,0.012397955291065799,1.2120993342974358,1.2120993342974358,1.1495765621423661,0.4103134274482727,0.4103134274482727,0.40684367132067045,0.033588193356990814,0.033588193356990814,0.008964675364309116,0.018522275611758232,0.018522275611758232,0.006675822079804661,1.0879018306732178,1.0879018306732178,1.0587853818570228,0.034532394260168076,0.034532394260168076,0.02574959945067512,0.04614420235157013,0.04614420235157013,0.03032730601968403,0.08225005865097046,0.08225005865097046,0.07381551842526868,-1.2979999778951918,-1.2979999778951918,-1.2319752803845265
24,1.206221103668213,-0.0005430642049759626,-0.0005430642049759626,0.013542381933318026,-0.000526143005117774,-0.000526143005117774,-0.011253528648813571,-0.0007363685290329158,-0.0007363685290329158,0.006294346532387252,1.5701570510864258,1.5701570510864258,1.5535591668574043,-0.0029924865812063217,-0.0029924865812063217,0.0040054932478827965,-0.0013827576767653227,-0.0013827576767653227,-0.002861066605630569,0.00291424454189837,0.00291424454189837,0.012397955291065799,1.2120993342974358,1.2120993342974358,1.1495765621423661,0.40088552236557007,0.40088552236557007,0.40341039139391377,0.0340852253139019,0.0340852253139019,0.009346150911726525,0.016100479289889336,0.016100479289889336,0.006675822079804661,1.1012330055236816,1.1012330055236816,1.0652704661631187,0.03376946970820427,0.03376946970820427,0.02613107499809253,0.058817308396101,0.058817308396101,0.04100862134737149,0.08431489765644073,0.08431489765644073,0.07381551842526868,-1.2979999778951918,-1.2979999778951918,-1.2319752803845265
25,1.2562053203582764,-0.0005501286359503865,-0.0005501286359503865,0.013160906385900617,-0.0005309937405399978,-0.0005309937405399978,-0.011253528648813571,-0.0007391132530756295,-0.0007391132530756295,0.006294346532387252,1.5701385736465454,1.5701385736465454,1.5535591668574043,-0.002995363436639309,-0.002995363436639309,0.0040054932478827965,-0.0013846020447090268,-0.0013846020447090268,-0.002861066605630569,0.0029044735711067915,0.0029044735711067915,0.012397955291065799,1.2120993342974358,1.2120993342974358,1.1495765621423661,0.38805562257766724,0.38805562257766724,0.39463645380331336,0.03594837337732315,0.03594837337732315,0.008964675364309116,0.013840575702488422,0.013840575702488422,0.006675822079804661,1.1164252758026123,1.1164252758026123,1.0793850614175629,0.03173371031880379,0.03173371031880379,0.02574959945067512,0.07500477135181427,0.07500477135181427,0.055886167696650446,0.0885779857635498,0.0885779857635498,0.07419699397268609,-1.2979999778951918,-1.2979999778951918,-1.2319752803845265
26,1.3062314987182617,-0.0004308793868403882,-0.0004308793868403882,0.013542381933318026,-0.0005838428623974323,-0.0005838428623974323,-0.011253528648813571,-0.000677368720062077,-0.000677368720062077,0.006294346532387252,1.5703946352005005,1.5703946352005005,1.5535591668574043,-0.003607324091717601,-0.003607324091717601,0.0040054932478827965,-0.0019550425931811333,-0.0019550425931811333,-0.002861066605630569,0.0029834976885467768,0.0029834976885467768,0.012397955291065799,1.2120957864640016,1.2120957864640016,1.1495765621423661,0.37207847833633423,0.37207847833633423,0.3828107118333701,0.03959362208843231,0.03959362208843231,0.009346150911726525,0.012044155970215797,0.012044155970215797,0.006675822079804661,1.132301688194275,1.132301688194275,1.0976958876935985,0.028618521988391876,0.028618521988391876,0.02574959945067512,0.09369421750307083,0.09369421750307083,0.0745784695201035,0.09530201554298401,0.09530201554298401,0.07534142061493831,-1.2979999778951918,-1.2979999778951918,-1.2319752803845265
27,1.3563165664672852,-0.00015076012641657144,-0.00015076012641657144,0.013542381933318026,-0.0006688232533633709,-0.0006688232533633709,-0.011253528648813571,-0.000770624028518796,-0.000770624028518796,0.006294346532387252,1.5711551904678345,1.5711551904678345,1.5535591668574043,-0.004738788586109877,-0.004738788586109877,0.0040054932478827965,-0.002918141894042492,-0.002918141894042492,-0.002861066605630569,0.003087669378146529,0.003087669378146529,0.012397955291065799,1.2120938512821284,1.2120938512821284,1.1495765621423661,0.3533700108528137,0.3533700108528137,0.3664072632944215,0.04496249184012413,0.04496249184012413,0.011253528648813571,0.010912308469414711,0.010912308469414711,0.006675822079804661,1.1481419801712036,1.1481419801712036,1.116769665064469,0.02528523840010166,0.02528523840010166,0.02536812390325771,0.11403203755617142,0.11403203755617142,0.09327077134355655,0.1042056530714035,0.1042056530714035,0.08258945601586909,-1.2979999778951918,-1.2979999778951918,-1.2319752803845265
28,1.4063758850097656,0.0001818441232899204,0.0001818441232899204,0.013542381933318026,-0.0009031090303324163,-0.0009031090303324163,-0.011253528648813571,-0.0011341233039274812,-0.0011341233039274812,0.006294346532387252,1.5723141431808472,1.5723141431808472,1.5535591668574043,-0.006219487637281418,-0.006219487637281418,0.0036240177004653873,-0.003959665074944496,-0.003959665074944496,-0.002861066605630569,0.003096177941188216,0.003096177941188216,0.012397955291065799,1.2120957864640016,1.2120957864640016,1.1495765621423661,0.33222436904907227,0.33222436904907227,0.3477149614709685,0.05186423286795616,0.05186423286795616,0.01583123521782248,0.010076136328279972,0.010076136328279972,0.006675822079804661,1.1643742322921753,1.1643742322921753,1.1327916380560001,0.02200125902891159,0.02200125902891159,0.024605172808422893,0.13621632754802704,0.13621632754802704,0.11425192645151405,0.11488176882266998,0.11488176882266998,0.0913633936064695,-1.2979999778951918,-1.2979999778951918,-1.2319752803845265
29,1.4564828872680664,0.00045938094262965024,0.00045938094262965024,0.013542381933318026,-0.0013063702499493957,-0.0013063702499493957,-0.011253528648813571,-0.0017275454010814428,-0.0017275454010814428,0.006294346532387252,1.573679804801941,1.573679804801941,1.5535591668574043,-0.007239476777613163,-0.007239476777613163,0.0036240177004653873,-0.004525005351752043,-0.004525005351752043,-0.003242542153047978,0.002917448291555047,0.002917448291555047,0.012397955291065799,1.21209997935806,1.21209997935806,1.1495765621423661,0.30928489565849304,0.30928489565849304,0.3271152819104284,0.05980633571743965,0.05980633571743965,0.02536812390325771,0.009150581434369087,0.009150581434369087,0.006294346532387252,1.18125581741333,1.18125581741333,1.1461432822156095,0.018933584913611412,0.018933584913611412,0.02117189288166621,0.16056597232818604,0.16056597232818604,0.13828488593881083,0.12699761986732483,0.12699761986732483,0.10547798886091364,-1.2979999778951918,-1.2979999778951918,-1.232356755931944
30,1.506523609161377,0.0005585078033618629,0.0005585078033618629,0.013542381933318026,-0.0017670391825959086,-0.0017670391825959086,-0.011253528648813571,-0.002542586997151375,-0.002542586997151375,0.006294346532387252,1.5751198530197144,1.5751198530197144,1.5535591668574043,-0.008533340878784657,-0.008533340878784657,0.0036240177004653873,-0.00469762459397316,-0.00469762459397316,-0.003242542153047978,0.002844312461093068,0.002844312461093068,0.012397955291065799,1.21209997935806,1.21209997935806,1.1495765621423661,0.28552427887916565,0.28552427887916565,0.30155642023346196,0.068346306681633,0.068346306681633,0.03566796368352776,0.00801096111536026,0.00801096111536026,0.006675822079804661,1.1981004476547241,1.1981004476547241,1.1617837796597232,0.016232870519161224,0.016232870519161224,0.02040894178683139,0.18721365928649902,0.18721365928649902,0.1619363698786902,0.14028391242027283,0.14028391242027283,0.1161593041886011,-1.2979999778951918,-1.2979999778951918,-1.232356755931944
31,1.5566215515136719,0.00020621903240680695,0.00020621903240680695,0.013542381933318026,-0.002341529820114374,-0.002341529820114374,-0.011253528648813571,-0.0034989272244274616,-0.0034989272244274616,0.006294346532387252,1.5760577917099,1.5760577917099,1.5535591668574043,-0.009769080206751823,-0.009769080206751823,0.0013351644159609322,-0.004739442374557257,-0.004739442374557257,-0.0036240177004653873,0.0032767350785434246,0.0032767350785434246,0.012397955291065799,1.21209997935806,1.21209997935806,1.1495765621423661,0.26130759716033936,0.26130759716033936,0.27103837644006923,0.07754050195217133,0.07754050195217133,0.04940108339055449,0.006632191129028797,0.006632191129028797,0.006675822079804661,1.2149351835250854,1.2149351835250854,1.1797131303883432,0.013654067181050777,0.013654067181050777,0.017738612954909527,0.2168429046869278,0.2168429046869278,0.18978408484016107,0.15468856692314148,0.15468856692314148,0.1287479972533756,-1.2979999778951918,-1.2979999778951918,-1.232356755931944
32,1.6067495346069336,-0.0006820738199166954,-0.0006820738199166954,0.013542381933318026,-0.0030964540783315897,-0.0030964540783315897,-0.011253528648813571,-0.004516433924436569,-0.004516433924436569,0.006294346532387252,1.5763397216796875,1.5763397216796875,1.5539406424048217,-0.010700310580432415,-0.010700310580432415,0.0005722133211261138,-0.004834161140024662,-0.004834161140024662,-0.0036240177004653873,0.004652454983443022,0.004652454983443022,0.012397955291065799,1.21209997935806,1.21209997935806,1.1495765621423661,0.23715898394584656,0.23715898394584656,0.24242771038376354,0.08767373859882355,0.08767373859882355,0.06198977645532899,0.005302029196172953,0.005302029196172953,0.006294346532387252,1.2310155630111694,1.2310155630111694,1.1964980544747092,0.01087997853755951,0.01087997853755951,0.0165941863126573,0.24953638017177582,0.24953638017177582,0.21915770199130158,0.17038795351982117,0.17038795351982117,0.14400701915007197,-1.2979999778951918,-1.2979999778951918,-1.232356755931944
33,1.6567273139953613,-0.0020566615276038647,-0.0020566615276038647,0.013542381933318026,-0.003997527528554201,-0.003997527528554201,-0.011253528648813571,-0.005528817884624004,-0.005528817884624004,0.005912870984969842,1.5763460397720337,1.5763460397720337,1.5539406424048217,-0.011631173081696033,-0.011631173081696033,0.0005722133211261138,-0.005150145851075649,-0.005150145851075649,-0.0036240177004653873,0.007106384262442589,0.007106384262442589,0.012779430838483208,1.21209997935806,1.21209997935806,1.1495765621423661,0.21384035050868988,0.21384035050868988,0.21725032425421453,0.09902394562959671,0.09902394562959671,0.07267109178301645,0.004685933236032724,0.004685933236032724,0.005912870984969842,1.244800329208374,1.244800329208374,1.2113756008239882,0.007839138619601727,0.007839138619601727,0.013542381933318026,0.28404757380485535,0.28404757380485535,0.253109025711451,0.18719600141048431,0.18719600141048431,0.15850308995193352,-1.2979999778951918,-1.2979999778951918,-1.232356755931944
34,1.7068121433258057,-0.003818133845925331,-0.003818133845925331,0.013542381933318026,-0.005012607667595148,-0.005012607667595148,-0.011253528648813571,-0.006491737440228462,-0.006491737440228462,0.005912870984969842,1.5764977931976318,1.5764977931976318,1.5539406424048217,-0.012974848970770836,-0.012974848970770836,0.0005722133211261138,-0.006036774255335331,-0.006036774255335331,-0.0036240177004653873,0.010378454811871052,0.010378454811871052,0.013160906385900617,1.21209997935806,1.21209997935806,1.1495765621423661,0.19175724685192108,0.19175724685192108,0.19626916914625703,0.11190285533666611,0.11190285533666611,0.08182650492103427,0.00511159747838974,0.00511159747838974,0.005531395437552433,1.2556208372116089,1.2556208372116089,1.2235828183413453,0.004754805937409401,0.004754805937409401,0.009727626459143934,0.3194366693496704,0.3194366693496704,0.28820477607385264,0.2046014666557312,0.2046014666557312,0.17605096513313434,-1.2979999778951918,-1.2979999778951918,-1.232356755931944
35,1.7569129467010498,-0.005866199266165495,-0.005866199266165495,0.013160906385900617,-0.006177121307700872,-0.006177121307700872,-0.011253528648813571,-0.0073629808612167835,-0.0073629808612167835,0.005912870984969842,1.5766842365264893,1.5766842365264893,1.5539406424048217,-0.014211192727088928,-0.014211192727088928,0.0001907377737087046,-0.0075238607823848724,-0.0075238607823848724,-0.004768444342717615,0.013679057359695435,0.013679057359695435,0.013542381933318026,1.2120993342974358,1.2120993342974358,1.1495765621423661,0.17072710394859314,0.17072710394859314,0.17757686732280398,0.12644879519939423,0.12644879519939423,0.09288929579613914,0.006284366361796856,0.006284366361796856,0.005531395437552433,1.26422917842865,1.26422917842865,1.2338826581216153,0.001395435887388885,0.001395435887388885,0.004768444342717615,0.355847030878067,0.355847030878067,0.3240634775310891,0.22261735796928406,0.22261735796928406,0.1951247425040048,-1.2979999778951918,-1.2979999778951918,-1.2335011825741962
36,1.8069708347320557,-0.007932736538350582,-0.007932736538350582,0.013160906385900617,-0.007432052865624428,-0.007432052865624428,-0.011253528648813571,-0.008122771978378296,-0.008122771978378296,0.005531395437552433,1.5767107009887695,1.5767107009887695,1.5539406424048217,-0.01525873877108097,-0.01525873877108097,0.0001907377737087046,-0.009402773343026638,-0.009402773343026638,-0.006675822079804661,0.016245758160948753,0.016245758160948753,0.01621271076523989,1.2120961089943139,1.2120961089943139,1.1495765621423661,0.15102288126945496,0.15102288126945496,0.15926604104676834,0.14224088191986084,0.14224088191986084,0.10624093995574846,0.007956652902066708,0.007956652902066708,0.005531395437552433,1.270187258720398,1.270187258720398,1.241893644617381,-0.0024038811679929495,-0.0024038811679929495,0.0013351644159609322,0.39271143078804016,0.39271143078804016,0.3614480811779952,0.24093137681484222,0.24093137681484222,0.21343556878004044,-1.2979999778951918,-1.2979999778951918,-1.2357900358587006
37,1.8570189476013184,-0.00969034992158413,-0.00969034992158413,0.011253528648813571,-0.008657239377498627,-0.008657239377498627,-0.011253528648813571,-0.008688735775649548,-0.008688735775649548,0.005149919890135024,1.5764706134796143,1.5764706134796143,1.5539406424048217,-0.01602797582745552,-0.01602797582745552,-0.0001907377737087046,-0.011416460387408733,-0.011416460387408733,-0.007438773174639479,0.017700638622045517,0.017700638622045517,0.018120088502326936,1.2120941738124407,1.2120941738124407,1.1495765621423661,0.1323823779821396,0.1323823779821396,0.14209964141298492,0.15880702435970306,0.15880702435970306,0.12188143739986224,0.009697897359728813,0.009697897359728813,0.005531395437552433,1.2740485668182373,1.2740485668182373,1.2479972533760595,-0.006513862404972315,-0.006513862404972315,-0.0020981155107957505,0.42988869547843933,0.42988869547843933,0.39806973373007004,0.2584242522716522,0.2584242522716522,0.2328908216983283,-1.2979999778951918,-1.2979999778951918,-1.2357900358587006
38,1.9070725440979004,-0.010938240215182304,-0.010938240215182304,0.010109102006561344,-0.009766004048287868,-0.009766004048287868,-0.011253528648813571,-0.009024552069604397,-0.009024552069604397,0.0040054932478827965,1.5758785009384155,1.5758785009384155,1.5539406424048217,-0.01633407361805439,-0.01633407361805439,-0.0001907377737087046,-0.013453195802867413,-0.013453195802867413,-0.010490577553978753,0.018056685104966164,0.018056685104966164,0.02040894178683139,1.212089980918382,1.212089980918382,1.1495765621423661,0.11405816674232483,0.11405816674232483,0.12531471732661892,0.17569968104362488,0.17569968104362488,0.14057373922331529,0.010770747438073158,0.010770747438073158,0.005912870984969842,1.277532696723938,1.277532696723938,1.2506675822079814,-0.010789085179567337,-0.010789085179567337,-0.005912870984969842,0.4683845341205597,0.4683845341205597,0.4346913862821413,0.274221807718277,0.274221807718277,0.24814984359502468,-1.2979999778951918,-1.2979999778951918,-1.2357900358587006
39,1.9571304321289062,-0.011645655147731304,-0.011645655147731304,0.008201724269474298,-0.010710674338042736,-0.010710674338042736,-0.011253528648813571,-0.009144642390310764,-0.009144642390310764,0.0013351644159609322,1.5748597383499146,1.5748597383499146,1.5539406424048217,-0.01609700918197632,-0.01609700918197632,-0.0001907377737087046,-0.015329282730817795,-0.015329282730817795,-0.01201647974364839,0.017519159242510796,0.017519159242510796,0.0207904173342488,1.2120861105546357,1.2120861105546357,1.1495765621423661,0.09575793892145157,0.09575793892145157,0.10700389105058328,0.19231270253658295,0.19231270253658295,0.15926604104676834,0.010914541780948639,0.010914541780948639,0.005912870984969842,1.2812546491622925,1.2812546491622925,1.252193484397651,-0.015466969460248947,-0.015466969460248947,-0.010490577553978753,0.5082864165306091,0.5082864165306091,0.47360189211871706,0.28795281052589417,0.28795281052589417,0.26340886549172104,-1.2979999778951918,-1.2979999778951918,-1.2357900358587006
40,2.0071356296539307,-0.011813146993517876,-0.011813146993517876,0.007820248722056888,-0.011452505365014076,-0.011452505365014076,-0.01163500419623098,-0.009074005298316479,-0.009074005298316479,-0.0005722133211261138,1.5736995935440063,1.5736995935440063,1.5539406424048217,-0.015458706766366959,-0.015458706766366959,-0.0001907377737087046,-0.016917644068598747,-0.016917644068598747,-0.014305333028152845,0.01659511961042881,0.01659511961042881,0.02040894178683139,1.212083207781826,1.212083207781826,1.1495765621423661,0.0773552805185318,0.0773552805185318,0.08869306477454764,0.20832368731498718,0.20832368731498718,0.1783398184176388,0.010174557566642761,0.010174557566642761,0.005912870984969842,1.285488486289978,1.285488486289978,1.256008239871825,-0.01981206052005291,-0.01981206052005291,-0.017357137407492118,0.5497447848320007,0.5497447848320007,0.5125123979552928,0.2986031770706177,0.2986031770706177,0.27676050965133037,-1.2979999778951918,-1.2979999778951918,-1.2357900358587006
41,2.0571930408477783,-0.011510715819895267,-0.011510715819895267,0.008201724269474298,-0.012002211064100266,-0.012002211064100266,-0.01163500419623098,-0.008904163725674152,-0.008904163725674152,-0.0005722133211261138,1.5728663206100464,1.5728663206100464,1.5539406424048217,-0.014696513302624226,-0.014696513302624226,-0.0001907377737087046,-0.018288249149918556,-0.018288249149918556,-0.014686808575570254,0.015678955242037773,0.015678955242037773,0.02040894178683139,1.2120822401908893,1.2120822401908893,1.1495765621423661,0.05885106325149536,0.05885106325149536,0.06923781185625977,0.22352221608161926,0.22352221608161926,0.19588769359883962,0.009013823233544827,0.009013823233544827,0.005912870984969842,1.2909168004989624,1.2909168004989624,1.2579156176089121,-0.022539377212524414,-0.022539377212524414,-0.023460746166170665,0.5928142070770264,0.5928142070770264,0.5544747081712078,0.3053510785102844,0.3053510785102844,0.286678873884183,-1.2979999778951918,-1.2979999778951918,-1.236171511406118
42,2.1073198318481445,-0.010951332747936249,-0.010951332747936249,0.008201724269474298,-0.012453344650566578,-0.012453344650566578,-0.01163500419623098,-0.008772570639848709,-0.008772570639848709,-0.0005722133211261138,1.5724296569824219,1.5724296569824219,1.5539406424048217,-0.013948565348982811,-0.013948565348982811,-0.0001907377737087046,-0.01952078565955162,-0.01952078565955162,-0.018883039597161755,0.014803227968513966,0.014803227968513966,0.02040894178683139,1.2120822401908893,1.2120822401908893,1.1495765621423661,0.04076054319739342,0.04076054319739342,0.04863813229571967,0.2380548119544983,0.2380548119544983,0.21076523994811858,0.007606924511492252,0.007606924511492252,0.005912870984969842,1.2972679138183594,1.2972679138183594,1.2632562752727559,-0.02415260672569275,-0.02415260672569275,-0.02536812390325771,0.6367605328559875,0.6367605328559875,0.5971999694819576,0.3091460168361664,0.3091460168361664,0.2912565804531919,-1.2979999778951918,-1.2979999778951918,-1.236171511406118
43,2.157360792160034,-0.010274275206029415,-0.010274275206029415,0.008201724269474298,-0.0128920404240489,-0.0128920404240489,-0.01163500419623098,-0.008732028305530548,-0.008732028305530548,-0.0005722133211261138,1.5722601413726807,1.5722601413726807,1.5539406424048217,-0.01328552607446909,-0.01328552607446909,0.0001907377737087046,-0.020591380074620247,-0.020591380074620247,-0.02155336842908362,0.013967087492346764,0.013967087492346764,0.020027466239413982,1.212084820433387,1.212084820433387,1.1495765621423661,0.023943427950143814,0.023943427950143814,0.03032730601968403,0.2520712912082672,0.2520712912082672,0.22487983520256272,0.006040867418050766,0.006040867418050766,0.005531395437552433,1.3028656244277954,1.3028656244277954,1.2693598840314344,-0.025844819843769073,-0.025844819843769073,-0.028038452735179575,0.6803403496742249,0.6803403496742249,0.6410696574349597,0.3115641176700592,0.3115641176700592,0.29240100709544414,-1.2979999778951918,-1.2979999778951918,-1.2365529869535354
44,2.2073917388916016,-0.00951364729553461,-0.00951364729553461,0.008201724269474298,-0.013348964974284172,-0.013348964974284172,-0.01163500419623098,-0.008769720792770386,-0.008769720792770386,-0.0005722133211261138,1.5722991228103638,1.5722991228103638,1.5539406424048217,-0.012773987837135792,-0.012773987837135792,0.0001907377737087046,-0.021569401025772095,-0.021569401025772095,-0.02193484397650103,0.01328264456242323,0.01328264456242323,0.020027466239413982,1.212088368266821,1.212088368266821,1.1495765621423661,0.00861711148172617,0.00861711148172617,0.012779430838483208,0.26594284176826477,0.26594284176826477,0.23556115053025017,0.003932989202439785,0.003932989202439785,0.005531395437552433,1.3067073822021484,1.3067073822021484,1.275463492790113,-0.028428183868527412,-0.028428183868527412,-0.028801403830014394,0.7239556312561035,0.7239556312561035,0.6826504921034573,0.3136480748653412,0.3136480748653412,0.29316395819027896,-1.2979999778951918,-1.2979999778951918,-1.23884184023804
45,2.257530450820923,-0.008735432289540768,-0.008735432289540768,0.008583199816891707,-0.01382872648537159,-0.01382872648537159,-0.01163500419623098,-0.008852275088429451,-0.008852275088429451,-0.0005722133211261138,1.5723938941955566,1.5723938941955566,1.5539406424048217,-0.012366743758320808,-0.012366743758320808,0.0001907377737087046,-0.022512778639793396,-0.022512778639793396,-0.022697795071335847,0.012691342271864414,0.012691342271864414,0.020027466239413982,1.212089980918382,1.212089980918382,1.1495765621423661,-0.004875120706856251,-0.004875120706856251,-0.000953688868543523,0.2796629071235657,0.2796629071235657,0.24662394140535504,0.001001799013465643,0.001001799013465643,0.005531395437552433,1.30735182762146,1.30735182762146,1.2785152971694522,-0.03392251580953598,-0.03392251580953598,-0.03185320820935367,0.7668902277946472,0.7668902277946472,0.7265201800564594,0.3163604438304901,0.3163604438304901,0.29621576256961824,-1.2979999778951918,-1.2979999778951918,-1.23884184023804
46,2.3075554370880127,-0.00801216159015894,-0.00801216159015894,0.008201724269474298,-0.014304142445325851,-0.014304142445325851,-0.01163500419623098,-0.008903124369680882,-0.008903124369680882,-0.0005722133211261138,1.57232666015625,1.57232666015625,1.5539406424048217,-0.011973705142736435,-0.011973705142736435,0.0001907377737087046,-0.023410992696881294,-0.023410992696881294,-0.022697795071335847,0.012152021750807762,0.012152021750807762,0.020027466239413982,1.2120909485093185,1.2120909485093185,1.1495765621423661,-0.017124386504292488,-0.017124386504292488,-0.012779430838483208,0.29395392537117004,0.29395392537117004,0.25883115892271213,-0.005608275067061186,-0.005608275067061186,0.005149919890135024,1.3044365644454956,1.3044365644454956,1.2796597238117045,-0.03925975784659386,-0.03925975784659386,-0.03604943923094517,0.7853930592536926,0.7853930592536926,0.7665751125352873,0.319236695766449,0.319236695766449,0.2996490424963749,-1.2979999778951918,-1.2979999778951918,-1.23884184023804
47,2.357591152191162,-0.0073441313579678535,-0.0073441313579678535,0.008583199816891707,-0.0147368423640728,-0.0147368423640728,-0.01163500419623098,-0.008944843895733356,-0.008944843895733356,-0.0005722133211261138,1.5721399784088135,1.5721399784088135,1.5539406424048217,-0.011746691539883614,-0.011746691539883614,0.0001907377737087046,-0.02435191161930561,-0.02435191161930561,-0.023842221713588074,0.011819956824183464,0.011819956824183464,0.020027466239413982,1.2120909485093185,1.2120909485093185,1.1495765621423661,-0.031463831663131714,-0.031463831663131714,-0.023079270618753256,0.31341323256492615,0.31341323256492615,0.2733272297245737,-0.022789526730775833,-0.022789526730775833,-0.0017166399633783413,1.3038811683654785,1.3038811683654785,1.2796597238117045,-0.0309230275452137,-0.0309230275452137,-0.042153047989623715,0.7853969931602478,0.7853969931602478,0.7761120012207225,0.32139918208122253,0.32139918208122253,0.3030823224231316,-1.2979999778951918,-1.2979999778951918,-1.23884184023804
48,2.4076621532440186,-0.006770745851099491,-0.006770745851099491,0.008201724269474298,-0.01518330816179514,-0.01518330816179514,-0.01163500419623098,-0.009082992561161518,-0.009082992561161518,-0.0005722133211261138,1.571933388710022,1.571933388710022,1.5539406424048217,-0.011672472581267357,-0.011672472581267357,0.0001907377737087046,-0.02536170184612274,-0.02536170184612274,-0.02536812390325771,0.011707881465554237,0.011707881465554237,0.020027466239413982,1.2120903034486943,1.2120903034486943,1.1495765621423661,-0.04710797965526581,-0.04710797965526581,-0.03490501258869294,0.33723658323287964,0.33723658323287964,0.2954528114747834,-0.0516585037112236,-0.0516585037112236,-0.018883039597161755,1.3036078214645386,1.3036078214645386,1.2796597238117045,-0.023672884330153465,-0.023672884330153465,-0.037575341420614805,0.7853959202766418,0.7853959202766418,0.7742046234836355,0.324065238237381,0.324065238237381,0.3072785534447231,-1.2979999778951918,-1.2979999778951918,-1.23884184023804
49,2.4577789306640625,-0.0063515291549265385,-0.0063515291549265385,0.008201724269474298,-0.015712229534983635,-0.015712229534983635,-0.01163500419623098,-0.009363994933664799,-0.009363994933664799,-0.0005722133211261138,1.57169771194458,1.57169771194458,1.5539406424048217,-0.011701895855367184,-0.011701895855367184,0.0001907377737087046,-0.026336349546909332,-0.026336349546909332,-0.02574959945067512,0.011677401140332222,0.011677401140332222,0.020027466239413982,1.2120919161002552,1.2120919161002552,1.1495765621423661,-0.06100227311253548,-0.06100227311253548,-0.04901960784313708,0.3630760610103607,0.3630760610103607,0.32597085526817615,-0.08795166015625,-0.08795166015625,-0.051689936675058945,1.299988031387329,1.299988031387329,1.2796597238117045,-0.010455598123371601,-0.010455598123371601,-0.03032730601968403,0.785394012928009,0.785394012928009,0.7738231479362181,0.3223192095756531,0.3223192095756531,0.3080415045395579,-1.2979999778951918,-1.2979999778951918,-1.23884184023804
50,2.50781512260437,-0.006068946793675423,-0.006068946793675423,0.008583199816891707,-0.016340263187885284,-0.016340263187885284,-0.01163500419623098,-0.009779668413102627,-0.009779668413102627,-0.0005722133211261138,1.5715157985687256,1.5715157985687256,1.5539406424048217,-0.01181830558925867,-0.01181830558925867,0.0001907377737087046,-0.027251577004790306,-0.027251577004790306,-0.02574959945067512,0.011750604957342148,0.011750604957342148,0.020027466239413982,1.212094496342753,1.212094496342753,1.1495765621423661,-0.07046084851026535,-0.07046084851026535,-0.06198977645532899,0.3909400701522827,0.3909400701522827,0.3580148012512385,-0.12855814397335052,-0.12855814397335052,-0.09441519798580877,1.2950010299682617,1.2950010299682617,1.2796597238117045,0.010901828296482563,0.010901828296482563,-0.018120088502326936,0.7853931188583374,0.7853931188583374,0.7738231479362181,0.3150689899921417,0.3150689899921417,0.3072785534447231,-1.2979999778951918,-1.2979999778951918,-1.23884184023804
51,2.5578696727752686,-0.005893323570489883,-0.005893323570489883,0.008583199816891707,-0.017059752717614174,-0.017059752717614174,-0.01201647974364839,-0.010342471301555634,-0.010342471301555634,-0.0005722133211261138,1.5715467929840088,1.5715467929840088,1.5539406424048217,-0.012003572657704353,-0.012003572657704353,0.0001907377737087046,-0.02808511070907116,-0.02808511070907116,-0.02613107499809253,0.011968828737735748,0.011968828737735748,0.020027466239413982,1.2120983667064993,1.2120983667064993,1.1495765621423661,-0.07319911569356918,-0.07319911569356918,-0.07381551842526868,0.4194032847881317,0.4194032847881317,0.3862439917601268,-0.17098554968833923,-0.17098554968833923,-0.13904783703364565,1.2900733947753906,1.2900733947753906,1.2796597238117045,0.04099470376968384,0.04099470376968384,0.004768444342717615,0.7853939533233643,0.7853939533233643,0.7738231479362181,0.3034021854400635,0.3034021854400635,0.3027008468757142,-1.2979999778951918,-1.2979999778951918,-1.23884184023804
52,2.607914924621582,-0.005861779674887657,-0.005861779674887657,0.008201724269474298,-0.017841588705778122,-0.017841588705778122,-0.012779430838483208,-0.010917690582573414,-0.010917690582573414,-0.0005722133211261138,1.5717456340789795,1.5717456340789795,1.5539406424048217,-0.012021772563457489,-0.012021772563457489,0.0001907377737087046,-0.028710633516311646,-0.028710633516311646,-0.02651255054550994,0.012199843302369118,0.012199843302369118,0.020027466239413982,1.2120993342974358,1.2120993342974358,1.1495765621423661,-0.06783048808574677,-0.06783048808574677,-0.08258945601586909,0.446517676115036,0.446517676115036,0.41103990234226195,-0.21415211260318756,-0.21415211260318756,-0.18596932936598698,1.2846604585647583,1.2846604585647583,1.279278248264287,0.07532037794589996,0.07532037794589996,0.037956816968032214,0.7853948473930359,0.7853948473930359,0.7738231479362181,0.29028934240341187,0.29028934240341187,0.2908751049057745,-1.2979999778951918,-1.2979999778951918,-1.23884184023804
53,2.6580419540405273,-0.005973347928375006,-0.005973347928375006,0.008583199816891707,-0.01855221763253212,-0.01855221763253212,-0.014305333028152845,-0.011326133273541927,-0.011326133273541927,-0.0005722133211261138,1.571999192237854,1.571999192237854,1.5539406424048217,-0.01186743751168251,-0.01186743751168251,0.0001907377737087046,-0.02915876917541027,-0.02915876917541027,-0.028038452735179575,0.012396985664963722,0.012396985664963722,0.020027466239413982,1.21209997935806,1.21209997935806,1.1495765621423661,-0.05413993075489998,-0.05413993075489998,-0.08258945601586909,0.46973320841789246,0.46973320841789246,0.43659876401922837,-0.2569449245929718,-0.2569449245929718,-0.23479819943541713,1.2771528959274292,1.2771528959274292,1.2781338216220348,0.11041615158319473,0.11041615158319473,0.07305256733043386,0.7853955626487732,0.7853955626487732,0.7738231479362181,0.2776486575603485,0.2776486575603485,0.2790493629358348,-1.2979999778951918,-1.2979999778951918,-1.23884184023804
54,2.7081310749053955,-0.006190184969455004,-0.006190184969455004,0.008583199816891707,-0.019097372889518738,-0.019097372889518738,-0.014305333028152845,-0.011536326259374619,-0.011536326259374619,-0.0005722133211261138,1.572236180305481,1.572236180305481,1.5539406424048217,-0.011587271466851234,-0.011587271466851234,0.0001907377737087046,-0.02958141453564167,-0.02958141453564167,-0.029182879377431803,0.012571534141898155,0.012571534141898155,0.020027466239413982,1.212099656827748,1.212099656827748,1.1495765621423661,-0.03296556696295738,-0.03296556696295738,-0.0749599450675209,0.48679572343826294,0.48679572343826294,0.4575799191271859,-0.29815495014190674,-0.29815495014190674,-0.2801937895780888,1.2663397789001465,1.2663397789001465,1.275463492790113,0.14381539821624756,0.14381539821624756,0.10967421988250514,0.7853962182998657,0.7853962182998657,0.7738231479362181,0.26681071519851685,0.26681071519851685,0.26760509651331255,-1.2979999778951918,-1.2979999778951918,-1.23884184023804
55,2.758190393447876,-0.006499659735709429,-0.006499659735709429,0.008583199816891707,-0.01948334090411663,-0.01948334090411663,-0.014305333028152845,-0.011600270867347717,-0.011600270867347717,-0.0005722133211261138,1.5723021030426025,1.5723021030426025,1.5539406424048217,-0.011222152039408684,-0.011222152039408684,0.0001907377737087046,-0.030000105500221252,-0.030000105500221252,-0.029564354924849212,0.012617401778697968,0.012617401778697968,0.020027466239413982,1.2120973991155626,1.2120973991155626,1.1495765621423661,-0.006009131204336882,-0.006009131204336882,-0.056267643244067855,0.49639657139778137,0.49639657139778137,0.4720759899290474,-0.33688226342201233,-0.33688226342201233,-0.3217746242465864,1.2511913776397705,1.2511913776397705,1.264400701915008,0.17200541496276855,0.17200541496276855,0.14209964141298492,0.7853962182998657,0.7853962182998657,0.7742046234836355,0.2598102390766144,0.2598102390766144,0.25616083009079027,-1.2979999778951918,-1.2979999778951918,-1.23884184023804
56,2.808288335800171,-0.006877263076603413,-0.006877263076603413,0.008583199816891707,-0.019730566069483757,-0.019730566069483757,-0.013923857480735435,-0.011446190997958183,-0.011446190997958183,-0.0005722133211261138,1.5720202922821045,1.5720202922821045,1.5539406424048217,-0.010701214894652367,-0.010701214894652367,0.0001907377737087046,-0.030393069609999657,-0.030393069609999657,-0.029564354924849212,0.012444045394659042,0.012444045394659042,0.020027466239413982,1.2120941738124407,1.2120941738124407,1.1495765621423661,0.02471596747636795,0.02471596747636795,-0.024986648355840302,0.49807068705558777,0.49807068705558777,0.48084992751964784,-0.3732873201370239,-0.3732873201370239,-0.3583962767986577,1.2302651405334473,1.2302651405334473,1.2460898756389724,0.1915615200996399,0.1915615200996399,0.16803997863736875,0.7853952646255493,0.7853952646255493,0.7745860990310529,0.2578904330730438,0.2578904330730438,0.25043869687952913,-1.2979999778951918,-1.2979999778951918,-1.23884184023804
57,2.8583297729492188,-0.007254281081259251,-0.007254281081259251,0.008583199816891707,-0.019783811643719673,-0.019783811643719673,-0.014305333028152845,-0.0110452426597476,-0.0110452426597476,-0.0005722133211261138,1.5713495016098022,1.5713495016098022,1.5539406424048217,-0.01012889202684164,-0.01012889202684164,0.0001907377737087046,-0.030830198898911476,-0.030830198898911476,-0.029564354924849212,0.012037087231874466,0.012037087231874466,0.019645990691996573,1.2120896583880698,1.2120896583880698,1.1495765621423661,0.05651476979255676,0.05651476979255676,0.013542381933318026,0.4922028183937073,0.4922028183937073,0.4842832074464045,-0.40761786699295044,-0.40761786699295044,-0.3919661249713897,1.203494906425476,1.203494906425476,1.223201342793928,0.20154204964637756,0.20154204964637756,0.18558785381856957,0.7853941321372986,0.7853941321372986,0.7745860990310529,0.2609940767288208,0.2609940767288208,0.2485313191424421,-1.2979999778951918,-1.2979999778951918,-1.23884184023804
58,2.908327341079712,-0.007586062420159578,-0.007586062420159578,0.008583199816891707,-0.019619228318333626,-0.019619228318333626,-0.014305333028152845,-0.01035567931830883,-0.01035567931830883,-0.0005722133211261138,1.5702458620071411,1.5702458620071411,1.5539406424048217,-0.009422681294381618,-0.009422681294381618,0.0001907377737087046,-0.031298935413360596,-0.031298935413360596,-0.029564354924849212,0.011313916184008121,0.011313916184008121,0.019645990691996573,1.2120835303121382,1.2120835303121382,1.1495765621423661,0.0869581401348114,0.0869581401348114,0.05283436331731117,0.4801035225391388,0.4801035225391388,0.48199435416190006,-0.44014397263526917,-0.44014397263526917,-0.42286564431219986,1.1719255447387695,1.1719255447387695,1.1957351033798744,0.20288805663585663,0.20288805663585663,0.19169146257724812,0.7853927612304688,0.7853927612304688,0.7745860990310529,0.26815393567085266,0.26815393567085266,0.25082017242694654,-1.2979999778951918,-1.2979999778951918,-1.23884184023804
59,2.958383560180664,-0.007842796854674816,-0.007842796854674816,0.008583199816891707,-0.019203169271349907,-0.019203169271349907,-0.013923857480735435,-0.009272190742194653,-0.009272190742194653,-0.0005722133211261138,1.5686724185943604,1.5686724185943604,1.5539406424048217,-0.008478020317852497,-0.008478020317852497,0.0001907377737087046,-0.031811755150556564,-0.031811755150556564,-0.029564354924849212,0.010258241556584835,0.010258241556584835,0.019645990691996573,1.2120764346452697,1.2120764346452697,1.1495765621423661,0.11470428109169006,0.11470428109169006,0.09288929579613914,0.46354568004608154,0.46354568004608154,0.47360189211871706,-0.47119906544685364,-0.47119906544685364,-0.45109483482108814,1.1365922689437866,1.1365922689437866,1.1621652552071406,0.197238951921463,0.197238951921463,0.19245441367208294,0.7853912711143494,0.7853912711143494,0.7745860990310529,0.27804508805274963,0.27804508805274963,0.2584496833752947,-1.2979999778951918,-1.2979999778951918,-1.23884184023804
60,3.008540630340576,-0.008002994582057,-0.008002994582057,0.008583199816891707,-0.01845860667526722,-0.01845860667526722,-0.014305333028152845,-0.0076906695030629635,-0.0076906695030629635,-0.0005722133211261138,1.566680669784546,1.566680669784546,1.5539406424048217,-0.007281634956598282,-0.007281634956598282,0.0001907377737087046,-0.032421648502349854,-0.032421648502349854,-0.02994583047226662,0.00897661317139864,0.00897661317139864,0.019645990691996573,1.2120667587359037,1.2120667587359037,1.1495765621423661,0.1395738273859024,0.1395738273859024,0.12417029068436669,0.44420093297958374,0.44420093297958374,0.4579613946746033,-0.5009979605674744,-0.5009979605674744,-0.4777981231403068,1.0983582735061646,1.0983582735061646,1.1243991760128171,0.18631212413311005,0.18631212413311005,0.1905470359349959,0.7853898406028748,0.7853898406028748,0.7745860990310529,0.2891343832015991,0.2891343832015991,0.2687495231555648,-1.2979999778951918,-1.2979999778951918,-1.23884184023804
61,3.058589220046997,-0.008079263381659985,-0.008079263381659985,0.008201724269474298,-0.017342882230877876,-0.017342882230877876,-0.014305333028152845,-0.005699339788407087,-0.005699339788407087,-0.0005722133211261138,1.5643709897994995,1.5643709897994995,1.5539406424048217,-0.005963330622762442,-0.005963330622762442,0.0005722133211261138,-0.03319471701979637,-0.03319471701979637,-0.03032730601968403,0.007576563395559788,0.007576563395559788,0.019264515144579164,1.2120596630690355,1.2120596630690355,1.1495765621423661,0.16162462532520294,0.16162462532520294,0.1497291523613331,0.4237785041332245,0.4237785041332245,0.4377431906614806,-0.5289429426193237,-0.5289429426193237,-0.5045014114595254,1.059446096420288,1.059446096420288,1.0835812924391544,0.17459627985954285,0.17459627985954285,0.1825360494392303,0.7853887677192688,0.7853887677192688,0.7742046234836355,0.29954755306243896,0.29954755306243896,0.28057526512550446,-1.2979999778951918,-1.2979999778951918,-1.23884184023804
62,3.1086697578430176,-0.008119016885757446,-0.008119016885757446,0.008583199816891707,-0.015924202278256416,-0.015924202278256416,-0.013923857480735435,-0.0033938009291887283,-0.0033938009291887283,-0.0001907377737087046,1.5617743730545044,1.5617743730545044,1.5539406424048217,-0.004544103052467108,-0.004544103052467108,0.0005722133211261138,-0.034068554639816284,-0.034068554639816284,-0.03070878156710144,0.006101658567786217,0.006101658567786217,0.018501564049744346,1.2120512772809184,1.2120512772809184,1.1495765621423661,0.18188321590423584,0.18188321590423584,0.16727702754253393,0.4035622477531433,0.4035622477531433,0.41447318226901864,-0.5544729828834534,-0.5544729828834534,-0.5334935530632485,1.0212610960006714,1.0212610960006714,1.043144884412909,0.16393476724624634,0.16393476724624634,0.17185473411154284,0.7853885293006897,0.7853885293006897,0.7745860990310529,0.3087611794471741,0.3087611794471741,0.28934920271610487,-1.2979999778951918,-1.2979999778951918,-1.23884184023804
63,3.158647298812866,-0.008167044259607792,-0.008167044259607792,0.008583199816891707,-0.014271878637373447,-0.014271878637373447,-0.013923857480735435,-0.0009037337149493396,-0.0009037337149493396,-0.0001907377737087046,1.5589045286178589,1.5589045286178589,1.5539406424048217,-0.0031559220515191555,-0.0031559220515191555,0.000953688868543523,-0.03502461686730385,-0.03502461686730385,-0.032997634851605895,0.004561650101095438,0.004561650101095438,0.01583123521782248,1.2120457942656109,1.2120457942656109,1.1495765621423661,0.20145155489444733,0.20145155489444733,0.1787212939650562,0.3842710852622986,0.3842710852622986,0.3892957961394661,-0.5771900415420532,-0.5771900415420532,-0.5613412680247194,0.9846085906028748,0.9846085906028748,1.003089951934081,0.15541832149028778,0.15541832149028778,0.15850308995193352,0.7853890657424927,0.7853890657424927,0.7745860990310529,0.3170802891254425,0.3170802891254425,0.29697871366445305,-1.2979999778951918,-1.2979999778951918,-1.23884184023804
64,3.208740711212158,-0.008259092457592487,-0.008259092457592487,0.008201724269474298,-0.012440528720617294,-0.012440528720617294,-0.013923857480735435,0.0016265739686787128,0.0016265739686787128,-0.0001907377737087046,1.5557199716567993,1.5557199716567993,1.5539406424048217,-0.0019332339288666844,-0.0019332339288666844,0.0017166399633783413,-0.035917796194553375,-0.035917796194553375,-0.033379110399023304,0.0029435825999826193,0.0029435825999826193,0.015449759670405072,1.2120448266746744,1.2120448266746744,1.1495765621423661,0.22099179029464722,0.22099179029464722,0.1867322804608218,0.3661912679672241,0.3661912679672241,0.36678873884183893,-0.5971875190734863,-0.5971875190734863,-0.5861371786068528,0.95004802942276,0.95004802942276,0.9645609216449227,0.14890429377555847,0.14890429377555847,0.1497291523613331,0.7853900790214539,0.7853900790214539,0.7745860990310529,0.3251752555370331,0.3251752555370331,0.3030823224231316,-1.2979999778951918,-1.2979999778951918,-1.23884184023804
65,3.2588565349578857,-0.008351032622158527,-0.008351032622158527,0.008583199816891707,-0.010514602065086365,-0.010514602065086365,-0.013923857480735435,0.0040526678785681725,0.0040526678785681725,0.0001907377737087046,1.5523582696914673,1.5523582696914673,1.5539406424048217,-0.0009417764958925545,-0.0009417764958925545,0.0040054932478827965,-0.03666361793875694,-0.03666361793875694,-0.033379110399023304,0.0013386649079620838,0.0013386649079620838,0.014686808575570254,1.2120470843868598,1.2120470843868598,1.1495765621423661,0.24040891230106354,0.24040891230106354,0.19626916914625703,0.3493100702762604,0.3493100702762604,0.34580758373388143,-0.6146253943443298,-0.6146253943443298,-0.6078812848096451,0.91819167137146,0.91819167137146,0.929465171282521,0.1452212631702423,0.1452212631702423,0.14209964141298492,0.7853917479515076,0.7853917479515076,0.7753490501258877,0.33322712779045105,0.33322712779045105,0.30956740672922756,-1.2979999778951918,-1.2979999778951918,-1.23884184023804
66,3.308929204940796,-0.008413472212851048,-0.008413472212851048,0.008583199816891707,-0.00858348235487938,-0.00858348235487938,-0.013923857480735435,0.006276099942624569,0.006276099942624569,0.000953688868543523,1.5490525960922241,1.5490525960922241,1.5531776913099868,-0.0002560713328421116,-0.0002560713328421116,0.004386968795300206,-0.03720138594508171,-0.03720138594508171,-0.03376058594644071,-0.00012374889047350734,-0.00012374889047350734,0.012397955291065799,1.2120525674021672,1.2120525674021672,1.1495765621423661,0.25974541902542114,0.25974541902542114,0.21305409323262303,0.3331905007362366,0.3331905007362366,0.3274967574578458,-0.6302168965339661,-0.6302168965339661,-0.6242847333485937,0.8881253004074097,0.8881253004074097,0.8970397497520413,0.1424248367547989,0.1424248367547989,0.1371404592965586,0.7853929996490479,0.7853929996490479,0.7753490501258877,0.3422574996948242,0.3422574996948242,0.3152895399404887,-1.2979999778951918,-1.2979999778951918,-1.23884184023804
67,3.359016180038452,-0.008443254046142101,-0.008443254046142101,0.008583199816891707,-0.00672992505133152,-0.00672992505133152,-0.013923857480735435,0.008232063613831997,0.008232063613831997,0.0017166399633783413,1.5460723638534546,1.5460723638534546,1.5527962157625694,0.00016283089644275606,0.00016283089644275606,0.004386968795300206,-0.037531640380620956,-0.037531640380620956,-0.03376058594644071,-0.0013309390051290393,-0.0013309390051290393,0.01201647974364839,1.2120554701749768,1.2120554701749768,1.1495765621423661,0.27847567200660706,0.27847567200660706,0.2325093461509109,0.317494660615921,0.317494660615921,0.31376363775081906,-0.6444162130355835,-0.6444162130355835,-0.637636377508203,0.8592882752418518,0.8592882752418518,0.8669031815060659,0.14035767316818237,0.14035767316818237,0.13408865491721933,0.7853937745094299,0.7853937745094299,0.7753490501258877,0.35244306921958923,0.35244306921958923,0.32520790417334133,-1.2979999778951918,-1.2979999778951918,-1.23884184023804
68,3.409003257751465,-0.008440797217190266,-0.008440797217190266,0.008583199816891707,-0.00501364516094327,-0.00501364516094327,-0.013923857480735435,0.009902129881083965,0.009902129881083965,0.0024795910582131597,1.543665885925293,1.543665885925293,1.5512703135728998,0.00034872282412834466,0.00034872282412834466,0.004386968795300206,-0.03765594959259033,-0.03765594959259033,-0.03414206149385812,-0.0021496249828487635,-0.0021496249828487635,0.01201647974364839,1.2120635334327818,1.2120635334327818,1.1495765621423661,0.2962055206298828,0.2962055206298828,0.25539787899595545,0.3020382225513458,0.3020382225513458,0.3023193713282968,-0.6576399803161621,-0.6576399803161621,-0.6475547417410557,0.8310187458992004,0.8310187458992004,0.8413443198290995,0.138448104262352,0.138448104262352,0.13370717936980192,0.7853946089744568,0.7853946089744568,0.7753490501258877,0.3638783097267151,0.3638783097267151,0.3355077439536114,-1.2979906524292062,-1.2979906524292062,-1.2384603646906225
69,3.4590187072753906,-0.008391925133764744,-0.008391925133764744,0.008201724269474298,-0.003491010284051299,-0.003491010284051299,-0.013542381933318026,0.011288483627140522,0.011288483627140522,0.0024795910582131597,1.5421313047409058,1.5421313047409058,1.5501258869306476,0.00035769815440289676,0.00035769815440289676,0.004386968795300206,-0.03768730163574219,-0.03768730163574219,-0.03414206149385812,-0.002451202366501093,-0.002451202366501093,0.01201647974364839,1.2120699840390259,1.2120699840390259,1.1495765621423661,0.31272146105766296,0.31272146105766296,0.2828641184100089,0.28709834814071655,0.28709834814071655,0.2912565804531919,-0.6701057553291321,-0.6701057553291321,-0.6570916304264909,0.802610456943512,0.802610456943512,0.8161669336995505,0.14147122204303741,0.14147122204303741,0.13370717936980192,0.785403847694397,0.785403847694397,0.7753490501258877,0.37951141595840454,0.37951141595840454,0.3492408636606381,-1.2978849638147016,-1.2978849638147016,-1.23884184023804
70,3.5091214179992676,-0.008393865078687668,-0.008393865078687668,0.008583199816891707,-0.002190534258261323,-0.002190534258261323,-0.013542381933318026,0.012400807812809944,0.012400807812809944,0.0024795910582131597,1.541405439376831,1.541405439376831,1.5501258869306476,0.000252496509347111,0.000252496509347111,0.004386968795300206,-0.03766085207462311,-0.03766085207462311,-0.03452353704127553,-0.0023623143788427114,-0.0023623143788427114,0.01201647974364839,1.2120757895846455,1.2120757895846455,1.1495765621423661,0.3297816812992096,0.3297816812992096,0.30537117570763606,0.2722232937812805,0.2722232937812805,0.278286411841,-0.6832350492477417,-0.6832350492477417,-0.6635767147325868,0.7707064151763916,0.7707064151763916,0.7890821698329145,0.13566836714744568,0.13566836714744568,0.13485160601205415,0.7853969931602478,0.7853969931602478,0.7753490501258877,0.39759257435798645,0.39759257435798645,0.36793316548409116,-1.2979229564539025,-1.2979229564539025,-1.2384603646906225
71,3.559201955795288,-0.008499839343130589,-0.008499839343130589,0.008201724269474298,-0.0011062647681683302,-0.0011062647681683302,-0.013542381933318026,0.013335292227566242,0.013335292227566242,0.0024795910582131597,1.5411912202835083,1.5411912202835083,1.5501258869306476,0.00017941661644726992,0.00017941661644726992,0.004386968795300206,-0.037578679621219635,-0.037578679621219635,-0.03452353704127553,-0.002122238278388977,-0.002122238278388977,0.01163500419623098,1.2120809500696406,1.2120809500696406,1.1495765621423661,0.34499186277389526,0.34499186277389526,0.3282597085526806,0.25760799646377563,0.25760799646377563,0.2664606698710603,-0.6943079829216003,-0.6943079829216003,-0.6769283588921962,0.7391403913497925,0.7391403913497925,0.7600900282291914,0.13414157927036285,0.13414157927036285,0.13141832608529747,0.7853974103927612,0.7853974103927612,0.7749675745784703,0.41315436363220215,0.41315436363220215,0.38891432059204867,-1.29792399261679,-1.29792399261679,-1.2384603646906225
72,3.609217882156372,-0.008693419396877289,-0.008693419396877289,0.008583199816891707,-0.00016779052384663373,-0.00016779052384663373,-0.013542381933318026,0.014165790751576424,0.014165790751576424,0.003242542153047978,1.5411256551742554,1.5411256551742554,1.5501258869306476,0.00012789350876118988,0.00012789350876118988,0.004386968795300206,-0.037486087530851364,-0.037486087530851364,-0.03490501258869294,-0.0019178824732080102,-0.0019178824732080102,0.01163500419623098,1.2120841753727625,1.2120841753727625,1.1495765621423661,0.35906994342803955,0.35906994342803955,0.34657053482871625,0.24429450929164886,0.24429450929164886,0.25043869687952913,-0.704223096370697,-0.704223096370697,-0.6887541008621358,0.7093620896339417,0.7093620896339417,0.7291905088883812,0.13378705084323883,0.13378705084323883,0.13103685053788006,0.7853996157646179,0.7853996157646179,0.7749675745784703,0.42905059456825256,0.42905059456825256,0.4041733424887486,-1.2979512782394889,-1.2979512782394889,-1.23884184023804
73,3.659332036972046,-0.008918888866901398,-0.008918888866901398,0.008583199816891707,0.0006670562434010208,0.0006670562434010208,-0.013542381933318026,0.014922356233000755,0.014922356233000755,0.007438773174639479,1.5409942865371704,1.5409942865371704,1.5501258869306476,0.00014874797489028424,0.00014874797489028424,0.004386968795300206,-0.037404000759124756,-0.037404000759124756,-0.03490501258869294,-0.0017985743470489979,-0.0017985743470489979,0.01201647974364839,1.2120854654940114,1.2120854654940114,1.1495765621423661,0.37206554412841797,0.37206554412841797,0.3561074235141515,0.23263414204120636,0.23263414204120636,0.23479819943541536,-0.7126574516296387,-0.7126574516296387,-0.6982909895475711,0.6831483840942383,0.6831483840942383,0.6982909895475711,0.13686016201972961,0.13686016201972961,0.13103685053788006,0.7853803634643555,0.7853803634643555,0.7749675745784703,0.4452679455280304,0.4452679455280304,0.41981383993286236,-0.39860402935317607,-1.1979512782394888,-1.2384603646906225
74,3.7093844413757324,-0.00916600227355957,-0.00916600227355957,0.008201724269474298,0.001434438512660563,0.001434438512660563,-0.013160906385900617,0.01563366688787937,0.01563366688787937,0.008201724269474298,1.5406413078308105,1.5406413078308105,1.5501258869306476,0.00023994849470909685,0.00023994849470909685,0.004386968795300206,-0.03727845475077629,-0.03727845475077629,-0.03681239032577999,-0.0017998620169237256,-0.0017998620169237256,0.01201647974364839,1.2120874006758844,1.2120874006758844,1.1495765621423661,0.38344234228134155,0.38344234228134155,0.36335545891508225,0.22543255984783173,0.22543255984783173,0.22068360418097122,-0.7224022150039673,-0.7224022150039673,-0.7089723048752585,0.6607161164283752,0.6607161164283752,0.6719691767757698,0.1372266262769699,0.1372266262769699,0.13141832608529747,0.7854230403900146,0.7854230403900146,0.7749675745784703,0.46478450298309326,0.46478450298309326,0.4346913862821413,-0.3321911690916336,-1.0979512782394887,-1.229686427100022
75,3.7593884468078613,-0.00939241237938404,-0.00939241237938404,0.008201724269474298,0.002172715961933136,0.002172715961933136,-0.010490577553978753,0.016359621658921242,0.016359621658921242,0.008201724269474298,1.5401136875152588,1.5401136875152588,1.5501258869306476,0.0004125466803088784,0.0004125466803088784,0.004386968795300206,-0.03711171820759773,-0.03711171820759773,-0.03681239032577999,-0.0018998959567397833,-0.0018998959567397833,0.01163500419623098,1.2120877232061966,1.2120877232061966,1.1495765621423661,0.3888512849807739,0.3888512849807739,0.3664072632944215,0.22480444610118866,0.22480444610118866,0.2115281910429534,-0.730972170829773,-0.730972170829773,-0.7204165712977808,0.6533061861991882,0.6533061861991882,0.6509880216678123,0.13365429639816284,0.13365429639816284,0.13103685053788006,0.7854108214378357,0.7854108214378357,0.7753490501258877,0.47531983256340027,0.47531983256340027,0.4545281147478466,-0.3247390856061664,-0.9979512782394887,-1.1900129701686115
76,3.809493064880371,-0.009588075801730156,-0.009588075801730156,0.008201724269474298,0.002903960645198822,0.002903960645198822,-0.010872053101396162,0.01707383804023266,0.01707383804023266,0.008964675364309116,1.5395073890686035,1.5395073890686035,1.5501258869306476,0.0005951086059212685,0.0005951086059212685,0.004386968795300206,-0.036982014775276184,-0.036982014775276184,-0.03681239032577999,-0.0020474439952522516,-0.0020474439952522516,0.01201647974364839,1.2120870781455724,1.2120870781455724,1.1495765621423661,0.3853181302547455,0.3853181302547455,0.3660257877470041,0.22934553027153015,0.22934553027153015,0.21000228885328376,-0.7351558804512024,-0.7351558804512024,-0.729953459983216,0.6632795929908752,0.6632795929908752,0.6475547417410557,0.14058661460876465,0.14058661460876465,0.13027389944304524,0.7853979468345642,0.7853979468345642,0.7753490501258877,0.46785032749176025,0.46785032749176025,0.46025024795910774,-0.3240303501912527,-0.8979512782394887,-1.125162127107652
77,3.859532356262207,-0.009745609946548939,-0.009745609946548939,0.008201724269474298,0.0035833728034049273,0.0035833728034049273,-0.010872053101396162,0.017690258100628853,0.017690258100628853,0.008964675364309116,1.538958191871643,1.538958191871643,1.5501258869306476,0.0007235577213577926,0.0007235577213577926,0.004386968795300206,-0.03691622242331505,-0.03691622242331505,-0.03681239032577999,-0.002161866519600153,-0.002161866519600153,0.01201647974364839,1.2120870781455724,1.2120870781455724,1.1495765621423661,0.37228119373321533,0.37228119373321533,0.3656443121995867,0.2384306937456131,0.2384306937456131,0.21076523994811858,-0.7373203039169312,-0.7373203039169312,-0.7349126420996424,0.6899291276931763,0.6899291276931763,0.6509880216678123,0.15274366736412048,0.15274366736412048,0.13179980163271487,0.7804186940193176,0.7804186940193176,0.7753490501258877,0.4502723515033722,0.4502723515033722,0.45567254139009883,-0.32159053197928844,-0.7979512782394887,-1.046959639887083
78,3.90958833694458,-0.009883514605462551,-0.009883514605462551,0.008201724269474298,0.004166463855654001,0.004166463855654001,-0.010872053101396162,0.01817648857831955,0.01817648857831955,0.008964675364309116,1.5384740829467773,1.5384740829467773,1.5497444113832302,0.0007429361576214433,0.0007429361576214433,0.004386968795300206,-0.03686092793941498,-0.03686092793941498,-0.03681239032577999,-0.002301886910572648,-0.002301886910572648,0.01201647974364839,1.2120893358577576,1.2120893358577576,1.1495765621423661,0.35100510716438293,0.35100510716438293,0.35954070344090816,0.25069329142570496,0.25069329142570496,0.2199206530861364,-0.7386636137962341,-0.7386636137962341,-0.7349126420996424,0.7288931608200073,0.7288931608200073,0.6769283588921962,0.16719764471054077,0.16719764471054077,0.14286259250781974,0.7693890929222107,0.7693890929222107,0.7730601968413833,0.4282863140106201,0.4282863140106201,0.43621728847181096,-0.31741686786924106,-0.6979512782394888,-0.9603646906233312
79,3.959660053253174,-0.009997690096497536,-0.009997690096497536,0.008201724269474298,0.004640079103410244,0.004640079103410244,-0.010872053101396162,0.0185360349714756,0.0185360349714756,0.008964675364309116,1.5379743576049805,1.5379743576049805,1.5489814602883953,0.0006358889513649046,0.0006358889513649046,0.004768444342717615,-0.03683558851480484,-0.03683558851480484,-0.03681239032577999,-0.0025156517513096333,-0.0025156517513096333,0.01201647974364839,1.2120919161002552,1.2120919161002552,1.1495765621423661,0.3238363564014435,0.3238363564014435,0.345426108186464,0.2649775743484497,0.2649775743484497,0.23441672388799795,-0.7402951121330261,-0.7402951121330261,-0.7349126420996424,0.7753490805625916,0.7753490805625916,0.7246128023193723,0.1823449283838272,0.1823449283838272,0.16079194323643797,0.7545889616012573,0.7545889616012573,0.7654306858930351,0.40537571907043457,0.40537571907043457,0.41485465781643605,-0.31235797526580955,-0.5979512782394888,-0.8684290836957356
80,4.009747743606567,-0.010074205696582794,-0.010074205696582794,0.008201724269474298,0.004985598847270012,0.004985598847270012,-0.010872053101396162,0.01868707500398159,0.01868707500398159,0.008964675364309116,1.5373896360397339,1.5373896360397339,1.5478370336461431,0.0002717264578677714,0.0002717264578677714,0.004768444342717615,-0.036905888468027115,-0.036905888468027115,-0.03681239032577999,-0.002745650475844741,-0.002745650475844741,0.01163500419623098,1.212094496342753,1.212094496342753,1.1495765621423661,0.2931499481201172,0.2931499481201172,0.3229190508888369,0.2801275849342346,0.2801275849342346,0.2534905012588684,-0.7426862716674805,-0.7426862716674805,-0.7349126420996424,0.8247588872909546,0.8247588872909546,0.7833600366216533,0.19571411609649658,0.19571411609649658,0.17757686732280398,0.7376185655593872,0.7376185655593872,0.7547493705653476,0.38471513986587524,0.38471513986587524,0.39387350270847854,-0.30897663037691814,-0.4979512782394888,-0.7738231479362181
81,4.059746503829956,-0.01011335663497448,-0.01011335663497448,0.008583199816891707,0.005143702030181885,0.005143702030181885,-0.010872053101396162,0.01855883002281189,0.01855883002281189,0.008964675364309116,1.5367109775543213,1.5367109775543213,1.5463111314564735,-0.0003267991996835917,-0.0003267991996835917,0.004768444342717615,-0.036996614187955856,-0.036996614187955856,-0.03681239032577999,-0.002979262499138713,-0.002979262499138713,0.01201647974364839,1.2120990117671235,1.2120990117671235,1.1495765621423661,0.26092174649238586,0.26092174649238586,0.29201953154802673,0.2953014075756073,0.2953014075756073,0.27103837644006923,-0.7459202408790588,-0.7459202408790588,-0.7349126420996424,0.8739239573478699,0.8739239573478699,0.8398184176394299,0.2070971429347992,0.2070971429347992,0.1905470359349959,0.7189832925796509,0.7189832925796509,0.7387273975738164,0.36743587255477905,0.36743587255477905,0.37479972533760453,-0.30225987715380553,-0.39795127823948884,-0.6780727855344484
82,4.1098504066467285,-0.010161533951759338,-0.010161533951759338,0.008201724269474298,0.005105068441480398,0.005105068441480398,-0.010872053101396162,0.01822519116103649,0.01822519116103649,0.008964675364309116,1.535857081413269,1.535857081413269,1.5451667048142212,-0.0010350123047828674,-0.0010350123047828674,0.004386968795300206,-0.03698568046092987,-0.03698568046092987,-0.03681239032577999,-0.0032845844980329275,-0.0032845844980329275,0.01163500419623098,1.21209997935806,1.21209997935806,1.1495765621423661,0.22844603657722473,0.22844603657722473,0.25883115892271213,0.31009441614151,0.31009441614151,0.28400854505226114,-0.7499470114707947,-0.7499470114707947,-0.7349126420996424,0.9210662841796875,0.9210662841796875,0.8913176165407801,0.21586672961711884,0.21586672961711884,0.20122835126268335,0.6993308067321777,0.6993308067321777,0.7211795223926156,0.35366955399513245,0.35366955399513245,0.3572518501564037,-0.29455773302486987,-0.29795127823948886,-0.5823224231326769
83,4.159888982772827,-0.0102472435683012,-0.0102472435683012,0.008201724269474298,0.004935313947498798,0.004935313947498798,-0.010872053101396162,0.017790282145142555,0.017790282145142555,0.008964675364309116,1.5348373651504517,1.5348373651504517,1.5432593270771342,-0.0018126089125871658,-0.0018126089125871658,0.004386968795300206,-0.036927659064531326,-0.036927659064531326,-0.03681239032577999,-0.0035918140783905983,-0.0035918140783905983,0.01163500419623098,1.21209997935806,1.21209997935806,1.1495765621423661,0.1966128647327423,0.1966128647327423,0.21839475089646676,0.32416027784347534,0.32416027784347534,0.29736018921187046,-0.7546583414077759,-0.7546583414077759,-0.7368200198367294,0.9650900959968567,0.9650900959968567,0.9370946822308692,0.2220611572265625,0.2220611572265625,0.20962081330586635,0.6793848276138306,0.6793848276138306,0.7024872205691626,0.343192994594574,0.343192994594574,0.34580758373388143,-0.2912803498123375,-0.2912803498123375,-0.48886091401541165
84,4.209970951080322,-0.010380016639828682,-0.010380016639828682,0.008201724269474298,0.004681394435465336,0.004681394435465336,-0.010872053101396162,0.017252346500754356,0.017252346500754356,0.008964675364309116,1.5337929725646973,1.5337929725646973,1.5405889982452123,-0.0027122253086417913,-0.0027122253086417913,0.004386968795300206,-0.03691629320383072,-0.03691629320383072,-0.03681239032577999,-0.003858683630824089,-0.003858683630824089,0.01163500419623098,1.21209997935806,1.21209997935806,1.1495765621423661,0.16624538600444794,0.16624538600444794,0.18139162279697807,0.33722102642059326,0.33722102642059326,0.3110933089188972,-0.759884238243103,-0.759884238243103,-0.7459754329747472,1.0051606893539429,1.0051606893539429,0.976005188067445,0.22608289122581482,0.22608289122581482,0.21381704432745785,0.6598464846611023,0.6598464846611023,0.6822690165560399,0.3357585370540619,0.3357585370540619,0.3374151216906984,-0.28914067345006145,-0.28914067345006145,-0.43430991073472214
85,4.260018825531006,-0.01057402789592743,-0.01057402789592743,0.008201724269474298,0.004348189104348421,0.004348189104348421,-0.010872053101396162,0.016693497076630592,0.016693497076630592,0.008964675364309116,1.5327510833740234,1.5327510833740234,1.5386816205081253,-0.0035418858751654625,-0.0035418858751654625,0.004386968795300206,-0.03688761219382286,-0.03688761219382286,-0.03681239032577999,-0.004244736395776272,-0.004244736395776272,0.01163500419623098,1.21209997935806,1.21209997935806,1.1495765621423661,0.1381407082080841,0.1381407082080841,0.14438849469748938,0.3490089774131775,0.3490089774131775,0.32215609979400206,-0.7654184103012085,-0.7654184103012085,-0.7555123216601825,1.040621280670166,1.040621280670166,1.0088120851453422,0.22867438197135925,0.22867438197135925,0.21457999542229267,0.6413141489028931,0.6413141489028931,0.6635767147325868,0.33082661032676697,0.33082661032676697,0.3282597085526806,-0.2901129396259787,-0.2901129396259787,-0.40226596475165977
86,4.310079336166382,-0.010794275440275669,-0.010794275440275669,0.008201724269474298,0.004012914374470711,0.004012914374470711,-0.010872053101396162,0.01631242223083973,0.01631242223083973,0.008964675364309116,1.531650185585022,1.531650185585022,1.5367742427710382,-0.004224088508635759,-0.004224088508635759,0.004386968795300206,-0.03691210597753525,-0.03691210597753525,-0.03681239032577999,-0.00480678491294384,-0.00480678491294384,0.01163500419623098,1.21209997935806,1.21209997935806,1.1495765621423661,0.11303485184907913,0.11303485184907913,0.11310749980926182,0.35929811000823975,0.35929811000823975,0.3328374151216895,-0.7710850834846497,-0.7710850834846497,-0.7623788815136958,1.0709892511367798,1.0709892511367798,1.0389486533913175,0.22991393506526947,0.22991393506526947,0.21496147096971008,0.624184787273407,0.624184787273407,0.6456473640039686,0.3283216059207916,0.3283216059207916,0.3229190508888369,-0.28162676557898547,-0.28162676557898547,-0.3786144808117804
87,4.3601813316345215,-0.010945883579552174,-0.010945883579552174,0.008201724269474298,0.0037690112367272377,0.0037690112367272377,-0.010872053101396162,0.016166547313332558,0.016166547313332558,0.008964675364309116,1.53055739402771,1.53055739402771,1.5367742427710382,-0.004844136070460081,-0.004844136070460081,0.0040054932478827965,-0.037232302129268646,-0.037232302129268646,-0.03681239032577999,-0.005422990769147873,-0.005422990769147873,0.010109102006561344,1.212099656827748,1.212099656827748,1.1495765621423661,0.09161581844091415,0.09161581844091415,0.08678568703746059,0.3679097592830658,0.3679097592830658,0.34199282825970734,-0.7766124606132507,-0.7766124606132507,-0.770008392462044,1.0957365036010742,1.0957365036010742,1.0679407949950406,0.23076783120632172,0.23076783120632172,0.2153429465171275,0.6097381711006165,0.6097381711006165,0.6307698176546896,0.32727399468421936,0.32727399468421936,0.320248722056915,-0.280440359073026,-0.280440359073026,-0.36373693446250144
88,4.410276174545288,-0.010982467792928219,-0.010982467792928219,0.008201724269474298,0.003578916657716036,0.003578916657716036,-0.010872053101396162,0.016199644654989243,0.016199644654989243,0.008964675364309116,1.5295052528381348,1.5295052528381348,1.5367742427710382,-0.005318470299243927,-0.005318470299243927,0.0040054932478827965,-0.0379549078643322,-0.0379549078643322,-0.03681239032577999,-0.006089245434850454,-0.006089245434850454,0.008583199816891707,1.2120951414033774,1.2120951414033774,1.1495765621423661,0.07456199824810028,0.07456199824810028,0.06694895857175531,0.3747103214263916,0.3747103214263916,0.35076676585030775,-0.7817050218582153,-0.7817050218582153,-0.7749675745784703,1.1145410537719727,1.1145410537719727,1.088921950102998,0.2311619520187378,0.2311619520187378,0.21686884870679712,0.5980785489082336,0.5980785489082336,0.6166552224002455,0.32806041836738586,0.32806041836738586,0.3198672465094976,-0.2821849119876114,-0.2821849119876114,-0.354962996871901
89,4.460320711135864,-0.010916780680418015,-0.010916780680418015,0.008201724269474298,0.0033680927008390427,0.0033680927008390427,-0.010872053101396162,0.01649102196097374,0.01649102196097374,0.008964675364309116,1.5283286571502686,1.5283286571502686,1.5367742427710382,-0.0053503322415053844,-0.0053503322415053844,0.0040054932478827965,-0.039053142070770264,-0.039053142070770264,-0.03681239032577999,-0.006910210475325584,-0.006910210475325584,0.008583199816891707,1.212086433084948,1.212086433084948,1.1495765621423661,0.0626949667930603,0.0626949667930603,0.05474174105439822,0.3795536756515503,0.3795536756515503,0.35572594796673407,-0.7861247658729553,-0.7861247658729553,-0.7772564278629748,1.1269556283950806,1.1269556283950806,1.106469825284199,0.23202821612358093,0.23202821612358093,0.21763179980163194,0.5898811221122742,0.5898811221122742,0.6067368581673929,0.32980644702911377,0.32980644702911377,0.320248722056915,-0.2806942189804147,-0.2806942189804147,-0.34313725490196134
90,4.510325908660889,-0.010747291147708893,-0.010747291147708893,0.008201724269474298,0.003153184661641717,0.003153184661641717,-0.010872053101396162,0.01713058166205883,0.01713058166205883,0.008964675364309116,1.5267778635025024,1.5267778635025024,1.5360112916762034,-0.004845720715820789,-0.004845720715820789,0.0040054932478827965,-0.04065342992544174,-0.04065342992544174,-0.03681239032577999,-0.007952472195029259,-0.007952472195029259,0.008201724269474298,1.21207353187246,1.21207353187246,1.1495765621423661,0.056648965924978256,0.056648965924978256,0.04940108339055449,0.3823726773262024,0.3823726773262024,0.360303654535743,-0.7896489500999451,-0.7896489500999451,-0.7814526588845663,1.1326029300689697,1.1326029300689697,1.1160067139696341,0.23380079865455627,0.23380079865455627,0.21763179980163194,0.5857971906661987,0.5857971906661987,0.5994888227664621,0.3323523998260498,0.3323523998260498,0.3206301976043324,-0.2819928764658317,-0.2819928764658317,-0.33512626840619575
91,4.560394287109375,-0.010423294268548489,-0.010423294268548489,0.008201724269474298,0.002933984389528632,0.002933984389528632,-0.010872053101396162,0.018105052411556244,0.018105052411556244,0.008964675364309116,1.5247100591659546,1.5247100591659546,1.5348668650339512,-0.003694220446050167,-0.003694220446050167,0.0040054932478827965,-0.042845744639635086,-0.042845744639635086,-0.037956816968032214,-0.009260852821171284,-0.009260852821171284,0.008201724269474298,1.2120580504174745,1.2120580504174745,1.1495765621423661,0.052310649305582047,0.052310649305582047,0.046730754558632626,0.3873580992221832,0.3873580992221832,0.35992217898832557,-0.7916020750999451,-0.7916020750999451,-0.7818341344319837,1.1428639888763428,1.1428639888763428,1.1179140917067212,0.23300544917583466,0.23300544917583466,0.21839475089646676,0.5855908989906311,0.5855908989906311,0.5960555428397054,0.3255307674407959,0.3255307674407959,0.3206301976043324,-0.28051841667720256,-0.28051841667720256,-0.33512626840619575
92,4.6105499267578125,-0.009876166470348835,-0.009876166470348835,0.008201724269474298,0.0026574423536658287,0.0026574423536658287,-0.010872053101396162,0.019435597583651543,0.019435597583651543,0.008964675364309116,1.5220818519592285,1.5220818519592285,1.5348668650339512,-0.0017077833181247115,-0.0017077833181247115,0.004386968795300206,-0.045623768121004105,-0.045623768121004105,-0.0413900968947889,-0.010915874503552914,-0.010915874503552914,0.008201724269474298,1.2120457942656109,1.2120457942656109,1.1495765621423661,0.045085735619068146,0.045085735619068146,0.046730754558632626,0.3962864875793457,0.3962864875793457,0.360303654535743,-0.789228081703186,-0.789228081703186,-0.7818341344319837,1.1645283699035645,1.1645283699035645,1.1236362249179823,0.2318292260169983,0.2318292260169983,0.21839475089646676,0.5881709456443787,0.5881709456443787,0.5960555428397054,0.3069073259830475,0.3069073259830475,0.3149080643930713,-0.27724655966673595,-0.27724655966673595,-0.33512626840619575
93,4.660572528839111,-0.009005355648696423,-0.009005355648696423,0.008201724269474298,0.0023106569424271584,0.0023106569424271584,-0.010872053101396162,0.021085429936647415,0.021085429936647415,0.008964675364309116,1.519011378288269,1.519011378288269,1.5321965362020293,0.0010118157370015979,0.0010118157370015979,0.004386968795300206,-0.04904394596815109,-0.04904394596815109,-0.046349279011215216,-0.012868169695138931,-0.012868169695138931,0.004768444342717615,1.2120299902803133,1.2120299902803133,1.1495765621423661,0.03461053594946861,0.03461053594946861,0.04329747463187594,0.41023266315460205,0.41023266315460205,0.37136644541084785,-0.781368613243103,-0.781368613243103,-0.7818341344319837,1.2025107145309448,1.2025107145309448,1.1453803311207746,0.24350182712078094,0.24350182712078094,0.21801327534904935,0.5881940126419067,0.5881940126419067,0.5964370183871228,0.2857794761657715,0.2857794761657715,0.29354543373769637,-0.275534127801657,-0.275534127801657,-0.33169298847943907
94,4.710662603378296,-0.007621552795171738,-0.007621552795171738,0.008201724269474298,0.0018468389753252268,0.0018468389753252268,-0.010872053101396162,0.0229908786714077,0.0229908786714077,0.009346150911726525,1.515877604484558,1.515877604484558,1.5280003051804378,0.00433090515434742,0.00433090515434742,0.005531395437552433,-0.053170736879110336,-0.053170736879110336,-0.051689936675058945,-0.014963153749704361,-0.014963153749704361,0.004386968795300206,1.2120183791890742,1.2120183791890742,1.1495765621423661,0.0249773059040308,0.0249773059040308,0.03032730601968403,0.4286620616912842,0.4286620616912842,0.3900587472343009,-0.7713574171066284,-0.7713574171066284,-0.780308232242314,1.252362847328186,1.252362847328186,1.19344625009537,0.25661417841911316,0.25661417841911316,0.23365377279316313,0.5826368927955627,0.5826368927955627,0.5952925917448706,0.2686097323894501,0.2686097323894501,0.2706569008926518,-0.27352293563740604,-0.27352293563740604,-0.33131151293202166
95,4.760691165924072,-0.005115824285894632,-0.005115824285894632,0.008201724269474298,0.0011241071624681354,0.0011241071624681354,-0.010872053101396162,0.02545236237347126,0.02545236237347126,0.013542381933318026,1.5140230655670166,1.5140230655670166,1.5199893186846722,0.008011612109839916,0.008011612109839916,0.008583199816891707,-0.05873676389455795,-0.05873676389455795,-0.05245288776989376,-0.016718657687306404,-0.016718657687306404,0.0013351644159609322,1.2119996724309667,1.2119996724309667,1.1495765621423661,0.01590844988822937,0.01590844988822937,0.015449759670405072,0.4513581395149231,0.4513581395149231,0.4167620355535231,-0.7601979970932007,-0.7601979970932007,-0.7791638056000618,1.3096647262573242,1.302362847328186,1.2556267643244077,0.2687041163444519,0.2687041163444519,0.24738689250018986,0.5748936533927917,0.5748936533927917,0.5903334096284443,0.25265660881996155,0.25265660881996155,0.25501640344853804,-0.2726421971832005,-0.2726421971832005,-0.33131151293202166
96,4.810742378234863,-0.0006570095429196954,-0.0006570095429196954,0.009346150911726525,7.543982064817101e-05,7.543982064817101e-05,-0.011253528648813571,0.02873147279024124,0.02873147279024124,0.017357137407492118,1.5152431726455688,1.5152431726455688,1.5180819409475852,0.01150677539408207,0.01150677539408207,0.01201647974364839,-0.06709375232458115,-0.06709375232458115,-0.05779354543373749,-0.017789341509342194,-0.017789341509342194,0.000953688868543523,1.2119703221725568,1.2119703221725568,1.1495765621423661,0.006765066646039486,0.006765066646039486,0.0036240177004653873,0.47795888781547546,0.47795888781547546,0.44422827496757655,-0.7471746206283569,-0.7471746206283569,-0.778400854505227,1.371228575706482,1.3523628473281861,1.3132295719844365,0.282072514295578,0.282072514295578,0.26035706111238177,0.5671575665473938,0.5671575665473938,0.5830853742275135,0.2348303496837616,0.2348303496837616,0.2412832837415113,-0.2706234064911095,-0.2706234064911095,-0.33093003738460425
97,4.860971927642822,0.006368142087012529,0.006368142087012529,0.011253528648813571,-0.0014797174371778965,-0.0014797174371778965,-0.011253528648813571,0.032621119171381,0.032621119171381,0.023079270618753256,1.5206377506256104,1.5206377506256104,1.5180819409475852,0.014361497014760971,0.014361497014760971,0.01583123521782248,-0.07921285182237625,-0.07921285182237625,-0.06771190966659013,-0.01806371659040451,-0.01806371659040451,-0.002861066605630569,1.2119358114291516,1.2119358114291516,1.1495765621423661,-0.0011878234799951315,-0.0011878234799951315,-0.0040054932478827965,0.5069717764854431,0.5069717764854431,0.46826123445487333,-0.7316429615020752,-0.7316429615020752,-0.7696269169146266,1.4325438737869263,1.4023628473281862,1.3647287708857867,0.2974872291088104,0.2974872291088104,0.27141985198748664,0.559882402420044,0.559882402420044,0.5766002899214175,0.21517035365104675,0.21517035365104675,0.2237354085603105,-0.2682481757657871,-0.2682481757657871,-0.3282597085526824
98,4.910869598388672,0.017296897247433662,0.017296897247433662,0.01163500419623098,-0.0043113501742482185,-0.0043113501742482185,-0.011253528648813571,0.0378456711769104,0.0378456711769104,0.029182879377431803,1.5322742462158203,1.5322742462158203,1.5180819409475852,0.01660221256315708,0.01660221256315708,0.020027466239413982,-0.09746115654706955,-0.09746115654706955,-0.08258945601586909,-0.017119741067290306,-0.017119741067290306,-0.004768444342717615,1.2118996880341855,1.2118996880341855,1.1495765621423661,-0.006789590232074261,-0.006789590232074261,-0.01163500419623098,0.5368880033493042,0.5368880033493042,0.49420157167925716,-0.7136884331703186,-0.7136884331703186,-0.753223468375678,1.4900965690612793,1.4523628473281862,1.41432059205005,0.31578487157821655,0.31578487157821655,0.28934920271610487,0.552851676940918,0.552851676940918,0.5689707789730694,0.19435350596904755,0.19435350596904755,0.20199130235751817,-0.2656860903331213,-0.2656860903331213,-0.327878233005265
99,4.961047649383545,0.03301544860005379,0.03301544860005379,0.0165941863126573,-0.008640351705253124,-0.008640351705253124,-0.011253528648813571,0.044336188584566116,0.044336188584566116,0.03528648813611035,1.5509333610534668,1.5509333610534668,1.520752269779507,0.017352711409330368,0.017352711409330368,0.023079270618753256,-0.12364443391561508,-0.12364443391561508,-0.10204470893415696,-0.014945208095014095,-0.014945208095014095,-0.006675822079804661,1.2118654998210925,1.2118654998210925,1.1495765621423661,-0.009687061421573162,-0.009687061421573162,-0.0165941863126573,0.5665136575698853,0.5665136575698853,0.5239566643778151,-0.6946244239807129,-0.6946244239807129,-0.7318608377203031,1.5412856340408325,1.5023628473281863,1.4627679865720609,0.33464550971984863,0.33464550971984863,0.30918593118181015,0.5454248785972595,0.5454248785972595,0.562104219119556,0.17396332323551178,0.17396332323551178,0.18177309834439548,-0.2634517777604717,-0.2634517777604717,-0.327878233005265
100,5.011080503463745,0.0537090003490448,0.0537090003490448,0.02994583047226662,-0.015031284652650356,-0.015031284652650356,-0.01163500419623098,0.05127086490392685,0.05127086490392685,0.04062714579995408,1.575746774673462,1.575746774673462,1.5341039139391164,0.015942921862006187,0.015942921862006187,0.023079270618753256,-0.1580875664949417,-0.1580875664949417,-0.13027389944304524,-0.012053189799189568,-0.012053189799189568,-0.006294346532387252,1.2118426001689264,1.2118426001689264,1.1495765621423661,-0.010721126571297646,-0.010721126571297646,-0.019264515144579164,0.5946534276008606,0.5946534276008606,0.5560006103608774,-0.6759012341499329,-0.6759012341499329,-0.7093537804226759,1.5847822427749634,1.5523628473281863,1.5115968566414892,0.3534839451313019,0.3534839451313019,0.3271152819104284,0.5386192202568054,0.5386192202568054,0.5544747081712078,0.1548239290714264,0.1548239290714264,0.1619363698786902,-0.26120883049709476,-0.26120883049709476,-0.32749675745784756
101,5.061035871505737,0.07891714572906494,0.07891714572906494,0.0539787899595634,-0.024204134941101074,-0.024204134941101074,-0.013923857480735435,0.05778726190328598,0.05778726190328598,0.04444190127412817,1.604698657989502,1.604698657989502,1.5604257267109176,0.012649617157876492,0.012649617157876492,0.023079270618753256,-0.19963546097278595,-0.19963546097278595,-0.1665140764476991,-0.008865294978022575,-0.008865294978022575,-0.005149919890135024,1.2118429226992387,1.2118429226992387,1.1495765621423661,-0.01099146157503128,-0.01099146157503128,-0.019645990691996573,0.6206109523773193,0.6206109523773193,0.5903334096284443,-0.658778727054596,-0.658778727054596,-0.6864652475776314,1.6209312677383423,1.6023628473281863,1.5600442511635002,0.37128469347953796,0.37128469347953796,0.34618905928129884,0.5330584645271301,0.5330584645271301,0.547226672770277,0.1365574151277542,0.1365574151277542,0.14248111696040233,-0.2610257750536715,-0.2610257750536715,-0.32711528191043016
102,5.111167669296265,0.10886507481336594,0.10886507481336594,0.08564126039520836,-0.0369691401720047,-0.0369691401720047,-0.017738612954909527,0.06458267569541931,0.06458267569541931,0.05321583886472858,1.6374599933624268,1.6374599933624268,1.5939955748836496,0.007323058322072029,0.007323058322072029,0.022697795071335847,-0.2493470013141632,-0.2493470013141632,-0.21038376440070294,-0.005716756451874971,-0.005716756451874971,-0.0017166399633783413,1.211897430322,1.211897430322,1.1495765621423661,-0.011518789455294609,-0.011518789455294609,-0.019264515144579164,0.644182562828064,0.644182562828064,0.622758831158924,-0.6434206962585449,-0.6434206962585449,-0.6647211413748391,1.6513878107070923,1.6513878107070923,1.6081101701380938,0.38862839341163635,0.38862839341163635,0.3644998855573345,0.5292959213256836,0.5292959213256836,0.5415045395590159,0.11849594861268997,0.11849594861268997,0.12378881513694928,-0.2599802867003851,-0.2599802867003851,-0.3244449530785083
103,5.161289930343628,0.14198431372642517,0.14198431372642517,0.1203555352101926,-0.0526176318526268,-0.0526176318526268,-0.027656977187762166,0.0701243132352829,0.0701243132352829,0.06198977645532899,1.670762062072754,1.670762062072754,1.632524605172808,-0.0008678694721311331,-0.0008678694721311331,0.018501564049744346,-0.30557385087013245,-0.2993470013141632,-0.26379034103914023,-0.0032807148527354,-0.0032807148527354,0.0020981155107957505,1.2119045259888686,1.2119045259888686,1.1499580376897836,-0.012223174795508385,-0.012223174795508385,-0.019264515144579164,0.6650242805480957,0.6650242805480957,0.6479362172884731,-0.6298975348472595,-0.6298975348472595,-0.6464103150988034,1.6767758131027222,1.6767758131027222,1.6565575646601047,0.4036158621311188,0.4036158621311188,0.3816662851911179,0.5271126627922058,0.5271126627922058,0.536926832990007,0.10179520398378372,0.10179520398378372,0.10624093995574846,-0.2532348663040571,-0.2532348663040571,-0.3248264286259257
104,5.211313724517822,0.17702077329158783,0.17702077329158783,0.15430685893034202,-0.07166289538145065,-0.07166289538145065,-0.04520485236896299,0.07395187020301819,0.07395187020301819,0.07343404287785127,1.7031424045562744,1.7031424045562744,1.6695277332722966,-0.011664879508316517,-0.011664879508316517,0.010490577553978753,-0.3670465350151062,-0.3493470013141632,-0.3168154421301601,-0.0014132229844108224,-0.0014132229844108224,0.005531395437552433,1.2119335537169662,1.2119335537169662,1.1499580376897836,-0.013368110172450542,-0.013368110172450542,-0.018501564049744346,0.6831716895103455,0.6831716895103455,0.6662470435645087,-0.6177752614021301,-0.6177752614021301,-0.6330586709391941,1.6981096267700195,1.6981096267700195,1.6863126573586626,0.41829124093055725,0.41829124093055725,0.3973067826352352,0.5263826251029968,0.5263826251029968,0.5361638818951722,0.08639015257358551,0.08639015257358551,0.09517814908064359,-0.25162190607615886,-0.25162190607615886,-0.3244449530785083
105,5.261388540267944,0.21254821121692657,0.21254821121692657,0.1905470359349959,-0.0938100665807724,-0.0938100665807724,-0.0665674830243379,0.07599782198667526,0.07599782198667526,0.078774700541695,1.7340493202209473,1.7340493202209473,1.7050049591821157,-0.024782849475741386,-0.024782849475741386,-0.000953688868543523,-0.4331238865852356,-0.3993470013141632,-0.36488136110475367,0.0004826706135645509,0.0004826706135645509,0.00705729762722207,1.211946132399142,1.211946132399142,1.1511024643320358,-0.014959096908569336,-0.014959096908569336,-0.018883039597161755,0.6991702914237976,0.6991702914237976,0.6727321278706047,-0.6067271828651428,-0.6067271828651428,-0.6239032578011763,1.7163797616958618,1.7163797616958618,1.7057679102769505,0.43189573287963867,0.43189573287963867,0.412947280079349,0.5262246131896973,0.5262246131896973,0.5357824063477548,0.07282349467277527,0.07282349467277527,0.08106355382619945,-0.2512029508820601,-0.2512029508820601,-0.3244449530785083
106,5.311410665512085,0.24684348702430725,0.24684348702430725,0.22564278629739754,-0.11822858452796936,-0.11822858452796936,-0.09174486915388691,0.07593688368797302,0.07593688368797302,0.07991912718394723,1.7633225917816162,1.7633225917816162,1.735141527428091,-0.04160395264625549,-0.04160395264625549,-0.015068284122987663,-0.5029475092887878,-0.44934700131416316,-0.41409170672159945,0.0032163693103939295,0.0032163693103939295,0.009346150911726525,1.2119209750347906,1.2119209750347906,1.156824597543297,-0.016907328739762306,-0.016907328739762306,-0.019645990691996573,0.7131119966506958,0.7131119966506958,0.6792172121767006,-0.5964770317077637,-0.5964770317077637,-0.6193255512321674,1.7319270372390747,1.7319270372390747,1.7156862745098032,0.4441564679145813,0.4441564679145813,0.4247730220492887,0.5266790390014648,0.5266790390014648,0.5361638818951722,0.061929281800985336,0.061929281800985336,0.06694895857175531,-0.25103992792112506,-0.25103992792112506,-0.3244449530785083
107,5.361596584320068,0.27724525332450867,0.27724525332450867,0.26035706111238177,-0.14341168105602264,-0.14341168105602264,-0.1203555352101926,0.07189933210611343,0.07189933210611343,0.07991912718394723,1.7900197505950928,1.7900197505950928,1.762989242389562,-0.06592454761266708,-0.06592454761266708,-0.03147173266193626,-0.57309889793396,-0.49934700131416315,-0.4625391012436104,0.00961820688098669,0.00961820688098669,0.011253528648813571,1.2118242159411314,1.2118242159411314,1.1572060730907143,-0.019071871414780617,-0.019071871414780617,-0.02193484397650103,0.7247945070266724,0.7247945070266724,0.6929503318837273,-0.5872228145599365,-0.5872228145599365,-0.6158922713054107,1.7445988655090332,1.7445988655090332,1.7221713588158991,0.45461294054985046,0.45461294054985046,0.43507286182955873,0.5272085666656494,0.5272085666656494,0.5361638818951722,0.0540456660091877,0.0540456660091877,0.0539787899595634,-0.2509511633004462,-0.2509511633004462,-0.3244449530785083
108,5.411530256271362,0.30229422450065613,0.30229422450065613,0.29316395819027896,-0.1687503606081009,-0.1687503606081009,-0.15011062790875052,0.06394951790571213,0.06394951790571213,0.07763027389944277,1.8158982992172241,1.8158982992172241,1.7866407263294413,-0.10315047204494476,-0.10315047204494476,-0.057030594338902674,-0.6411414742469788,-0.5493470013141631,-0.5128938735027084,0.02297421172261238,0.02297421172261238,0.0165941863126573,1.2117697083183698,1.2117697083183698,1.1572060730907143,-0.021801387891173363,-0.021801387891173363,-0.022316319523918438,0.7345438003540039,0.7345438003540039,0.7074464026855889,-0.5789167284965515,-0.5789167284965515,-0.6116960402838192,1.7550101280212402,1.7550101280212402,1.7294193942168299,0.46398821473121643,0.46398821473121643,0.4453727016098288,0.5277454853057861,0.5277454853057861,0.5361638818951722,0.048629552125930786,0.048629552125930786,0.04901960784313708,-0.25081646212509723,-0.25081646212509723,-0.3244449530785083
109,5.46161961555481,0.3207235634326935,0.3207235634326935,0.3198672465094976,-0.1932617723941803,-0.1932617723941803,-0.17566948958571693,0.05314832925796509,0.05314832925796509,0.07152666514076422,1.8408440351486206,1.8408440351486206,1.8083848325322336,-0.154166579246521,-0.15315047204494475,-0.09861142900740028,-0.7042099833488464,-0.5993470013141632,-0.5624856946669716,0.045021120458841324,0.045021120458841324,0.033379110399023304,1.2117410031205842,1.2117410031205842,1.1575875486381317,-0.02494925446808338,-0.02494925446808338,-0.022316319523918438,0.7423204183578491,0.7423204183578491,0.7211795223926156,-0.5718289613723755,-0.5718289613723755,-0.602159151598384,1.7632989883422852,1.7632989883422852,1.735141527428091,0.4708141088485718,0.4708141088485718,0.4510948348210899,0.5282529592514038,0.5282529592514038,0.5361638818951722,0.04560051113367081,0.04560051113367081,0.042915999084458534,-0.2505871247393745,-0.2505871247393745,-0.3244449530785083
110,5.511600971221924,0.3322674632072449,0.3322674632072449,0.3397039749752029,-0.2160395383834839,-0.2160395383834839,-0.19855802243076326,0.04071471095085144,0.04071471095085144,0.06008239871824195,1.864497184753418,1.864497184753418,1.8308918898298607,-0.22210438549518585,-0.20315047204494474,-0.15201800564583756,-0.7595371007919312,-0.6493470013141632,-0.6116960402838192,0.07920370250940323,0.07920370250940323,0.05970092317082454,1.2116519847544178,1.2116519847544178,1.1579690241855491,-0.028455737978219986,-0.028455737978219986,-0.022316319523918438,0.7479056715965271,0.7479056715965271,0.728046082246129,-0.5661956667900085,-0.5661956667900085,-0.5914778362706965,1.7694809436798096,1.7694809436798096,1.7408636606393522,0.4751754105091095,0.4751754105091095,0.45719844357976847,0.5288536548614502,0.5288536548614502,0.5361638818951722,0.044444046914577484,0.044444046914577484,0.042153047989623715,-0.2505004324444704,-0.2505004324444704,-0.3244449530785083
111,5.561666011810303,0.3377149999141693,0.3377149999141693,0.34733348592355107,-0.23892539739608765,-0.23892539739608765,-0.220683604180973,0.030877888202667236,0.030877888202667236,0.0455863279163804,1.8875735998153687,1.8875735998153687,1.8541618982223227,-0.3096141517162323,-0.25315047204494473,-0.203898680094607,-0.7854118347167969,-0.6993470013141633,-0.660906385900665,0.12754644453525543,0.12754644453525543,0.09822995345998287,1.21209997935806,1.21209997935806,1.1579690241855491,-0.03225632384419441,-0.03225632384419441,-0.023079270618753256,0.7513009309768677,0.7513009309768677,0.7318608377203031,-0.5621088743209839,-0.5621088743209839,-0.5819409475852595,1.773500680923462,1.773500680923462,1.7458228427557785,0.4769029915332794,0.4769029915332794,0.4617761501487774,0.5296199917793274,0.5296199917793274,0.5361638818951722,0.0446009635925293,0.0446009635925293,0.041771572442206306,-0.25051459333726345,-0.25051459333726345,-0.3244449530785083
112,5.611721515655518,0.340347021818161,0.340347021818161,0.34580758373388143,-0.2690829038619995,-0.2690829038619995,-0.24395361257343495,0.032273244112730026,0.032273244112730026,0.032616159304188486,1.9138288497924805,1.9138288497924805,1.8766689555199498,-0.4033523201942444,-0.3031504720449447,-0.2546349279011224,-0.7854102253913879,-0.7493470013141633,-0.7104982070649282,0.17797978222370148,0.17754644453525542,0.15049210345616792,1.2120777247665184,1.2120777247665184,1.1602578774700536,-0.03632260113954544,-0.03632260113954544,-0.02574959945067512,0.752821147441864,0.752821147441864,0.7352941176470598,-0.5592668652534485,-0.5592668652534485,-0.5781261921110854,1.7755839824676514,1.7755839824676514,1.75001907377737,0.47662752866744995,0.47662752866744995,0.46520943007553406,0.530721127986908,0.530721127986908,0.5361638818951722,0.04536702483892441,0.04536702483892441,0.042534523537041125,-0.25051079407334353,-0.25051079407334353,-0.3244449530785083
113,5.66180682182312,0.34154191613197327,0.34154191613197327,0.34618905928129884,-0.3028635084629059,-0.3028635084629059,-0.2740901808194103,0.04438275098800659,0.04438275098800659,0.03147173266193626,1.9414856433868408,1.9414856433868408,1.9060425726710903,-0.48713624477386475,-0.3531504720449447,-0.30537117570763783,-0.7854058742523193,-0.7854058742523193,-0.728046082246129,0.22489282488822937,0.22489282488822937,0.20122835126268335,1.2120193467800109,1.2120193467800109,1.1602578774700536,-0.04038080945611,-0.04038080945611,-0.033379110399023304,0.752707302570343,0.752707302570343,0.7372014953841468,-0.5574240684509277,-0.5574240684509277,-0.5754558632791635,1.775982141494751,1.775982141494751,1.753833829251544,0.4744730591773987,0.4744730591773987,0.46559090562295147,0.5319742560386658,0.5319742560386658,0.5365453574425896,0.04637565091252327,0.04637565091252327,0.042915999084458534,-0.25050354093313243,-0.25050354093313243,-0.3244449530785083
114,5.711958885192871,0.3378185033798218,0.3378185033798218,0.34618905928129884,-0.336272269487381,-0.336272269487381,-0.30956740672922933,0.06167071685194969,0.06167071685194969,0.04062714579995408,1.9653962850570679,1.9653962850570679,1.9357976653696483,-0.5685904622077942,-0.4031504720449447,-0.35572594796673584,-0.7854017019271851,-0.7854017019271851,-0.7284275577935464,0.27375590801239014,0.27375590801239014,0.2489127946898595,1.2119945119459716,1.2119945119459716,1.1602578774700536,-0.0443367063999176,-0.0443367063999176,-0.04024567025253667,0.7512485980987549,0.7512485980987549,0.7368200198367294,-0.556305468082428,-0.556305468082428,-0.575837338826581,1.7750866413116455,1.7750866413116455,1.753833829251544,0.4710681140422821,0.4710681140422821,0.46482795452811665,0.5332304239273071,0.5332304239273071,0.5365453574425896,0.04745151475071907,0.04745151475071907,0.042915999084458534,-0.25052288264036204,-0.25052288264036204,-0.3244449530785083
115,5.762041091918945,0.32735493779182434,0.32735493779182434,0.345426108186464,-0.36690279841423035,-0.36690279841423035,-0.34695201037613543,0.08096787333488464,0.08096787333488464,0.057030594338902674,1.9851844310760498,1.9851844310760498,1.9625009536888705,-0.6392040848731995,-0.4531504720449447,-0.4076066224155035,-0.7853988409042358,-0.7853988409042358,-0.7284275577935464,0.31965306401252747,0.31965306401252747,0.29659723811703564,1.2120777247665184,1.2120777247665184,1.1602578774700536,-0.04816235601902008,-0.04816235601902008,-0.05016403448538931,0.7487494349479675,0.7487494349479675,0.7368200198367294,-0.5557243227958679,-0.5557243227958679,-0.575837338826581,1.7733176946640015,1.7733176946640015,1.753833829251544,0.4665568768978119,0.4665568768978119,0.46444647898069924,0.5344361066818237,0.5344361066818237,0.5365453574425896,0.048710186034440994,0.048710186034440994,0.042915999084458534,-0.2503933622794494,-0.2503933622794494,-0.3244449530785083
116,5.812042713165283,0.3106640875339508,0.3106640875339508,0.3397039749752029,-0.3911661207675934,-0.3911661207675934,-0.3793774319066152,0.10104242712259293,0.10104242712259293,0.07991912718394723,1.9997814893722534,1.9997814893722534,1.980811779964906,-0.6918525695800781,-0.5031504720449447,-0.45643549248493187,-0.7853974103927612,-0.7853974103927612,-0.7284275577935464,0.3596550226211548,0.3596550226211548,0.34199282825970734,1.21209997935806,1.21209997935806,1.1602578774700536,-0.05187642201781273,-0.05187642201781273,-0.05550469214923304,0.7454319596290588,0.7454319596290588,0.736438544289312,-0.5555826425552368,-0.5555826425552368,-0.575837338826581,1.7710167169570923,1.7710167169570923,1.753833829251544,0.46110793948173523,0.46110793948173523,0.4629205767910296,0.5356104373931885,0.5356104373931885,0.536926832990007,0.05026596412062645,0.05026596412062645,0.042915999084458534,-0.25027213122163494,-0.25027213122163494,-0.3244449530785083
117,5.862125873565674,0.2899028956890106,0.2899028956890106,0.3233005264362543,-0.40754514932632446,-0.40754514932632446,-0.40188448920424236,0.12086192518472672,0.12086192518472672,0.10509651331349623,2.009446144104004,2.009446144104004,1.9911116197451761,-0.7290974259376526,-0.5531504720449447,-0.5060273136491951,-0.7853974103927612,-0.7853974103927612,-0.728046082246129,0.3946687579154968,0.3946687579154968,0.3809033340962831,1.21209997935806,1.21209997935806,1.1602578774700536,-0.055449072271585464,-0.055449072271585464,-0.05741206988632008,0.7413572072982788,0.7413572072982788,0.736438544289312,-0.5558900237083435,-0.5558900237083435,-0.575837338826581,1.7683848142623901,1.7683848142623901,1.753833829251544,0.45464444160461426,0.45464444160461426,0.45643549248493365,0.5368136167526245,0.5368136167526245,0.5373083085374244,0.05214481055736542,0.05214481055736542,0.04329747463187594,-0.2501574625287739,-0.2501574625287739,-0.3244449530785083
118,5.9122209548950195,0.2662924528121948,0.2662924528121948,0.30079346913862715,-0.41619595885276794,-0.41619595885276794,-0.4125658045319298,0.13897719979286194,0.13897719979286194,0.12684061951628856,2.015373706817627,2.015373706817627,1.9960708018616025,-0.757520854473114,-0.6031504720449448,-0.5552376592660409,-0.7853972911834717,-0.7853972911834717,-0.7284275577935464,0.42543837428092957,0.42543837428092957,0.4137102311741838,1.21209997935806,1.21209997935806,1.1602578774700536,-0.05889043211936951,-0.05889043211936951,-0.0581750209811549,0.7365922331809998,0.7365922331809998,0.7360570687418946,-0.5565745234489441,-0.5565745234489441,-0.575837338826581,1.765557050704956,1.765557050704956,1.753833829251544,0.44767677783966064,0.44767677783966064,0.44880598153658546,0.5381725430488586,0.5381725430488586,0.5373083085374244,0.05422116070985794,0.05422116070985794,0.04367895017929335,-0.25001930747713375,-0.25001930747713375,-0.3244449530785083
119,5.962206602096558,0.24102860689163208,0.24102860689163208,0.27256427862973887,-0.4181932210922241,-0.4181932210922241,-0.4163805600061039,0.1549258679151535,0.1549258679151535,0.1455329213397416,2.0166842937469482,2.0166842937469482,1.9972152285038547,-0.7734380960464478,-0.6531504720449448,-0.6048294804303058,-0.7829999923706055,-0.7829999923706055,-0.7284275577935464,0.44983330368995667,0.44983330368995667,0.4419394216830721,1.21209997935806,1.21209997935806,1.1602578774700536,-0.06216626241803169,-0.06216626241803169,-0.060845349813076766,0.7313454747200012,0.7313454747200012,0.7349126420996424,-0.5574348568916321,-0.5574348568916321,-0.575837338826581,1.7627094984054565,1.7627094984054565,1.753833829251544,0.44093450903892517,0.44093450903892517,0.44346532387274173,0.5398434400558472,0.5398434400558472,0.5380712596322592,0.056184906512498856,0.056184906512498856,0.04367895017929335,-0.24994124987295718,-0.24994124987295718,-0.3244449530785083
120,6.0123560428619385,0.21629656851291656,0.21629656851291656,0.24204623483634613,-0.41546690464019775,-0.41546690464019775,-0.4159990844586865,0.16979800164699554,0.16979800164699554,0.16041046768902056,2.0149312019348145,2.0149312019348145,1.997596704051272,-0.7810829877853394,-0.7031504720449449,-0.6548027771419864,-0.7751238346099854,-0.7751238346099854,-0.7284275577935464,0.4694820046424866,0.4694820046424866,0.463302052338447,1.21209997935806,1.21209997935806,1.1602578774700536,-0.0651240274310112,-0.0651240274310112,-0.06466010528725086,0.7258444428443909,0.7258444428443909,0.7333867399099727,-0.5583124756813049,-0.5583124756813049,-0.575837338826581,1.759995698928833,1.759995698928833,1.7534523537041267,0.4348175525665283,0.4348175525665283,0.4373617151140632,0.5417668223381042,0.5417668223381042,0.5384527351796766,0.05756682902574539,0.05756682902574539,0.04444190127412817,-0.24995610154100834,-0.24995610154100834,-0.3240634775310909
121,6.062429189682007,0.19380918145179749,0.19380918145179749,0.21496147096971008,-0.4105302095413208,-0.4105302095413208,-0.4159990844586865,0.18435169756412506,0.18435169756412506,0.17376211184862989,2.012827157974243,2.012827157974243,1.997596704051272,-0.7859565615653992,-0.7531504720449449,-0.7055390249485018,-0.7670812606811523,-0.7670812606811523,-0.728046082246129,0.4857034683227539,0.4857034683227539,0.4804684519722304,1.2120744994633965,1.2120744994633965,1.1602578774700536,-0.06767590343952179,-0.06767590343952179,-0.06923781185625977,0.7202847003936768,0.7202847003936768,0.729953459983216,-0.559100329875946,-0.559100329875946,-0.575837338826581,1.7577539682388306,1.7577539682388306,1.7534523537041267,0.4298087954521179,0.4298087954521179,0.4301136797131324,0.5438146591186523,0.5438146591186523,0.5399786373693463,0.05788598954677582,0.05788598954677582,0.04482337682154558,-0.24994263142347362,-0.24994263142347362,-0.3244449530785083
122,6.112483024597168,0.1730824112892151,0.1730824112892151,0.19169146257724812,-0.40402311086654663,-0.40402311086654663,-0.4156176089112691,0.1994020789861679,0.1994020789861679,0.18596932936598698,2.0100152492523193,2.0100152492523193,1.9972152285038547,-0.7901774644851685,-0.7901774644851685,-0.7547493705653476,-0.7607979774475098,-0.7607979774475098,-0.728046082246129,0.4997781813144684,0.4997781813144684,0.4926756694895875,1.2120661136752793,1.2120661136752793,1.1602578774700536,-0.0697542354464531,-0.0697542354464531,-0.07152666514076422,0.7146879434585571,0.7146879434585571,0.7204165712977808,-0.5598395466804504,-0.5598395466804504,-0.575837338826581,1.756089210510254,1.756089210510254,1.7534523537041267,0.4259544909000397,0.4259544909000397,0.4255359731441235,0.545943558216095,0.545943558216095,0.5403601129167637,0.05715251341462135,0.05715251341462135,0.04406042572671076,-0.24987355389765353,-0.24987355389765353,-0.3240634775310909
123,6.162618637084961,0.15398792922496796,0.15398792922496796,0.17223620965896025,-0.3963458836078644,-0.3963458836078644,-0.4121843289845124,0.21510811150074005,0.21510811150074005,0.1989394979781789,2.0054478645324707,2.0054478645324707,1.9972152285038547,-0.7930728793144226,-0.7930728793144226,-0.7898451209277493,-0.7563163042068481,-0.7563163042068481,-0.7276646066987116,0.5123167037963867,0.5123167037963867,0.5056458381017794,1.2120428914928012,1.2120428914928012,1.1602578774700536,-0.07140238583087921,-0.07140238583087921,-0.07228961623559904,0.7090124487876892,0.7090124487876892,0.71316853589685,-0.5606186389923096,-0.5606186389923096,-0.575837338826581,1.7548718452453613,1.7548718452453613,1.7534523537041267,0.4227941334247589,0.4227941334247589,0.4221026932173668,0.5481823086738586,0.5481823086738586,0.5411230640115985,0.05567982792854309,0.05567982792854309,0.04444190127412817,-0.24987355389765353,-0.24987355389765353,-0.3240634775310909
124,6.212646961212158,0.13648287951946259,0.13648287951946259,0.15430685893034202,-0.3876866400241852,-0.3876866400241852,-0.4068436713206687,0.23190473020076752,0.23190473020076752,0.21419851987487526,1.9994412660598755,1.9994412660598755,1.9972152285038547,-0.7950741052627563,-0.7950741052627563,-0.78679331654841,-0.7523468136787415,-0.7523468136787415,-0.7276646066987116,0.5244854092597961,0.5244854092597961,0.5155642023346321,1.2119783854303616,1.2119783854303616,1.1602578774700536,-0.07275213301181793,-0.07275213301181793,-0.07190814068818163,0.7031199932098389,0.7031199932098389,0.7032501716639974,-0.5615823864936829,-0.5615823864936829,-0.575837338826581,1.753954529762268,1.753954529762268,1.7534523537041267,0.4199911653995514,0.4199911653995514,0.4217212176699494,0.550390362739563,0.550390362739563,0.5422674906538507,0.05376005172729492,0.05376005172729492,0.04406042572671076,-0.2498673369203297,-0.2498673369203297,-0.3240634775310909
125,6.262648820877075,0.1208914965391159,0.1208914965391159,0.13942931258106306,-0.3782658278942108,-0.3782658278942108,-0.3953994048981464,0.2490411102771759,0.2490411102771759,0.23174639505607608,1.9930354356765747,1.9930354356765747,1.9960708018616025,-0.7966200709342957,-0.7966200709342957,-0.7856488899061578,-0.7491467595100403,-0.7491467595100403,-0.7276646066987116,0.5360233783721924,0.5360233783721924,0.530441748683911,1.2119351663685272,1.2119351663685272,1.1602578774700536,-0.07397255301475525,-0.07397255301475525,-0.07228961623559904,0.6968295574188232,0.6968295574188232,0.6998168917372407,-0.5626291632652283,-0.5626291632652283,-0.575837338826581,1.7530096769332886,1.7530096769332886,1.7534523537041267,0.41742780804634094,0.41742780804634094,0.41866941329061014,0.5525848865509033,0.5525848865509033,0.5441748683909378,0.052009496837854385,0.052009496837854385,0.04367895017929335,-0.249864919206926,-0.249864919206926,-0.3244449530785083
126,6.312753915786743,0.10683133453130722,0.10683133453130722,0.12569619287403633,-0.3679563105106354,-0.3679563105106354,-0.38548104066529376,0.2660941779613495,0.2660941779613495,0.25196459906919877,1.9858969449996948,1.9858969449996948,1.9960708018616025,-0.7959179878234863,-0.7959179878234863,-0.7856488899061578,-0.7464728951454163,-0.7464728951454163,-0.7276646066987116,0.5463175773620605,0.5463175773620605,0.5407415884641811,1.2118858192307609,1.2118858192307609,1.1602578774700536,-0.07508012652397156,-0.07508012652397156,-0.07190814068818163,0.6900286674499512,0.6900286674499512,0.6948577096208144,-0.5636863708496094,-0.5636863708496094,-0.575837338826581,1.7514671087265015,1.7514671087265015,1.7530708781567093,0.41438737511634827,0.41438737511634827,0.4179064621957753,0.5543736815452576,0.5543736815452576,0.5449378194857726,0.05103764683008194,0.05103764683008194,0.04329747463187594,-0.24984903137598713,-0.24984903137598713,-0.3240634775310909
127,6.362725257873535,0.09436299651861191,0.09436299651861191,0.1119630731670096,-0.35734111070632935,-0.35734111070632935,-0.37289234760051926,0.28215491771698,0.28215491771698,0.2702754253452344,1.978629231452942,1.978629231452942,1.9926375219348458,-0.7950894236564636,-0.7950894236564636,-0.7856488899061578,-0.7437829971313477,-0.7437829971313477,-0.7276646066987116,0.5555779337882996,0.5555779337882996,0.5491340505073641,1.211872918018273,1.211872918018273,1.1602578774700536,-0.07626072317361832,-0.07626072317361832,-0.07228961623559904,0.683010995388031,0.683010995388031,0.6887541008621358,-0.5648794174194336,-0.5648794174194336,-0.575837338826581,1.7495349645614624,1.7495349645614624,1.7526894026092918,0.4105941951274872,0.4105941951274872,0.41447318226901864,0.5555974245071411,0.5555974245071411,0.5468451972228596,0.05072188377380371,0.05072188377380371,0.042915999084458534,-0.24985421219042392,-0.24985421219042392,-0.3244449530785083
128,6.412759780883789,0.08320280909538269,0.08320280909538269,0.09899290455481768,-0.3469395339488983,-0.3469395339488983,-0.36030365453574476,0.29666101932525635,0.29666101932525635,0.2859159227893482,1.9718527793884277,1.9718527793884277,1.9861524376287498,-0.7947860956192017,-0.7947860956192017,-0.7856488899061578,-0.7407573461532593,-0.7407573461532593,-0.7272831311512942,0.5638583302497864,0.5638583302497864,0.5598153658350515,1.211892269837005,1.211892269837005,1.1602578774700536,-0.07763496041297913,-0.07763496041297913,-0.0749599450675209,0.6758990287780762,0.6758990287780762,0.6818875410086225,-0.5665147304534912,-0.5665147304534912,-0.575837338826581,1.7476423978805542,1.7476423978805542,1.7523079270618744,0.405740886926651,0.405740886926651,0.41103990234226195,0.5565474629402161,0.5565474629402161,0.547226672770277,0.05065414682030678,0.05065414682030678,0.04329747463187594,-0.24986215610589313,-0.24986215610589313,-0.3240634775310909
129,6.462853670120239,0.07327044010162354,0.07327044010162354,0.08831158922713023,-0.3372417092323303,-0.3372417092323303,-0.3507667658503095,0.30908268690109253,0.30908268690109253,0.30079346913862715,1.9661768674850464,1.9661768674850464,1.9766155489433146,-0.7962293028831482,-0.7962293028831482,-0.7852674143587404,-0.7373328804969788,-0.7373328804969788,-0.7272831311512942,0.5711068511009216,0.5711068511009216,0.5678263523308171,1.2119467774597663,1.2119467774597663,1.1602578774700536,-0.07922004908323288,-0.07922004908323288,-0.0749599450675209,0.6687170267105103,0.6687170267105103,0.6715877012283524,-0.5686109662055969,-0.5686109662055969,-0.575837338826581,1.7459346055984497,1.7459346055984497,1.7523079270618744,0.39999714493751526,0.39999714493751526,0.4049362935835834,0.5578212738037109,0.5578212738037109,0.5487525749599467,0.050361257046461105,0.050361257046461105,0.04329747463187594,-0.24986526459455516,-0.24986526459455516,-0.3240634775310909
130,6.512951135635376,0.06443429738283157,0.06443429738283157,0.07953765163652982,-0.3284200131893158,-0.3284200131893158,-0.34275577935454393,0.31950643658638,0.31950643658638,0.3122377355611494,1.9615957736968994,1.9615957736968994,1.9701304646372186,-0.7996056079864502,-0.7996056079864502,-0.7856488899061578,-0.7339038848876953,-0.7339038848876953,-0.7272831311512942,0.5770405530929565,0.5770405530929565,0.5739299610894957,1.2120283776287524,1.2120283776287524,1.1602578774700536,-0.08083220571279526,-0.08083220571279526,-0.07839322499427759,0.6615685820579529,0.6615685820579529,0.6666285191119261,-0.571383535861969,-0.571383535861969,-0.575837338826581,1.7445027828216553,1.7445027828216553,1.7515449759670396,0.3928874731063843,0.3928874731063843,0.3965438315404004,0.559648334980011,0.559648334980011,0.5495155260547815,0.04934001341462135,0.04934001341462135,0.04329747463187594,-0.24987251773476626,-0.24987251773476626,-0.3240634775310909
131,6.563020706176758,0.05688215047121048,0.05688215047121048,0.07305256733043386,-0.32073774933815,-0.32073774933815,-0.3366521705958654,0.3276992738246918,0.3276992738246918,0.32177462424658465,1.957610845565796,1.957610845565796,1.9651712825207923,-0.8038755655288696,-0.8038755655288696,-0.7860303654535752,-0.7315661311149597,-0.7315661311149597,-0.7269016556038768,0.5812134742736816,0.5812134742736816,0.5815594720378439,1.2120854654940114,1.2120854654940114,1.1602578774700536,-0.08253926783800125,-0.08253926783800125,-0.08106355382619945,0.654654860496521,0.654654860496521,0.6586175326161605,-0.5748345255851746,-0.5748345255851746,-0.5762188143739984,1.7438544034957886,1.7438544034957886,1.7515449759670396,0.3854822814464569,0.3854822814464569,0.3900587472343009,0.5627363920211792,0.5627363920211792,0.5518043793392859,0.04692115634679794,0.04692115634679794,0.042915999084458534,-0.24987804393683155,-0.24987804393683155,-0.3240634775310909
132,6.613102436065674,0.05073096975684166,0.05073096975684166,0.06694895857175531,-0.3143191635608673,-0.3143191635608673,-0.32711528191043016,0.33369123935699463,0.33369123935699463,0.32673380636301097,1.953526496887207,1.953526496887207,1.9609750514992008,-0.8073669672012329,-0.8073669672012329,-0.78679331654841,-0.7304158806800842,-0.7304158806800842,-0.7269016556038768,0.5834763050079346,0.5834763050079346,0.5865186541542702,1.212098044176187,1.212098044176187,1.1602578774700536,-0.08416777849197388,-0.08416777849197388,-0.08602273594262577,0.6477905511856079,0.6477905511856079,0.6513694972152297,-0.5784093737602234,-0.5784093737602234,-0.5762188143739984,1.7437573671340942,1.7437573671340942,1.75001907377737,0.3786303997039795,0.3786303997039795,0.3820477607385353,0.5672218203544617,0.5672218203544617,0.5533302815289556,0.04318796843290329,0.04318796843290329,0.042534523537041125,-0.24993503289563335,-0.24993503289563335,-0.3240634775310909
133,6.663203954696655,0.046707361936569214,0.046707361936569214,0.060463874265659356,-0.3092084228992462,-0.3092084228992462,-0.3236820019836735,0.3370892107486725,0.3370892107486725,0.3328374151216895,1.9494094848632812,1.9494094848632812,1.9594491493095312,-0.8069339990615845,-0.8069339990615845,-0.7875562676432448,-0.7323246002197266,-0.7323246002197266,-0.7269016556038768,0.5875732898712158,0.5875732898712158,0.5884260318913572,0.33450499830820735,1.112098044176187,1.1602578774700536,-0.08490480482578278,-0.08490480482578278,-0.08869306477454764,0.6417729258537292,0.6417729258537292,0.6445029373617164,-0.5816537737846375,-0.5816537737846375,-0.5769817654688332,1.7431706190109253,1.7431706190109253,1.75001907377737,0.3815876543521881,0.3815876543521881,0.37556267643243935,0.5617597699165344,0.5617597699165344,0.5586709391927993,0.03912217542529106,0.03912217542529106,0.03910124361028444,-0.22249536731413455,-0.22249536731413455,-0.3240634775310909
134,6.713310241699219,0.04358898103237152,0.04358898103237152,0.05779354543373749,-0.3056078553199768,-0.3056078553199768,-0.3175783932249949,0.33749428391456604,0.33749428391456604,0.33436331731135915,1.9451984167099,1.9451984167099,1.9575417715724441,-0.8094406723976135,-0.8094406723976135,-0.7883192187380796,-0.7343164086341858,-0.7343164086341858,-0.7269016556038768,0.5929497480392456,0.5929497480392456,0.589188982986192,0.32585376774413266,1.0120980441761869,1.1449988555733572,-0.0846061185002327,-0.0846061185002327,-0.08831158922713023,0.6394189596176147,0.6394189596176147,0.6361104753185334,-0.5869666337966919,-0.5869666337966919,-0.5781261921110854,1.7442564964294434,1.7442564964294434,1.7496375982299526,0.38017553091049194,0.38017553091049194,0.37632562752727416,0.5559065937995911,0.5559065937995911,0.5582894636453819,0.041032955050468445,0.041032955050468445,0.03452353704127553,-0.21338127855743694,-0.21338127855743694,-0.3160524910353253
135,6.763276100158691,0.04143485799431801,0.04143485799431801,0.05779354543373749,-0.3018619418144226,-0.3018619418144226,-0.3122377355611512,0.3351394832134247,0.3351394832134247,0.33436331731135915,1.9413442611694336,1.9413442611694336,1.9552529182879397,-0.8121619820594788,-0.8121619820594788,-0.7902265964751667,-0.7383703589439392,-0.7383703589439392,-0.7272831311512942,0.5975688695907593,0.5975688695907593,0.5926222629129487,0.3061607119419746,0.9120980441761869,1.1015106431677726,-0.08397524058818817,-0.08397524058818817,-0.08831158922713023,0.6377770304679871,0.6377770304679871,0.6345845731288637,-0.593903124332428,-0.593903124332428,-0.5827038986800943,1.744989275932312,1.744989275932312,1.7496375982299526,0.3801631033420563,0.3801631033420563,0.37594415197985676,0.553098201751709,0.553098201751709,0.5552376592660426,0.04371659830212593,0.04371659830212593,0.03566796368352776,-0.20385445158396442,-0.20385445158396442,-0.3072785534447249
136,6.813406467437744,0.039594147354364395,0.039594147354364395,0.05779354543373749,-0.2981349527835846,-0.2981349527835846,-0.31071183337148156,0.33020925521850586,0.33020925521850586,0.33436331731135915,1.9374500513076782,1.9374500513076782,1.951438162813762,-0.8140783309936523,-0.8140783309936523,-0.7940413519493408,-0.7411416172981262,-0.7411416172981262,-0.7272831311512942,0.600126326084137,0.600126326084137,0.595674067292288,0.2804927821063571,0.8120980441761869,1.0339894712748912,-0.08264609426259995,-0.08264609426259995,-0.08793011367971282,0.6360651254653931,0.6360651254653931,0.6345845731288637,-0.6007071733474731,-0.6007071733474731,-0.5899519340810269,1.7439568042755127,1.7439568042755127,1.7496375982299526,0.37862417101860046,0.37862417101860046,0.37594415197985676,0.5523967742919922,0.5523967742919922,0.5552376592660426,0.04568221792578697,0.04568221792578697,0.03604943923094517,-0.19585561948163188,-0.19585561948163188,-0.2965972381170374
137,6.863479375839233,0.038176342844963074,0.038176342844963074,0.05550469214923304,-0.2949965000152588,-0.2949965000152588,-0.31033035782406415,0.3234165906906128,0.3234165906906128,0.33398184176394174,1.9346923828125,1.9346923828125,1.944953078507666,-0.815036416053772,-0.815036416053772,-0.7944228274967582,-0.7427043318748474,-0.7427043318748474,-0.7272831311512942,0.6010719537734985,0.6010719537734985,0.5968184939345402,0.22127653931719937,0.7120980441761869,0.9538796063172352,-0.08102062344551086,-0.08102062344551086,-0.08831158922713023,0.6344044208526611,0.6344044208526611,0.6345845731288637,-0.6057540774345398,-0.6057540774345398,-0.5979629205767925,1.7421796321868896,1.7421796321868896,1.7496375982299526,0.37876322865486145,0.37876322865486145,0.3740367742427697,0.5555814504623413,0.5555814504623413,0.5552376592660426,0.04576203227043152,0.04576203227043152,0.03566796368352776,-0.1903497952861446,-0.1903497952861446,-0.2828641184100107
138,6.913508176803589,0.037147145718336105,0.037147145718336105,0.05245288776989376,-0.2927938401699066,-0.2927938401699066,-0.31033035782406415,0.3156021535396576,0.3156021535396576,0.3316929884794373,1.9334158897399902,1.9334158897399902,1.9422827496757442,-0.8159330487251282,-0.8159330487251282,-0.7940413519493408,-0.7429192066192627,-0.7429192066192627,-0.7272831311512942,0.603143572807312,0.603143572807312,0.5968184939345402,0.1665105697757432,0.612098044176187,0.8665217059586485,-0.07905745506286621,-0.07905745506286621,-0.08831158922713023,0.6319749355316162,0.6319749355316162,0.6345845731288637,-0.6084808707237244,-0.6084808707237244,-0.604066529335471,1.739902377128601,1.739902377128601,1.7496375982299526,0.3797319531440735,0.3797319531440735,0.3736552986953523,0.5589567422866821,0.5589567422866821,0.55561913481346,0.0473746620118618,0.0473746620118618,0.03566796368352776,-0.189231084755489,-0.189231084755489,-0.28210116731517587
139,6.9636242389678955,0.03690730407834053,0.03690730407834053,0.0497825589379719,-0.29104384779930115,-0.29104384779930115,-0.30994888227664674,0.30755963921546936,0.30755963921546936,0.32635233081559356,1.934587836265564,1.934587836265564,1.9422827496757442,-0.8200092911720276,-0.8200092911720276,-0.7948043030441756,-0.7412605285644531,-0.7412605285644531,-0.7272831311512942,0.6096057295799255,0.6096057295799255,0.6002517738612969,0.13822595151726702,0.512098044176187,0.7745860990310529,-0.0758281722664833,-0.0758281722664833,-0.08793011367971282,0.6293438673019409,0.6293438673019409,0.6338216220340289,-0.6100465059280396,-0.6100465059280396,-0.604066529335471,1.736920952796936,1.736920952796936,1.7496375982299526,0.37769317626953125,0.37769317626953125,0.3736552986953523,0.557685911655426,0.557685911655426,0.5563820859082949,0.05169028416275978,0.05169028416275978,0.03604943923094517,-0.18527915950332363,-0.18527915950332363,-0.2740901808194103
140,7.013683080673218,0.03655945137143135,0.03655945137143135,0.047112230106050035,-0.28871655464172363,-0.28871655464172363,-0.30994888227664674,0.29869890213012695,0.29869890213012695,0.31834134431982797,1.9383001327514648,1.9383001327514648,1.9422827496757442,-0.8256683945655823,-0.8256683945655823,-0.8028152895399412,-0.7391940355300903,-0.7391940355300903,-0.7272831311512942,0.6197571158409119,0.6197571158409119,0.6113145647364018,0.12691836130193312,0.412098044176187,0.6780727855344484,-0.07245680689811707,-0.07245680689811707,-0.08564126039520836,0.6275584697723389,0.6275584697723389,0.6338216220340289,-0.6119509339332581,-0.6119509339332581,-0.604066529335471,1.734545111656189,1.734545111656189,1.7496375982299526,0.37601438164711,0.37601438164711,0.3732738231479349,0.5556492209434509,0.5556492209434509,0.5560006103608774,0.05831978842616081,0.05831978842616081,0.03948271915770185,-0.1891668426564761,-0.1891668426564761,-0.26379034103914023
141,7.063769102096558,0.03556418418884277,0.03556418418884277,0.047112230106050035,-0.28558245301246643,-0.28558245301246643,-0.30956740672922933,0.2886907458305359,0.2886907458305359,0.30842298008697533,1.9432543516159058,1.9432543516159058,1.9422827496757442,-0.8320179581642151,-0.8320179581642151,-0.8093003738460371,-0.7358137965202332,-0.7358137965202332,-0.7272831311512942,0.6331535577774048,0.6331535577774048,0.6197070267795848,0.11848967665327459,0.31209804417618703,0.578889143205922,-0.06863897293806076,-0.06863897293806076,-0.08564126039520836,0.6263953447341919,0.6263953447341919,0.6338216220340289,-0.6149926781654358,-0.6149926781654358,-0.604066529335471,1.7312790155410767,1.7312790155410767,1.7477302204928655,0.3741283118724823,0.3741283118724823,0.3728923476005175,0.5519157648086548,0.5519157648086548,0.55561913481346,0.06856702268123627,0.06856702268123627,0.047112230106050035,-0.18198761539799846,-0.18198761539799846,-0.2630273899443054
142,7.113757371902466,0.03416697308421135,0.03416697308421135,0.046730754558632626,-0.2813997268676758,-0.2813997268676758,-0.3088044556343945,0.2777470648288727,0.2777470648288727,0.29774166475928787,1.9492346048355103,1.9492346048355103,1.9422827496757442,-0.8384065628051758,-0.8384065628051758,-0.8146410315098809,-0.7290154099464417,-0.7290154099464417,-0.7269016556038768,0.6471046805381775,0.6471046805381775,0.6368734264133682,0.09310525096207867,0.21209804417618702,0.4793240253299782,-0.06411083042621613,-0.06411083042621613,-0.08564126039520836,0.6259750127792358,0.6259750127792358,0.6326771953917767,-0.6194379925727844,-0.6194379925727844,-0.6044480048828884,1.726231575012207,1.726231575012207,1.7431525139238566,0.37028056383132935,0.37028056383132935,0.3698405432211782,0.5475766062736511,0.5475766062736511,0.5552376592660426,0.08048965781927109,0.08048965781927109,0.05741206988632008,-0.10030447727867542,-0.10030447727867542,-0.26035706111238355
143,7.1640660762786865,0.03138357773423195,0.03138357773423195,0.047112230106050035,-0.27779367566108704,-0.27779367566108704,-0.3000305180437941,0.26666367053985596,0.26666367053985596,0.28400854505226114,1.95637845993042,1.95637845993042,1.9426642252231616,-0.8419147729873657,-0.8419147729873657,-0.8169298847943853,-0.7122825384140015,-0.7122825384140015,-0.7257572289616245,0.6522332429885864,0.6522332429885864,0.6498435950255601,0.09452922229043081,0.11209804417618702,0.38815136949721385,-0.06151220202445984,-0.06151220202445984,-0.08487830930037354,0.6256362795829773,0.6256362795829773,0.6280994888227678,-0.6238224506378174,-0.6238224506378174,-0.6048294804303058,1.7191808223724365,1.7191808223724365,1.7347600518806736,0.35383084416389465,0.35383084416389465,0.3660257877470041,0.5587689280509949,0.5587689280509949,0.5529488059815382,0.0866381973028183,0.0866381973028183,0.06961928740367718,-1.2280859232374604,-0.20030447727867542,-0.22831311512932118
144,7.213940143585205,0.030229942873120308,0.030229942873120308,0.04596780346379781,-0.27625182271003723,-0.27625182271003723,-0.28896772716868924,0.25855353474617004,0.25855353474617004,0.2729457541771563,1.9655687808990479,1.9655687808990479,1.9426642252231616,-0.8480357527732849,-0.8480357527732849,-0.8222705424582291,-0.7051275968551636,-0.7051275968551636,-0.7097352559700933,0.6515299081802368,0.6515299081802368,0.652513923857482,0.09216072094280814,0.09216072094280814,0.3023193713282968,-0.05964597687125206,-0.05964597687125206,-0.07991912718394723,0.6216698288917542,0.6216698288917542,0.6250476844434285,-0.6238315105438232,-0.6238315105438232,-0.6109330891889844,1.7088898420333862,1.7088898420333862,1.7275120164797428,0.3527487516403198,0.3527487516403198,0.3480964370183859,0.5657168626785278,0.5657168626785278,0.5582894636453819,0.08953462541103363,0.08953462541103363,0.07419699397268609,-1.295333585398538,-0.30030447727867543,-0.22716868848706895
145,7.263962984085083,0.030176088213920593,0.030176088213920593,0.04367895017929335,-0.273246705532074,-0.273246705532074,-0.2824826428625933,0.2515137195587158,0.2515137195587158,0.2645532921339733,1.969856858253479,1.969856858253479,1.9438086518654139,-0.8538594841957092,-0.8538594841957092,-0.8318074311436643,-0.7050665020942688,-0.7050665020942688,-0.7059205004959193,0.649803638458252,0.649803638458252,0.6521324483100646,0.08854531740822957,0.08854531740822957,0.23823147936217204,-0.055701788514852524,-0.055701788514852524,-0.07953765163652982,0.6168109774589539,0.6168109774589539,0.620851453421837,-0.6225824952125549,-0.6225824952125549,-0.6155107957579933,1.6948884725570679,1.6948884725570679,1.7153047989623857,0.3466751277446747,0.3466751277446747,0.34733348592355107,0.5672624111175537,0.5672624111175537,0.5598153658350515,0.09936293959617615,0.09936293959617615,0.07610437170977313,-1.2979081047858512,-0.40030447727867546,-0.23594262607766936
146,7.314043998718262,0.028836790472269058,0.028836790472269058,0.04406042572671076,-0.2686660885810852,-0.2686660885810852,-0.279430838483254,0.2410166710615158,0.2410166710615158,0.25921263447012954,1.96750009059906,1.96750009059906,1.947623407339588,-0.8535799384117126,-0.8535799384117126,-0.8379110399023428,-0.699959933757782,-0.699959933757782,-0.7063019760433367,0.6473951935768127,0.6473951935768127,0.6521324483100646,0.09271934344353427,0.09271934344353427,0.18444342717631734,-0.05257612466812134,-0.05257612466812134,-0.07686732280460795,0.6110280752182007,0.6110280752182007,0.6132219424734888,-0.6236626505851746,-0.6236626505851746,-0.6174181734950803,1.6753966808319092,1.6753966808319092,1.6985198748760197,0.33450284600257874,0.33450284600257874,0.34275577935454216,0.567092776298523,0.567092776298523,0.5605783169298864,0.11587613821029663,0.11587613821029663,0.08602273594262577,-1.2978435172992095,-0.5003044772786754,-0.2706569008926536
147,7.3640899658203125,0.026616837829351425,0.026616837829351425,0.04406042572671076,-0.2627156376838684,-0.2627156376838684,-0.279430838483254,0.22489824891090393,0.22489824891090393,0.2523460746166162,1.9630767107009888,1.9630767107009888,1.9483863584344228,-0.8490732312202454,-0.8490732312202454,-0.8382925154497602,-0.6862260103225708,-0.6862260103225708,-0.70286869611658,0.6430885195732117,0.6430885195732117,0.6517509727626472,0.09248518643687897,0.09248518643687897,0.1497291523613331,-0.05133102461695671,-0.05133102461695671,-0.07343404287785127,0.6029442548751831,0.6029442548751831,0.6033035782406362,-0.6285538673400879,-0.6285538673400879,-0.6174181734950803,1.648406744003296,1.648406744003296,1.674486915388723,0.31705573201179504,0.31705573201179504,0.33016708628976765,0.568102240562439,0.568102240562439,0.560196841382469,0.13616643846035004,0.13616643846035004,0.10585946440833105,-1.2978870361404762,-0.6003044772786754,-0.329785610742352
148,7.414183616638184,0.02510112337768078,0.02510112337768078,0.04406042572671076,-0.25299498438835144,-0.25299498438835144,-0.27676050965133214,0.20278863608837128,0.20278863608837128,0.23823147936217204,1.9571893215179443,1.9571893215179443,1.9483863584344228,-0.8369701504707336,-0.8369701504707336,-0.8360036621652558,-0.6705629825592041,-0.6705629825592041,-0.6872281986724662,0.6347493529319763,0.6347493529319763,0.6513694972152297,0.03468049755905378,0.03468049755905378,0.12951094834821042,-0.04965321719646454,-0.04965321719646454,-0.06847486076142495,0.590746283531189,0.590746283531189,0.5991073472190447,-0.6370445489883423,-0.6370445489883423,-0.6185626001373326,1.6131657361984253,1.6131657361984253,1.6443503471427476,0.30260398983955383,0.30260398983955383,0.30918593118181015,0.5688780546188354,0.5688780546188354,0.5617227435721386,0.16508105397224426,0.16508105397224426,0.1287479972533756,-1.2979999778951918,-0.7003044772786754,-0.4045548180361642
149,7.464282274246216,0.02376341074705124,0.02376341074705124,0.04367895017929335,-0.23588116466999054,-0.23588116466999054,-0.2672236209658969,0.1702822893857956,0.1702822893857956,0.2115281910429534,1.9467875957489014,1.9467875957489014,1.9480048828870054,-0.8052764534950256,-0.8052764534950256,-0.8241779201953161,-0.6522424221038818,-0.6522424221038818,-0.6719691767757698,0.6101552248001099,0.6101552248001099,0.644121461814299,0.0,0.0,0.09632257572289582,-0.04473443329334259,-0.04473443329334259,-0.06313420309758122,0.5751920342445374,0.5751920342445374,0.5884260318913572,-0.6495885848999023,-0.6495885848999023,-0.6239032578011763,1.564378023147583,1.564378023147583,1.604676890211337,0.27326685190200806,0.27326685190200806,0.29621576256961824,0.567959189414978,0.567959189414978,0.562104219119556,0.19154134392738342,0.19154134392738342,0.1623178454261076,-1.2976677149959976,-0.8003044772786754,-0.4915312428473335
150,7.514373540878296,0.020716356113553047,0.020716356113553047,0.042153047989623715,-0.2138342559337616,-0.2138342559337616,-0.24357213702601754,0.1270662099123001,0.1270662099123001,0.17185473411154284,1.9306724071502686,1.9306724071502686,1.9453345540550835,-0.7312886714935303,-0.7552764534950256,-0.78679331654841,-0.6165359020233154,-0.6165359020233154,-0.652513923857482,0.5593665242195129,0.5601552248001098,0.6158922713054107,0.0,0.0,0.061226825360494175,-0.04114791378378868,-0.04114791378378868,-0.05474174105439822,0.5581894516944885,0.5581894516944885,0.5697337300679042,-0.6609329581260681,-0.6609329581260681,-0.6361104753185334,1.5083054304122925,1.514378023147583,1.5508888380254824,0.24573074281215668,0.24573074281215668,0.26379034103913845,0.5784310102462769,0.5784310102462769,0.5624856946669734,0.21020501852035522,0.21020501852035522,0.19016556038757848,-1.2979999778951918,-0.9003044772786754,-0.5884260318913572
151,7.5644919872283936,0.023825788870453835,0.023825788870453835,0.03833829251544962,-0.19116640090942383,-0.19116640090942383,-0.21343556878004222,0.08331828564405441,0.08331828564405441,0.12569619287403633,1.9151062965393066,1.9151062965393066,1.9357976653696483,-0.6410470008850098,-0.7052764534950255,-0.7322423132677205,-0.5662697553634644,-0.5665359020233154,-0.6120775158312366,0.4884258508682251,0.5101552248001098,0.5575265125505471,0.0,0.0,0.03986419470511926,-0.03416847810149193,-0.03416847810149193,-0.04901960784313708,0.5377926826477051,0.5377926826477051,0.5506599526970337,-0.6656187176704407,-0.6656187176704407,-0.6513694972152297,1.4484002590179443,1.464378023147583,1.4921416037232014,0.23118773102760315,0.23118773102760315,0.23441672388799795,0.5868551731109619,0.5868551731109619,0.5731670099946609,0.22639396786689758,0.22639396786689758,0.20237277790493557,-1.2979578406044419,-1.0003044772786753,-0.686083772030214
152,7.61445689201355,0.03294408321380615,0.03294408321380615,0.033379110399023304,-0.16624784469604492,-0.16624784469604492,-0.18329900053406512,0.045395370572805405,0.045395370572805405,0.07572289616235572,1.8959259986877441,1.8959259986877441,1.9193942168306997,-0.5347846150398254,-0.6552764534950255,-0.6815060654612051,-0.508838415145874,-0.5165359020233153,-0.5540932326237886,0.3951672911643982,0.4601552248001098,0.5029755092698576,0.0,0.0,0.023842221713588074,-0.02073882333934307,-0.02073882333934307,-0.04940108339055449,0.5175682902336121,0.5175682902336121,0.5266269932097369,-0.661999523639679,-0.661999523639679,-0.6574731059739083,1.3879969120025635,1.4143780231475829,1.436827649347677,0.22255349159240723,0.22255349159240723,0.22259098191805826,0.5890502333641052,0.5890502333641052,0.5811779964904265,0.24615387618541718,0.24615387618541718,0.21496147096971008,-1.2978590597425192,-1.1003044772786754,-0.7837415121690707
153,7.664504528045654,0.04428183287382126,0.04428183287382126,0.03185320820935367,-0.14101189374923706,-0.14101189374923706,-0.1615548943312728,0.015085866674780846,0.015085866674780846,0.029564354924849212,1.8658058643341064,1.8658058643341064,1.8980315861753247,-0.4193989634513855,-0.6052764534950255,-0.6315327687495245,-0.43422433733940125,-0.46653590202331535,-0.5014496070801862,0.2920609414577484,0.4101552248001098,0.4491874570840029,0.0,0.0,0.018120088502326936,-0.003051348263397813,-0.003051348263397813,-0.04787518120088485,0.5018629431724548,0.5018629431724548,0.5014496070801879,-0.6493015885353088,-0.6493015885353088,-0.6574731059739083,1.3334887027740479,1.3643780231475828,1.3830395971618223,0.22431467473506927,0.22431467473506927,0.21496147096971008,0.5823109745979309,0.5823109745979309,0.5819409475852613,0.2688731551170349,0.2688731551170349,0.23365377279316313,-1.2978632043940683,-1.2003044772786755,-0.8810177767605101
154,7.714622497558594,0.05637866258621216,0.05637866258621216,0.03490501258869294,-0.11789511889219284,-0.11789511889219284,-0.14400701915007197,-0.004979459568858147,-0.004979459568858147,-0.004768444342717615,1.8273240327835083,1.8273240327835083,1.8663691157396798,-0.31359776854515076,-0.5552764534950254,-0.5834668497749291,-0.3409086763858795,-0.41653590202331536,-0.45147631036850555,0.19215135276317596,0.3601552248001098,0.39845120927748745,0.0,0.0,0.017738612954909527,0.015677429735660553,0.015677429735660553,-0.03528648813611035,0.49404874444007874,0.49404874444007874,0.48237582970931747,-0.6275277733802795,-0.6275277733802795,-0.6574731059739083,1.2928552627563477,1.3143780231475828,1.3311589227130547,0.23848584294319153,0.23848584294319153,0.2157244220645449,0.5634209513664246,0.5634209513664246,0.5804150453955916,0.29289010167121887,0.29289010167121887,0.25616083009079027,-1.2979630214188784,-1.2979630214188784,-0.9802014190890365
155,7.76466965675354,0.066536545753479,0.066536545753479,0.04406042572671076,-0.09542769193649292,-0.09542769193649292,-0.12378881513694928,-0.014553561806678772,-0.014553561806678772,-0.024605172808422893,1.7827136516571045,1.7827136516571045,1.8228809033340951,-0.22804148495197296,-0.5052764534950254,-0.5342565041580833,-0.24837394058704376,-0.3665359020233154,-0.40074006256199013,0.101313017308712,0.3101552248001098,0.345426108186464,0.0,0.0,0.008964675364309116,0.032385725528001785,0.032385725528001785,-0.01583123521782248,0.4954776465892792,0.4954776465892792,0.4701686121919604,-0.5977553725242615,-0.5977553725242615,-0.6498435950255601,1.272465467453003,1.272465467453003,1.2823300526436263,0.2660650312900543,0.2660650312900543,0.2286945906767368,0.5288079380989075,0.5288079380989075,0.5636301213092256,0.316240519285202,0.316240519285202,0.2817196917677567,-1.2979999778951918,-1.2979999778951918,-1.0770962081330584
156,7.8147265911102295,0.0707191750407219,0.0707191750407219,0.05741206988632008,-0.07335475832223892,-0.07335475832223892,-0.10280766002899178,-0.017430981621146202,-0.017430981621146202,-0.02994583047226662,1.7298582792282104,1.7327136516571044,1.7690928511482404,-0.16842056810855865,-0.4552764534950254,-0.4831387808041505,-0.1738947182893753,-0.3165359020233154,-0.3496223392080573,0.021775176748633385,0.26015522480010983,0.2981231403067053,0.0,0.0,0.0013351644159609322,0.04537240415811539,0.04537240415811539,0.005149919890135024,0.5044070482254028,0.5044070482254028,0.46826123445487333,-0.5630151629447937,-0.5630151629447937,-0.6303883421072722,1.27228581905365,1.27228581905365,1.2441824979018854,0.30294981598854065,0.30294981598854065,0.2584496833752947,0.47650232911109924,0.4788079380989075,0.5281528953994066,0.3387632966041565,0.3387632966041565,0.3030823224231316,-1.2979999778951918,-1.2979999778951918,-1.1385137712672613
157,7.864725828170776,0.06808627396821976,0.06808627396821976,0.070382238498512,-0.05457348749041557,-0.05457348749041557,-0.07991912718394723,-0.018152179196476936,-0.018152179196476936,-0.028038452735179575,1.6706559658050537,1.6827136516571044,1.7088197146562898,-0.12730178236961365,-0.4052764534950254,-0.43011367971313064,-0.11900313198566437,-0.2665359020233154,-0.3007934691386289,-0.04518064856529236,0.21015522480010984,0.2538719768062858,0.0,0.0,-0.000953688868543523,0.0531303770840168,0.0531303770840168,0.018883039597161755,0.5171147584915161,0.5171147584915161,0.4751277943083867,-0.5273894667625427,-0.5273894667625427,-0.5918593118181139,1.288825511932373,1.288825511932373,1.2441824979018854,0.34374988079071045,0.34374988079071045,0.2988860914015401,0.40700891613960266,0.4288079380989075,0.4713130388342126,0.35987505316734314,0.35987505316734314,0.3233005264362543,-1.297831428732191,-1.297831428732191,-1.1770428015564196
158,7.914957523345947,0.06050547584891319,0.06050547584891319,0.07801174944686018,-0.04097795486450195,-0.04097795486450195,-0.05474174105439822,-0.018931621685624123,-0.018931621685624123,-0.024605172808422893,1.6113165616989136,1.6327136516571044,1.6481651026169217,-0.10248616337776184,-0.3552764534950254,-0.3789959563591978,-0.07970861345529556,-0.2165359020233154,-0.2500572213321135,-0.09791938960552216,0.16015522480010985,0.20885786221103153,0.0,0.0,-0.000953688868543523,0.05555395781993866,0.05555395781993866,0.026894026092927348,0.5282328128814697,0.5282328128814697,0.49343862058442234,-0.49424102902412415,-0.49424102902412415,-0.5411230640115967,1.3152399063110352,1.3152399063110352,1.2659266041046777,0.3831045627593994,0.3831045627593994,0.3446631570916292,0.3230307102203369,0.3788079380989075,0.41981383993286236,0.37881290912628174,0.37881290912628174,0.34618905928129884,-1.2975461385505542,-1.2975461385505542,-1.2018387121385512
159,7.9649128913879395,0.050047002732753754,0.050047002732753754,0.07763027389944277,-0.03217238560318947,-0.03217238560318947,-0.03528648813611035,-0.020010778680443764,-0.020010778680443764,-0.02117189288166621,1.5574520826339722,1.5827136516571043,1.5928511482413974,-0.0875868946313858,-0.3052764534950254,-0.3294041351949346,-0.05240952968597412,-0.16653590202331542,-0.20237277790493735,-0.1384638398885727,0.11015522480010985,0.1623178454261076,0.0,0.0,-0.000953688868543523,0.054328590631484985,0.054328590631484985,0.03643091477836258,0.5328360795974731,0.5328360795974731,0.5148012512397973,-0.4661458432674408,-0.4661458432674408,-0.4953459983215076,1.3436610698699951,1.3436610698699951,1.2968261234454879,0.4146342873573303,0.4146342873573303,0.3858625162127094,0.23133455216884613,0.3288079380989075,0.36755168993667375,0.39444446563720703,0.39444446563720703,0.36678873884183893,-1.297422144391707,-1.297422144391707,-1.2136644541084909
160,8.015052795410156,0.03838891535997391,0.03838891535997391,0.07114518959334681,-0.02697296068072319,-0.02697296068072319,-0.026894026092927348,-0.020860888063907623,-0.020860888063907623,-0.018120088502326936,1.511694073677063,1.5327136516571043,1.5451667048142212,-0.07825090736150742,-0.2552764534950254,-0.2801937895780888,-0.0347883403301239,-0.11653590202331542,-0.1539253833829246,-0.16976551711559296,0.06015522480010985,0.11158159761959219,0.0,0.0,-0.000953688868543523,0.05213278904557228,0.05213278904557228,0.047112230106050035,0.5283535718917847,0.5283535718917847,0.5308232242313284,-0.4449523985385895,-0.4449523985385895,-0.45529106584267964,1.3671692609786987,1.3671692609786987,1.331540398260472,0.438479483127594,0.438479483127594,0.41866941329061014,0.13898414373397827,0.2788079380989075,0.31757839322499315,0.40633469820022583,0.40633469820022583,0.38395513847562235,-1.297379661713328,-1.297379661713328,-1.2190051117723346
161,8.0650794506073,0.02713725157082081,0.02713725157082081,0.0581750209811549,-0.02400512993335724,-0.02400512993335724,-0.024986648355840302,-0.021677566692233086,-0.021677566692233086,-0.017357137407492118,1.4756759405136108,1.4827136516571042,1.49824521248188,-0.07253529131412506,-0.20527645349502543,-0.23289082169833009,-0.02417203225195408,-0.06653590202331541,-0.10471503776607882,-0.19356904923915863,0.010155224800109844,0.06008239871824195,0.0,0.0,-0.000953688868543523,0.050852220505476,0.050852220505476,0.051308461127641536,0.5154907703399658,0.5154907703399658,0.5350194552529199,-0.4300798773765564,-0.4300798773765564,-0.4251544975967043,1.3825879096984863,1.3825879096984863,1.3624399176012822,0.45600372552871704,0.45600372552871704,0.4423208972304895,0.050673920661211014,0.22880793809890754,0.2656977187762255,0.41460108757019043,0.41460108757019043,0.39883268482490486,-1.2974711894350395,-1.2974711894350395,-1.2319752803845265
162,8.11517071723938,0.018078206107020378,0.018078206107020378,0.042534523537041125,-0.022395992651581764,-0.022395992651581764,-0.02536812390325771,-0.02170782908797264,-0.02170782908797264,-0.018883039597161755,1.4528738260269165,1.4528738260269165,1.451705195696956,-0.06671616435050964,-0.15527645349502545,-0.18368047608148252,-0.015669504180550575,-0.01653590202331541,-0.05321583886472858,-0.2047753632068634,-0.03984477519989016,0.007820248722056888,0.0,0.0,-0.0005722133211261138,0.05264465883374214,0.05264465883374214,0.05321583886472858,0.4967927932739258,0.4967927932739258,0.5262455176623195,-0.4199817478656769,-0.4199817478656769,-0.4110399023422602,1.3876233100891113,1.3876233100891113,1.382658121614405,0.4687115252017975,0.4687115252017975,0.45681696803235106,-0.029803192242980003,0.17880793809890755,0.21496147096971008,0.420265257358551,0.420265257358551,0.4095140001525923,-1.2976214330536981,-1.2976214330536981,-1.2319752803845265
163,8.165193319320679,0.011757463216781616,0.011757463216781616,0.03070878156710144,-0.021227408200502396,-0.021227408200502396,-0.02536812390325771,-0.019672460854053497,-0.019672460854053497,-0.020027466239413982,1.4448790550231934,1.4448790550231934,1.4230945296406503,-0.05978260561823845,-0.10527645349502544,-0.13408865491721933,-0.008411219343543053,-0.008411219343543053,-0.0013351644159609322,-0.2009129524230957,-0.08984477519989016,-0.03986419470511926,0.0,0.0,-0.0005722133211261138,0.058852676302194595,0.058852676302194595,0.05283436331731117,0.4753170907497406,0.4753170907497406,0.5029755092698576,-0.4135369062423706,-0.4135369062423706,-0.40646219577325127,1.381717562675476,1.381717562675476,1.3868543526359964,0.47657307982444763,0.47657307982444763,0.4667353322652037,-0.09872528910636902,0.12880793809890756,0.16689555199511652,0.4244920015335083,0.4244920015335083,0.4159990844586883,-1.297738864847592,-1.297738864847592,-1.2319752803845265
164,8.21534013748169,0.00795856025069952,0.00795856025069952,0.028419928282596985,-0.019518712535500526,-0.019518712535500526,-0.028038452735179575,-0.015594073571264744,-0.015594073571264744,-0.0207904173342488,1.4509449005126953,1.4509449005126953,1.4196612497138936,-0.0512426421046257,-0.05527645349502544,-0.08525978484779095,-0.0030661907512694597,-0.0030661907512694597,-0.002861066605630569,-0.1822449117898941,-0.13984477519989016,-0.09021896696421727,0.0,0.0,-0.0005722133211261138,0.06958317756652832,0.06958317756652832,0.052071412222476354,0.452897846698761,0.452897846698761,0.46864271000229074,-0.40850991010665894,-0.40850991010665894,-0.4068436713206687,1.3650624752044678,1.3650624752044678,1.3830395971618223,0.4819026291370392,0.4819026291370392,0.4720759899290474,-0.15395981073379517,0.07880793809890756,0.11806668192568814,0.42852717638015747,0.42852717638015747,0.41485465781643605,-1.297845244237355,-1.297845244237355,-1.2319752803845265
165,8.265388250350952,0.006174558307975531,0.006174558307975531,0.027275501640344757,-0.017029669135808945,-0.017029669135808945,-0.027656977187762166,-0.01012988481670618,-0.01012988481670618,-0.018120088502326936,1.468781590461731,1.468781590461731,1.4257648584725722,-0.04081415757536888,-0.04081415757536888,-0.03566796368352776,0.0008756154566071928,0.0008756154566071928,-0.0024795910582131597,-0.14989158511161804,-0.14989158511161804,-0.14400701915007197,0.0,0.0,-0.0001907377737087046,0.08414778858423233,0.08414778858423233,0.05321583886472858,0.43157297372817993,0.43157297372817993,0.4327840085450543,-0.40367022156715393,-0.40367022156715393,-0.4076066224155035,1.3396614789962769,1.3396614789962769,1.3670176241702912,0.48624205589294434,0.48624205589294434,0.4751277943083867,-0.19740314781665802,0.028807938098907554,0.06961928740367718,0.4331459403038025,0.4331459403038025,0.41828793774319273,-1.2978676944332466,-1.2978676944332466,-1.2319752803845265
166,8.315470218658447,0.0057323700748384,0.0057323700748384,0.027656977187762166,-0.013905190862715244,-0.013905190862715244,-0.027275501640344757,-0.0035204601008445024,-0.0035204601008445024,-0.01201647974364839,1.4954339265823364,1.4954339265823364,1.447127489127947,-0.028303464874625206,-0.028303464874625206,-0.02574959945067512,0.004332216456532478,0.004332216456532478,-0.0020981155107957505,-0.10497035831212997,-0.10497035831212997,-0.14667734798199383,0.0,0.0,-0.0001907377737087046,0.10173959285020828,0.10173959285020828,0.06389715419241604,0.41235584020614624,0.41235584020614624,0.4003585870145745,-0.39924004673957825,-0.39924004673957825,-0.4076066224155035,1.3080006837844849,1.3080006837844849,1.3384069581139855,0.48942363262176514,0.48942363262176514,0.47665369649805633,-0.2304438054561615,-0.02119206190109245,0.02155336842908362,0.4385664761066437,0.4385664761066437,0.4221026932173668,-1.2978497342765334,-1.2978497342765334,-1.2319752803845265
167,8.365490674972534,0.004677703138440847,0.004677703138440847,0.02651255054550994,-0.010321815498173237,-0.010321815498173237,-0.027656977187762166,0.002190971514210105,0.002190971514210105,-0.004386968795300206,1.5215785503387451,1.5215785503387451,1.4795529106584269,-0.018862418830394745,-0.018862418830394745,-0.018501564049744346,0.004582912195473909,0.004582912195473909,0.0005722133211261138,-0.06127781420946121,-0.06127781420946121,-0.08869306477454764,0.0,0.0,-0.0001907377737087046,0.12059879302978516,0.12059879302978516,0.08220798046845168,0.3954618275165558,0.3954618275165558,0.3774700541695264,-0.3957628011703491,-0.3957628011703491,-0.4076066224155035,1.2741971015930176,1.2741971015930176,1.2983520256351575,0.4915875494480133,0.4915875494480133,0.4793240253299782,-0.2544601261615753,-0.07119206190109245,-0.028801403830014394,0.44467613101005554,0.44467613101005554,0.4259174486915409,-1.2978265933053836,-1.2978265933053836,-1.2319752803845265
168,8.415525913238525,0.0035982951521873474,0.0035982951521873474,0.024605172808422893,-0.007377630099654198,-0.007377630099654198,-0.02651255054550994,0.005446058232337236,0.005446058232337236,0.000953688868543523,1.5428202152252197,1.5428202152252197,1.510452429999237,-0.012134152464568615,-0.012134152464568615,-0.01163500419623098,0.0037116692401468754,0.0037116692401468754,0.000953688868543523,-0.025791896507143974,-0.025791896507143974,-0.042153047989623715,0.0,0.0,-0.0001907377737087046,0.1374860554933548,0.1374860554933548,0.10318913557640919,0.38085368275642395,0.38085368275642395,0.36717021438925634,-0.3957650661468506,-0.3957650661468506,-0.4072251468680861,1.2449276447296143,1.2449276447296143,1.2575341420614947,0.4925025999546051,0.4925025999546051,0.48161287861448265,-0.2739860713481903,-0.12119206190109245,-0.08144502937361686,0.44666653871536255,0.44666653871536255,0.429732204165715,-1.2978075969857832,-1.2978075969857832,-1.2319752803845265
169,8.46565866470337,0.0032123050186783075,0.0032123050186783075,0.02193484397650103,-0.0058004907332360744,-0.0058004907332360744,-0.02040894178683139,0.006485143210738897,0.006485143210738897,0.0024795910582131597,1.5575932264328003,1.5575932264328003,1.535629816128786,-0.007813620381057262,-0.007813620381057262,-0.005531395437552433,0.0039373282343149185,0.0039373282343149185,0.0005722133211261138,-0.00011744177754735574,-0.00011744177754735574,-0.008201724269474298,0.0,0.0,-0.0001907377737087046,0.14819419384002686,0.14819419384002686,0.12302586404211446,0.36866381764411926,0.36866381764411926,0.36259250782024743,-0.4014531075954437,-0.4014531075954437,-0.4068436713206687,1.2294669151306152,1.2294669151306152,1.227016098268102,0.4915410876274109,0.4915410876274109,0.48504615854123934,-0.29145094752311707,-0.17119206190109246,-0.13218127718013228,0.4373660981655121,0.4373660981655121,0.4301136797131324,-1.2978801283878942,-1.2978801283878942,-1.2319752803845265
170,8.51568341255188,0.0036454552318900824,0.0036454552318900824,0.018120088502326936,-0.005298365838825703,-0.005298365838825703,-0.013160906385900617,0.006550770718604326,0.006550770718604326,0.0024795910582131597,1.566292643547058,1.566292643547058,1.550507362478065,-0.005731061100959778,-0.005731061100959778,0.0001907377737087046,0.005032496061176062,0.005032496061176062,0.0005722133211261138,0.01618022657930851,0.01618022657930851,0.013160906385900617,0.0,0.0,-0.0001907377737087046,0.14956724643707275,0.14956724643707275,0.13447013046463674,0.36019086837768555,0.36019086837768555,0.3618295567254126,-0.41218703985214233,-0.41218703985214233,-0.40646219577325127,1.23748779296875,1.23748779296875,1.2144274052033275,0.4883853793144226,0.4883853793144226,0.4877164873731612,-0.3100726902484894,-0.22119206190109247,-0.18177309834439548,0.4107954800128937,0.4107954800128937,0.421339742122532,-1.2979999778951918,-1.2979999778951918,-1.232356755931944
171,8.56580376625061,0.004405120387673378,0.004405120387673378,0.013542381933318026,-0.005312828812748194,-0.005312828812748194,-0.011253528648813571,0.0060937171801924706,0.0060937171801924706,0.005149919890135024,1.5695472955703735,1.5695472955703735,1.554322117952239,-0.005997492931783199,-0.005997492931783199,0.0005722133211261138,0.005359726492315531,0.005359726492315531,0.000953688868543523,0.02272241935133934,0.02272241935133934,0.022697795071335847,0.0,0.0,-0.0001907377737087046,0.1420617699623108,0.1420617699623108,0.1367589837491412,0.3569645285606384,0.3569645285606384,0.35954070344090816,-0.4264230728149414,-0.4264230728149414,-0.4076066224155035,1.2719571590423584,1.2719571590423584,1.2209124895094234,0.482400506734848,0.482400506734848,0.48619058518349156,-0.3316110372543335,-0.27119206190109246,-0.23289082169833009,0.3666084110736847,0.3666084110736847,0.39501792935073077,-1.2979999778951918,-1.2979999778951918,-1.232356755931944
172,8.615854501724243,0.00558829540386796,0.00558829540386796,0.012779430838483208,-0.005602870136499405,-0.005602870136499405,-0.011253528648813571,0.005645790137350559,0.005645790137350559,0.006294346532387252,1.5708374977111816,1.5708374977111816,1.554322117952239,-0.005960859823971987,-0.005960859823971987,0.0001907377737087046,0.005804977845400572,0.005804977845400572,0.000953688868543523,0.025329431518912315,0.025329431518912315,0.027656977187762166,0.0,0.0,-0.0001907377737087046,0.1287875920534134,0.1287875920534134,0.12951094834821042,0.3588661551475525,0.3588661551475525,0.3568703746089863,-0.4433341920375824,-0.4433341920375824,-0.4167620355535213,1.3280408382415771,1.3219571590423584,1.2548638132295729,0.4739491939544678,0.4739491939544678,0.4827573052567349,-0.3562331199645996,-0.32119206190109245,-0.2832455939574281,0.3068690598011017,0.3166084110736847,0.34275577935454216,-1.2979999778951918,-1.2979999778951918,-1.232356755931944
173,8.665939807891846,0.006528688594698906,0.006528688594698906,0.014305333028152845,-0.005841908045113087,-0.005841908045113087,-0.011253528648813571,0.005574320442974567,0.005574320442974567,0.006294346532387252,1.571650743484497,1.571650743484497,1.554322117952239,-0.005924617405980825,-0.005924617405980825,0.0005722133211261138,0.006301446817815304,0.006301446817815304,0.000953688868543523,0.026938902214169502,0.026938902214169502,0.03185320820935367,0.0,0.0,-0.0001907377737087046,0.11451095342636108,0.11451095342636108,0.11501487754634887,0.36506685614585876,0.36506685614585876,0.3572518501564037,-0.4578205645084381,-0.4578205645084381,-0.436980239566644,1.3955422639846802,1.3719571590423585,1.307125963225758,0.4653864800930023,0.4653864800930023,0.4751277943083867,-0.37840399146080017,-0.37119206190109244,-0.3328374151216913,0.24133147299289703,0.2666084110736847,0.28858625162127005,-1.2979999778951918,-1.2979999778951918,-1.232356755931944
174,8.71601152420044,0.006948893889784813,0.006948893889784813,0.013923857480735435,-0.005851585417985916,-0.005851585417985916,-0.011253528648813571,0.005836591124534607,0.005836591124534607,0.006294346532387252,1.5725014209747314,1.5725014209747314,1.554322117952239,-0.005881293211132288,-0.005881293211132288,0.0005722133211261138,0.006395073141902685,0.006395073141902685,0.000953688868543523,0.02798091061413288,0.02798091061413288,0.03528648813611035,0.0,0.0,-0.0001907377737087046,0.10401260107755661,0.10401260107755661,0.0997558556496525,0.3756750822067261,0.3756750822067261,0.3568703746089863,-0.46543169021606445,-0.46543169021606445,-0.4583428702220189,1.4627186059951782,1.4219571590423585,1.3700694285496304,0.4569524824619293,0.4569524824619293,0.4671168078126211,-0.3965950310230255,-0.3965950310230255,-0.38014038300145003,0.18163779377937317,0.21660841107368473,0.23861295490958945,-1.2979999778951918,-1.2979999778951918,-1.232356755931944
175,8.766110181808472,0.0069151041097939014,0.0069151041097939014,0.013923857480735435,-0.005722633562982082,-0.005722633562982082,-0.011253528648813571,0.006051386706531048,0.006051386706531048,0.006294346532387252,1.5731762647628784,1.5731762647628784,1.554322117952239,-0.005899251904338598,-0.005899251904338598,0.0005722133211261138,0.00610504113137722,0.00610504113137722,0.000953688868543523,0.02826407365500927,0.02826407365500927,0.03528648813611035,0.0,0.0,-0.0001907377737087046,0.09975830465555191,0.09975830465555191,0.08793011367971282,0.38769397139549255,0.38769397139549255,0.3572518501564037,-0.4662390947341919,-0.4662390947341919,-0.4732204165712979,1.5159415006637573,1.4719571590423586,1.4299610894941637,0.4506942927837372,0.4506942927837372,0.4583428702220207,-0.40895548462867737,-0.40895548462867737,-0.3942549782558942,0.13852183520793915,0.16660841107368474,0.18978408484016107,-1.2979999778951918,-1.2979999778951918,-1.2327382314793613
176,8.81614375114441,0.006711364258080721,0.006711364258080721,0.013923857480735435,-0.005641786847263575,-0.005641786847263575,-0.011253528648813571,0.006013374775648117,0.006013374775648117,0.006294346532387252,1.5734044313430786,1.5734044313430786,1.554322117952239,-0.0059367637149989605,-0.0059367637149989605,0.0005722133211261138,0.005906929261982441,0.005906929261982441,0.000953688868543523,0.028005346655845642,0.028005346655845642,0.03566796368352776,0.0,0.0,-0.0001907377737087046,0.09953807294368744,0.09953807294368744,0.0829709315632865,0.3977614641189575,0.3977614641189575,0.3576333257038211,-0.46372443437576294,-0.46372443437576294,-0.4739833676661327,1.549527883529663,1.5219571590423586,1.4795529106584269,0.44829240441322327,0.44829240441322327,0.4495689326314203,-0.41581952571868896,-0.41581952571868896,-0.3988326848249031,0.11305475234985352,0.11660841107368473,0.14019226367589788,-1.2979999778951918,-1.2979999778951918,-1.2331197070267788
177,8.86611557006836,0.006588045507669449,0.006588045507669449,0.013923857480735435,-0.005678027868270874,-0.005678027868270874,-0.011253528648813571,0.005882589612156153,0.005882589612156153,0.006294346532387252,1.5732662677764893,1.5732662677764893,1.554322117952239,-0.005938907153904438,-0.005938907153904438,0.0005722133211261138,0.006003985647112131,0.006003985647112131,0.000953688868543523,0.02770523726940155,0.02770523726940155,0.03566796368352776,0.0,0.0,-0.0001907377737087046,0.100246362388134,0.100246362388134,0.0829709315632865,0.40478765964508057,0.40478765964508057,0.3660257877470041,-0.4600622355937958,-0.4600622355937958,-0.4732204165712979,1.5660849809646606,1.5660849809646606,1.5264744029907682,0.44887349009513855,0.44887349009513855,0.44880598153658546,-0.4179430305957794,-0.4179430305957794,-0.40493629358358163,0.10202836990356445,0.10202836990356445,0.0913633936064695,-1.2979909978168354,-1.2979909978168354,-1.2357900358587006
178,8.916258811950684,0.006608190480619669,0.006608190480619669,0.013542381933318026,-0.005741132888942957,-0.005741132888942957,-0.011253528648813571,0.005855394061654806,0.005855394061654806,0.006294346532387252,1.5730637311935425,1.5730637311935425,1.554322117952239,-0.005897014867514372,-0.005897014867514372,0.0005722133211261138,0.006185885984450579,0.006185885984450579,0.000953688868543523,0.027631014585494995,0.027631014585494995,0.03566796368352776,0.0,0.0,-0.0001907377737087046,0.10046990215778351,0.10046990215778351,0.08373388265812132,0.4089609980583191,0.4089609980583191,0.37975890745403085,-0.4576703608036041,-0.4576703608036041,-0.47207598992904565,1.5713367462158203,1.5713367462158203,1.569199664301518,0.4498836398124695,0.4498836398124695,0.44880598153658546,-0.4186159074306488,-0.4186159074306488,-0.40569924467841645,0.09970464557409286,0.09970464557409286,0.08754863813229541,-1.2979502420766016,-1.2979502420766016,-1.2357900358587006
179,8.96634817123413,0.0066866325214505196,0.0066866325214505196,0.013923857480735435,-0.005743682384490967,-0.005743682384490967,-0.011253528648813571,0.005908981431275606,0.005908981431275606,0.006294346532387252,1.5729998350143433,1.5729998350143433,1.554322117952239,-0.005877426825463772,-0.005877426825463772,0.0005722133211261138,0.006263344548642635,0.006263344548642635,0.000953688868543523,0.027738749980926514,0.027738749980926514,0.03528648813611035,0.0,0.0,-0.0001907377737087046,0.09985928237438202,0.09985928237438202,0.09060044251163468,0.4102155864238739,0.4102155864238739,0.3915846494239741,-0.4576069414615631,-0.4576069414615631,-0.4709315632867934,1.5703623294830322,1.5703623294830322,1.5787365529869533,0.45125123858451843,0.45125123858451843,0.44842450598916805,-0.4184778928756714,-0.4184778928756714,-0.40608072022583386,0.10053911060094833,0.10053911060094833,0.09288929579613914,-1.2979595675425872,-1.2979595675425872,-1.2357900358587006
180,9.016403913497925,0.006729862652719021,0.006729862652719021,0.014305333028152845,-0.005722243804484606,-0.005722243804484606,-0.011253528648813571,0.005963834002614021,0.005963834002614021,0.006294346532387252,1.5730503797531128,1.5730503797531128,1.554322117952239,-0.005884832702577114,-0.005884832702577114,0.0005722133211261138,0.006224608048796654,0.006224608048796654,0.000953688868543523,0.02786697819828987,0.02786697819828987,0.03566796368352776,0.0,0.0,-0.0001907377737087046,0.09845712780952454,0.09845712780952454,0.09746700236514805,0.4100490212440491,0.4100490212440491,0.39349202716106113,-0.45890137553215027,-0.45890137553215027,-0.4694056610971238,1.568704605102539,1.568704605102539,1.5764476997024488,0.4523884057998657,0.4523884057998657,0.44880598153658546,-0.4184098541736603,-0.4184098541736603,-0.40646219577325127,0.10007093101739883,0.10007093101739883,0.09288929579613914,-1.2979809815755914,-1.2979809815755914,-1.2357900358587006
181,9.066437721252441,0.006724413484334946,0.006724413484334946,0.013923857480735435,-0.005718338303267956,-0.005718338303267956,-0.011253528648813571,0.005983165930956602,0.005983165930956602,0.006294346532387252,1.5731189250946045,1.5731189250946045,1.554322117952239,-0.0058811623603105545,-0.0058811623603105545,0.0005722133211261138,0.006158333271741867,0.006158333271741867,0.000953688868543523,0.027904057875275612,0.027904057875275612,0.03528648813611035,0.0,0.0,-0.0001907377737087046,0.09716015309095383,0.09716015309095383,0.09594110017547841,0.409963458776474,0.409963458776474,0.3931105516136437,-0.45987772941589355,-0.45987772941589355,-0.4690241855497064,1.5690101385116577,1.5690101385116577,1.5726329442282747,0.4525694251060486,0.4525694251060486,0.4491874570840029,-0.4186396598815918,-0.4186396598815918,-0.40646219577325127,0.09835261106491089,0.09835261106491089,0.09212634470130432,-1.2979778730869296,-1.2979778730869296,-1.2357900358587006
182,9.116502285003662,0.006701829377561808,0.006701829377561808,0.013923857480735435,-0.005726111587136984,-0.005726111587136984,-0.011253528648813571,0.005960521288216114,0.005960521288216114,0.006294346532387252,1.573149561882019,1.573149561882019,1.554322117952239,-0.005892309360206127,-0.005892309360206127,0.0005722133211261138,0.006161316763609648,0.006161316763609648,0.000953688868543523,0.027862083166837692,0.027862083166837692,0.03528648813611035,0.0,0.0,-0.0001907377737087046,0.09675028175115585,0.09675028175115585,0.09288929579613914,0.4102572202682495,0.4102572202682495,0.3927290760662263,-0.45992007851600647,-0.45992007851600647,-0.4694056610971238,1.5703619718551636,1.5703619718551636,1.5707255664911877,0.4522040784358978,0.4522040784358978,0.4491874570840029,-0.41878312826156616,-0.41878312826156616,-0.40646219577325127,0.09713125228881836,0.09713125228881836,0.09174486915388691,-1.2979889254910608,-1.2979889254910608,-1.2357900358587006
183,9.1666841506958,0.006685394793748856,0.006685394793748856,0.014305333028152845,-0.0057436698116362095,-0.0057436698116362095,-0.011253528648813571,0.005944509524852037,0.005944509524852037,0.006294346532387252,1.5731316804885864,1.5731316804885864,1.554322117952239,-0.005906490609049797,-0.005906490609049797,0.0005722133211261138,0.006214295979589224,0.006214295979589224,0.000953688868543523,0.02782333269715309,0.02782333269715309,0.03566796368352776,0.0,0.0,-0.0001907377737087046,0.09701096266508102,0.09701096266508102,0.09098191805905209,0.4105830192565918,0.4105830192565918,0.3931105516136437,-0.45949748158454895,-0.45949748158454895,-0.4694056610971238,1.571212649345398,1.571212649345398,1.5707255664911877,0.45194610953330994,0.45194610953330994,0.4491874570840029,-0.4187450706958771,-0.4187450706958771,-0.40646219577325127,0.09703926742076874,0.09703926742076874,0.0913633936064695,-1.2979999778951918,-1.2979999778951918,-1.2357900358587006
184,9.216715574264526,0.006687380839139223,0.006687380839139223,0.013923857480735435,-0.0057592252269387245,-0.0057592252269387245,-0.011253528648813571,0.005967108067125082,0.005967108067125082,0.006294346532387252,1.573105812072754,1.573105812072754,1.554322117952239,-0.0059052989818155766,-0.0059052989818155766,0.0005722133211261138,0.0062338984571397305,0.0062338984571397305,0.000953688868543523,0.027813227847218513,0.027813227847218513,0.03528648813611035,0.0,0.0,-0.0001907377737087046,0.09733391553163528,0.09733391553163528,0.09098191805905209,0.41069674491882324,0.41069674491882324,0.3931105516136437,-0.4592103362083435,-0.4592103362083435,-0.4694056610971238,1.5712075233459473,1.5712075233459473,1.5707255664911877,0.4519634246826172,0.4519634246826172,0.4491874570840029,-0.41866403818130493,-0.41866403818130493,-0.40646219577325127,0.09748601913452148,0.09748601913452148,0.09174486915388691,-1.2979958332436428,-1.2979958332436428,-1.2357900358587006
185,9.266719341278076,0.006697385106235743,0.006697385106235743,0.013923857480735435,-0.005755220074206591,-0.005755220074206591,-0.011253528648813571,0.005985026713460684,0.005985026713460684,0.006294346532387252,1.5731022357940674,1.5731022357940674,1.554322117952239,-0.005919037386775017,-0.005919037386775017,0.0005722133211261138,0.006226873025298119,0.006226873025298119,0.000953688868543523,0.027816245332360268,0.027816245332360268,0.03528648813611035,0.0,0.0,-0.0001907377737087046,0.0974210798740387,0.0974210798740387,0.0913633936064695,0.41063976287841797,0.41063976287841797,0.3931105516136437,-0.4592134654521942,-0.4592134654521942,-0.4694056610971238,1.5708703994750977,1.5708703994750977,1.5707255664911877,0.4520815908908844,0.4520815908908844,0.44880598153658546,-0.41862770915031433,-0.41862770915031433,-0.40646219577325127,0.0977877676486969,0.0977877676486969,0.09212634470130432,-1.2979958332436428,-1.2979958332436428,-1.2357900358587006
186,9.316943407058716,0.006700030993670225,0.006700030993670225,0.014305333028152845,-0.005755388177931309,-0.005755388177931309,-0.011253528648813571,0.005986559670418501,0.005986559670418501,0.006294346532387252,1.5731074810028076,1.5731074810028076,1.554322117952239,-0.005940873175859451,-0.005940873175859451,0.0005722133211261138,0.006225035060197115,0.006225035060197115,0.000953688868543523,0.02782994695007801,0.02782994695007801,0.03528648813611035,0.0,0.0,-0.0001907377737087046,0.09734503924846649,0.09734503924846649,0.09098191805905209,0.4105584919452667,0.4105584919452667,0.3931105516136437,-0.4593327045440674,-0.4593327045440674,-0.4694056610971238,1.5706796646118164,1.5706796646118164,1.5707255664911877,0.45214343070983887,0.45214343070983887,0.4491874570840029,-0.4186312258243561,-0.4186312258243561,-0.40646219577325127,0.09778208285570145,0.09778208285570145,0.09174486915388691,-1.2979979055694173,-1.2979979055694173,-1.2357900358587006
187,9.366918563842773,0.006698991637676954,0.006698991637676954,0.013923857480735435,-0.005769597366452217,-0.005769597366452217,-0.011253528648813571,0.005995018873363733,0.005995018873363733,0.006294346532387252,1.5731128454208374,1.5731128454208374,1.554322117952239,-0.005941187497228384,-0.005941187497228384,0.0005722133211261138,0.006223668809980154,0.006223668809980154,0.000953688868543523,0.027832098305225372,0.027832098305225372,0.03528648813611035,0.0,0.0,-0.0001907377737087046,0.09726779162883759,0.09726779162883759,0.09098191805905209,0.4105337858200073,0.4105337858200073,0.3931105516136437,-0.45939838886260986,-0.45939838886260986,-0.4694056610971238,1.5707048177719116,1.5707048177719116,1.5707255664911877,0.45213189721107483,0.45213189721107483,0.4491874570840029,-0.41864240169525146,-0.41864240169525146,-0.40646219577325127,0.0976591408252716,0.0976591408252716,0.09174486915388691,-1.2979985963446756,-1.2979985963446756,-1.2357900358587006
188,9.416944980621338,0.006696509197354317,0.006696509197354317,0.013923857480735435,-0.005774748977273703,-0.005774748977273703,-0.011253528648813571,0.00599650340154767,0.00599650340154767,0.006294346532387252,1.5731154680252075,1.5731154680252075,1.554322117952239,-0.005955640692263842,-0.005955640692263842,0.0005722133211261138,0.006234729662537575,0.006234729662537575,0.000953688868543523,0.027819586917757988,0.027819586917757988,0.03528648813611035,0.0,0.0,-0.0001907377737087046,0.0972537249326706,0.0972537249326706,0.09174486915388691,0.41055330634117126,0.41055330634117126,0.3931105516136437,-0.4593866765499115,-0.4593866765499115,-0.4694056610971238,1.5707916021347046,1.5707916021347046,1.5707255664911877,0.4521038830280304,0.4521038830280304,0.4491874570840029,-0.4186471700668335,-0.4186471700668335,-0.40646219577325127,0.09759213775396347,0.09759213775396347,0.09174486915388691,-1.2979985963446756,-1.2979985963446756,-1.2354085603112832
189,9.467148542404175,0.006694098003208637,0.006694098003208637,0.014305333028152845,-0.005780600011348724,-0.005780600011348724,-0.011253528648813571,0.005999033804982901,0.005999033804982901,0.006294346532387252,1.5731114149093628,1.5731114149093628,1.554322117952239,-0.005974149331450462,-0.005974149331450462,0.0005722133211261138,0.006251491140574217,0.006251491140574217,0.000953688868543523,0.0278210137039423,0.0278210137039423,0.03528648813611035,0.0,0.0,-0.0001907377737087046,0.09727620333433151,0.09727620333433151,0.0913633936064695,0.41057470440864563,0.41057470440864563,0.3931105516136437,-0.45935389399528503,-0.45935389399528503,-0.4694056610971238,1.5708283185958862,1.5708283185958862,1.5707255664911877,0.4520939886569977,0.4520939886569977,0.4491874570840029,-0.4186459481716156,-0.4186459481716156,-0.40646219577325127,0.09760251641273499,0.09760251641273499,0.09174486915388691,-1.2979982509570465,-1.2979982509570465,-1.2357900358587006
190,9.51708722114563,0.006694990675896406,0.006694990675896406,0.013923857480735435,-0.005791944917291403,-0.005791944917291403,-0.011253528648813571,0.006016934290528297,0.006016934290528297,0.006294346532387252,1.5731064081192017,1.5731064081192017,1.554322117952239,-0.005977020598948002,-0.005977020598948002,0.0005722133211261138,0.0062461672350764275,0.0062461672350764275,0.000953688868543523,0.027826815843582153,0.027826815843582153,0.03528648813611035,0.0,0.0,-0.0001907377737087046,0.09729387611150742,0.09729387611150742,0.09098191805905209,0.41057923436164856,0.41057923436164856,0.3931105516136437,-0.45934146642684937,-0.45934146642684937,-0.4694056610971238,1.570813775062561,1.570813775062561,1.5707255664911877,0.45209801197052,0.45209801197052,0.44880598153658546,-0.41864609718322754,-0.41864609718322754,-0.40646219577325127,0.09763306379318237,0.09763306379318237,0.09174486915388691,-1.2979979055694173,-1.2979979055694173,-1.2357900358587006
191,9.567136764526367,0.006696686614304781,0.006696686614304781,0.013923857480735435,-0.005792806390672922,-0.005792806390672922,-0.011253528648813571,0.006022398825734854,0.006022398825734854,0.006294346532387252,1.5731091499328613,1.5731091499328613,1.554322117952239,-0.005999655928462744,-0.005999655928462744,0.0005722133211261138,0.006240958347916603,0.006240958347916603,0.000953688868543523,0.027825988829135895,0.027825988829135895,0.03528648813611035,0.0,0.0,-0.0001907377737087046,0.09729427099227905,0.09729427099227905,0.0913633936064695,0.41057300567626953,0.41057300567626953,0.3931105516136437,-0.4593481123447418,-0.4593481123447418,-0.4694056610971238,1.5707945823669434,1.5707945823669434,1.5707255664911877,0.45210227370262146,0.45210227370262146,0.4491874570840029,-0.41864803433418274,-0.41864803433418274,-0.40646219577325127,0.09764540940523148,0.09764540940523148,0.09174486915388691,-1.2979979055694173,-1.2979979055694173,-1.2357900358587006
192,9.617247581481934,0.006695711053907871,0.006695711053907871,0.013923857480735435,-0.005797590594738722,-0.005797590594738722,-0.011253528648813571,0.006020349450409412,0.006020349450409412,0.006294346532387252,1.5731111764907837,1.5731111764907837,1.554322117952239,-0.006029676180332899,-0.006029676180332899,0.0005722133211261138,0.006250588223338127,0.006250588223338127,0.000953688868543523,0.027832740917801857,0.027832740917801857,0.03528648813611035,0.0,0.0,-0.0001907377737087046,0.09728864580392838,0.09728864580392838,0.0913633936064695,0.410566508769989,0.410566508769989,0.3931105516136437,-0.45935678482055664,-0.45935678482055664,-0.4694056610971238,1.5707871913909912,1.5707871913909912,1.5707255664911877,0.45210549235343933,0.45210549235343933,0.44880598153658546,-0.41864410042762756,-0.41864410042762756,-0.40646219577325127,0.09764087945222855,0.09764087945222855,0.09174486915388691,-1.2979979055694173,-1.2979979055694173,-1.2357900358587006
193,9.66731572151184,0.006695928052067757,0.006695928052067757,0.013923857480735435,-0.005811554845422506,-0.005811554845422506,-0.011253528648813571,0.00603365246206522,0.00603365246206522,0.006294346532387252,1.5731109380722046,1.5731109380722046,1.554322117952239,-0.0060240887105464935,-0.0060240887105464935,0.0005722133211261138,0.006251771468669176,0.006251771468669176,0.000953688868543523,0.027834581211209297,0.027834581211209297,0.03528648813611035,0.0,0.0,-0.0001907377737087046,0.09728497266769409,0.09728497266769409,0.09098191805905209,0.4105657637119293,0.4105657637119293,0.3931105516136437,-0.45935845375061035,-0.45935845375061035,-0.4694056610971238,1.5707910060882568,1.5707910060882568,1.5707255664911877,0.4521039128303528,0.4521039128303528,0.44880598153658546,-0.41864320635795593,-0.41864320635795593,-0.40646219577325127,0.0976329818367958,0.0976329818367958,0.09174486915388691,-1.2979982509570465,-1.2979982509570465,-1.2357900358587006
194,9.717354774475098,0.006697246804833412,0.006697246804833412,0.013923857480735435,-0.005814476404339075,-0.005814476404339075,-0.011253528648813571,0.006038154941052198,0.006038154941052198,0.006294346532387252,1.5731148719787598,1.5731148719787598,1.554322117952239,-0.006031823810189962,-0.006031823810189962,0.0005722133211261138,0.00625927047803998,0.00625927047803998,0.000953688868543523,0.02782600000500679,0.02782600000500679,0.03528648813611035,0.0,0.0,-0.0001907377737087046,0.09728530049324036,0.09728530049324036,0.0913633936064695,0.4105680584907532,0.4105680584907532,0.3931105516136437,-0.45935556292533875,-0.45935556292533875,-0.4694056610971238,1.570796251296997,1.570796251296997,1.5707255664911877,0.4521029591560364,0.4521029591560364,0.44880598153658546,-0.4186443090438843,-0.4186443090438843,-0.40646219577325127,0.09763043373823166,0.09763043373823166,0.09174486915388691,-1.2979982509570465,-1.2979982509570465,-1.2357900358587006
195,9.767406225204468,0.006696143187582493,0.006696143187582493,0.013923857480735435,-0.005819688085466623,-0.005819688085466623,-0.011253528648813571,0.006039360072463751,0.006039360072463751,0.006294346532387252,1.5731137990951538,1.5731137990951538,1.554322117952239,-0.006046288181096315,-0.006046288181096315,0.0005722133211261138,0.006276173051446676,0.006276173051446676,0.000953688868543523,0.027828076854348183,0.027828076854348183,0.03528648813611035,0.0,0.0,-0.0001907377737087046,0.09728623181581497,0.09728623181581497,0.0913633936064695,0.4105704426765442,0.4105704426765442,0.3931105516136437,-0.45935317873954773,-0.45935317873954773,-0.4694056610971238,1.570796251296997,1.570796251296997,1.5707255664911877,0.4521029591560364,0.4521029591560364,0.4491874570840029,-0.4186459481716156,-0.4186459481716156,-0.40646219577325127,0.09763208776712418,0.09763208776712418,0.09174486915388691,-1.2979982509570465,-1.2979982509570465,-1.2357900358587006
196,9.817500114440918,0.00669668847694993,0.00669668847694993,0.013923857480735435,-0.00583251565694809,-0.00583251565694809,-0.011253528648813571,0.006054997909814119,0.006054997909814119,0.006294346532387252,1.5731106996536255,1.5731106996536255,1.554322117952239,-0.006030433811247349,-0.006030433811247349,0.0005722133211261138,0.006279737688601017,0.006279737688601017,0.000953688868543523,0.027831261977553368,0.027831261977553368,0.03528648813611035,0.0,0.0,-0.0001907377737087046,0.09728723019361496,0.09728723019361496,0.09098191805905209,0.4105706512928009,0.4105706512928009,0.3931105516136437,-0.45935317873954773,-0.45935317873954773,-0.4694056610971238,1.570796251296997,1.570796251296997,1.5707255664911877,0.4521026015281677,0.4521026015281677,0.4491874570840029,-0.41864603757858276,-0.41864603757858276,-0.40646219577325127,0.09763360768556595,0.09763360768556595,0.09174486915388691,-1.2979982509570465,-1.2979982509570465,-1.2357900358587006
197,9.867538213729858,0.006697489880025387,0.006697489880025387,0.013923857480735435,-0.005835377145558596,-0.005835377145558596,-0.011253528648813571,0.006060391664505005,0.006060391664505005,0.006294346532387252,1.5731133222579956,1.5731133222579956,1.554322117952239,-0.006024790927767754,-0.006024790927767754,0.0005722133211261138,0.006289449520409107,0.006289449520409107,0.000953688868543523,0.02782737836241722,0.02782737836241722,0.03528648813611035,0.0,0.0,-0.0001907377737087046,0.09728776663541794,0.09728776663541794,0.09098191805905209,0.41056838631629944,0.41056838631629944,0.3931105516136437,-0.4593537747859955,-0.4593537747859955,-0.4694056610971238,1.570796251296997,1.570796251296997,1.5707255664911877,0.4521017372608185,0.4521017372608185,0.44880598153658546,-0.41864481568336487,-0.41864481568336487,-0.40646219577325127,0.0976344645023346,0.0976344645023346,0.09174486915388691,-1.2979982509570465,-1.2979982509570465,-1.2357900358587006
198,9.917581796646118,0.006696401163935661,0.006696401163935661,0.013923857480735435,-0.005840982776135206,-0.005840982776135206,-0.011253528648813571,0.006060327403247356,0.006060327403247356,0.006294346532387252,1.573112964630127,1.573112964630127,1.554322117952239,-0.0060366434045135975,-0.0060366434045135975,0.0005722133211261138,0.006309167016297579,0.006309167016297579,0.000953688868543523,0.027833210304379463,0.027833210304379463,0.03528648813611035,0.0,0.0,-0.0001907377737087046,0.097287617623806,0.097287617623806,0.0913633936064695,0.41056814789772034,0.41056814789772034,0.3931105516136437,-0.4593537747859955,-0.4593537747859955,-0.4694056610971238,1.570796251296997,1.570796251296997,1.5707255664911877,0.45210200548171997,0.45210200548171997,0.44880598153658546,-0.4186429977416992,-0.4186429977416992,-0.40646219577325127,0.09763525426387787,0.09763525426387787,0.09174486915388691,-1.2979982509570465,-1.2979982509570465,-1.2357900358587006
199,9.967658519744873,0.006695950869470835,0.006695950869470835,0.013923857480735435,-0.005853765178471804,-0.005853765178471804,-0.011253528648813571,0.006076326128095388,0.006076326128095388,0.006294346532387252,1.5731096267700195,1.5731096267700195,1.554322117952239,-0.006024911534041166,-0.006024911534041166,0.0005722133211261138,0.006315099541097879,0.006315099541097879,0.000953688868543523,0.02783721685409546,0.02783721685409546,0.03528648813611035,0.0,0.0,-0.0001907377737087046,0.09728702157735825,0.09728702157735825,0.0913633936064695,0.41056814789772034,0.41056814789772034,0.3931105516136437,-0.4593537747859955,-0.4593537747859955,-0.4694056610971238,1.570796251296997,1.570796251296997,1.5707255664911877,0.4521034061908722,0.4521034061908722,0.44880598153658546,-0.4186428189277649,-0.4186428189277649,-0.40646219577325127,0.09763552993535995,0.09763552993535995,0.09174486915388691,-1.2979982509570465,-1.2979982509570465,-1.2357900358587006
200,10.01779294013977,0.0066964891739189625,0.0066964891739189625,0.013923857480735435,-0.005855194292962551,-0.005855194292962551,-0.011253528648813571,0.006082198582589626,0.006082198582589626,0.006294346532387252,1.5731141567230225,1.5731141567230225,1.554322117952239,-0.006033451296389103,-0.006033451296389103,0.0005722133211261138,0.0063210707157850266,0.0063210707157850266,0.000953688868543523,0.027832821011543274,0.027832821011543274,0.03528648813611035,0.0,0.0,-0.0001907377737087046,0.09728642553091049,0.09728642553091049,0.0913633936064695,0.41056814789772034,0.41056814789772034,0.3931105516136437,-0.4593537747859955,-0.4593537747859955,-0.4694056610971238,1.570796251296997,1.570796251296997,1.5707255664911877,0.4521034061908722,0.4521034061908722,0.44880598153658546,-0.41864341497421265,-0.41864341497421265,-0.40646219577325127,0.0976351797580719,0.0976351797580719,0.09174486915388691,-1.2979982509570465,-1.2979982509570465,-1.2357900358587006
201,10.067810535430908,0.006695568561553955,0.006695568561553955,0.013923857480735435,-0.0058595649898052216,-0.0058595649898052216,-0.011253528648813571,0.006082095671445131,0.006082095671445131,0.006294346532387252,1.5731133222579956,1.5731133222579956,1.554322117952239,-0.006054513156414032,-0.006054513156414032,0.0005722133211261138,0.006336155813187361,0.006336155813187361,0.000953688868543523,0.027835937216877937,0.027835937216877937,0.03528648813611035,0.0,0.0,-0.0001907377737087046,0.09728582948446274,0.09728582948446274,0.0913633936064695,0.4105696976184845,0.4105696976184845,0.3931105516136437,-0.4593537747859955,-0.4593537747859955,-0.4694056610971238,1.570796251296997,1.570796251296997,1.5707255664911877,0.4521034061908722,0.4521034061908722,0.44880598153658546,-0.4186442792415619,-0.4186442792415619,-0.40646219577325127,0.09763484448194504,0.09763484448194504,0.09174486915388691,-1.2979982509570465,-1.2979982509570465,-1.2357900358587006
202,10.117809295654297,0.006696125026792288,0.006696125026792288,0.013923857480735435,-0.005871944595128298,-0.005871944595128298,-0.011253528648813571,0.006095726974308491,0.006095726974308491,0.006294346532387252,1.5731098651885986,1.5731098651885986,1.554322117952239,-0.0060549527406692505,-0.0060549527406692505,0.0005722133211261138,0.006337278056889772,0.006337278056889772,0.000953688868543523,0.02783949114382267,0.02783949114382267,0.03528648813611035,0.0,0.0,-0.0001907377737087046,0.097285695374012,0.097285695374012,0.09098191805905209,0.4105696976184845,0.4105696976184845,0.3931105516136437,-0.4593537747859955,-0.4593537747859955,-0.4694056610971238,1.570796251296997,1.570796251296997,1.5707255664911877,0.45210373401641846,0.45210373401641846,0.4491874570840029,-0.41864603757858276,-0.41864603757858276,-0.40646219577325127,0.09763462841510773,0.09763462841510773,0.09174486915388691,-1.2979982509570465,-1.2979982509570465,-1.2357900358587006
203,10.167952299118042,0.00669745821505785,0.00669745821505785,0.013923857480735435,-0.005873566027730703,-0.005873566027730703,-0.011253528648813571,0.006100063677877188,0.006100063677877188,0.006294346532387252,1.5731135606765747,1.5731135606765747,1.554322117952239,-0.0060743470676243305,-0.0060743470676243305,0.0005722133211261138,0.006342078559100628,0.006342078559100628,0.000953688868543523,0.02783624269068241,0.02783624269068241,0.03528648813611035,0.0,0.0,-0.0001907377737087046,0.097285695374012,0.097285695374012,0.09098191805905209,0.4105696976184845,0.4105696976184845,0.3931105516136437,-0.4593537747859955,-0.4593537747859955,-0.4694056610971238,1.570796251296997,1.570796251296997,1.5707255664911877,0.45210203528404236,0.45210203528404236,0.4491874570840029,-0.41864603757858276,-0.41864603757858276,-0.40646219577325127,0.097633957862854,0.097633957862854,0.09174486915388691,-1.2979982509570465,-1.2979982509570465,-1.2357900358587006
204,10.217984437942505,0.006696132943034172,0.006696132943034172,0.013923857480735435,-0.005878094118088484,-0.005878094118088484,-0.011253528648813571,0.006099930498749018,0.006099930498749018,0.006294346532387252,1.5731120109558105,1.5731120109558105,1.554322117952239,-0.006099756341427565,-0.006099756341427565,0.0005722133211261138,0.006355469115078449,0.006355469115078449,0.000953688868543523,0.027843449264764786,0.027843449264764786,0.03528648813611035,0.0,0.0,-0.0001907377737087046,0.097285695374012,0.097285695374012,0.0913633936064695,0.4105696976184845,0.4105696976184845,0.3931105516136437,-0.4593537747859955,-0.4593537747859955,-0.4694056610971238,1.570796251296997,1.570796251296997,1.5707255664911877,0.45210203528404236,0.45210203528404236,0.4491874570840029,-0.41864603757858276,-0.41864603757858276,-0.40646219577325127,0.09763393551111221,0.09763393551111221,0.09174486915388691,-1.2979982509570465,-1.2979982509570465,-1.2357900358587006
205,10.26807165145874,0.006696771830320358,0.006696771830320358,0.013923857480735435,-0.0058906227350234985,-0.0058906227350234985,-0.011253528648813571,0.006113872863352299,0.006113872863352299,0.006294346532387252,1.5731102228164673,1.5731102228164673,1.554322117952239,-0.0060903714038431644,-0.0060903714038431644,0.0005722133211261138,0.00635977229103446,0.00635977229103446,0.0013351644159609322,0.027851056307554245,0.027851056307554245,0.03528648813611035,0.0,0.0,-0.0001907377737087046,0.097285695374012,0.097285695374012,0.0913633936064695,0.4105696976184845,0.4105696976184845,0.3931105516136437,-0.4593537747859955,-0.4593537747859955,-0.4694056610971238,1.570796251296997,1.570796251296997,1.5707255664911877,0.45210203528404236,0.45210203528404236,0.44880598153658546,-0.41864603757858276,-0.41864603757858276,-0.40646219577325127,0.09763393551111221,0.09763393551111221,0.09174486915388691,-1.2979982509570465,-1.2979982509570465,-1.2357900358587006
206,10.31815242767334,0.006699597463011742,0.006699597463011742,0.013923857480735435,-0.0058948625810444355,-0.0058948625810444355,-0.011253528648813571,0.006121324375271797,0.006121324375271797,0.006294346532387252,1.573116421699524,1.573116421699524,1.554322117952239,-0.0060776881873607635,-0.0060776881873607635,0.0005722133211261138,0.006370485760271549,0.006370485760271549,0.000953688868543523,0.027842126786708832,0.027842126786708832,0.03528648813611035,0.0,0.0,-0.0001907377737087046,0.097285695374012,0.097285695374012,0.09098191805905209,0.4105696976184845,0.4105696976184845,0.3931105516136437,-0.4593537747859955,-0.4593537747859955,-0.4694056610971238,1.570796251296997,1.570796251296997,1.5707255664911877,0.45210203528404236,0.45210203528404236,0.44880598153658546,-0.41864603757858276,-0.41864603757858276,-0.40646219577325127,0.09763393551111221,0.09763393551111221,0.09174486915388691,-1.2979982509570465,-1.2979982509570465,-1.2357900358587006
207,10.36824655532837,0.006699602119624615,0.006699602119624615,0.013923857480735435,-0.005898135714232922,-0.005898135714232922,-0.011253528648813571,0.006120019126683474,0.006120019126683474,0.006294346532387252,1.573121190071106,1.573121190071106,1.554322117952239,-0.006066952366381884,-0.006066952366381884,0.0005722133211261138,0.006404921878129244,0.006404921878129244,0.000953688868543523,0.027827423065900803,0.027827423065900803,0.03528648813611035,0.0,0.0,-0.0001907377737087046,0.097285695374012,0.097285695374012,0.0913633936064695,0.4105696976184845,0.4105696976184845,0.3931105516136437,-0.4593537747859955,-0.4593537747859955,-0.4694056610971238,1.570796251296997,1.570796251296997,1.5707255664911877,0.45210203528404236,0.45210203528404236,0.4491874570840029,-0.41864603757858276,-0.41864603757858276,-0.40646219577325127,0.09763393551111221,0.09763393551111221,0.09174486915388691,-1.2979982509570465,-1.2979982509570465,-1.2354085603112832
208,10.418270349502563,0.006698309909552336,0.006698309909552336,0.013923857480735435,-0.005907104350626469,-0.005907104350626469,-0.011253528648813571,0.006130103953182697,0.006130103953182697,0.006294346532387252,1.5731165409088135,1.5731165409088135,1.554322117952239,-0.006040799431502819,-0.006040799431502819,0.0005722133211261138,0.0064406199380755424,0.0064406199380755424,0.000953688868543523,0.027809925377368927,0.027809925377368927,0.03528648813611035,0.0,0.0,-0.0001907377737087046,0.097285695374012,0.097285695374012,0.0913633936064695,0.4105696976184845,0.4105696976184845,0.3931105516136437,-0.4593537747859955,-0.4593537747859955,-0.4694056610971238,1.570796251296997,1.570796251296997,1.5707255664911877,0.45210203528404236,0.45210203528404236,0.44880598153658546,-0.41864603757858276,-0.41864603757858276,-0.40646219577325127,0.09763393551111221,0.09763393551111221,0.09174486915388691,-1.2979982509570465,-1.2979982509570465,-1.2357900358587006
209,10.468333005905151,0.0066985636949539185,0.0066985636949539185,0.013923857480735435,-0.005910015664994717,-0.005910015664994717,-0.011253528648813571,0.006142431404441595,0.006142431404441595,0.006294346532387252,1.5731109380722046,1.5731109380722046,1.554322117952239,-0.006011475343257189,-0.006011475343257189,0.0005722133211261138,0.006471019703894854,0.006471019703894854,0.000953688868543523,0.02778608538210392,0.02778608538210392,0.03528648813611035,0.0,0.0,-0.0001907377737087046,0.097285695374012,0.097285695374012,0.09098191805905209,0.4105696976184845,0.4105696976184845,0.3931105516136437,-0.4593537747859955,-0.4593537747859955,-0.4694056610971238,1.570796251296997,1.570796251296997,1.5707255664911877,0.45210203528404236,0.45210203528404236,0.4491874570840029,-0.41864603757858276,-0.41864603757858276,-0.40646219577325127,0.09763393551111221,0.09763393551111221,0.09174486915388691,-1.2979982509570465,-1.2979982509570465,-1.2357900358587006
210,10.518329381942749,0.0066999634727835655,0.0066999634727835655,0.013923857480735435,-0.005912981927394867,-0.005912981927394867,-0.011253528648813571,0.006154990755021572,0.006154990755021572,0.006294346532387252,1.5731074810028076,1.5731074810028076,1.554322117952239,-0.006021158769726753,-0.006021158769726753,0.0005722133211261138,0.006481466349214315,0.006481466349214315,0.000953688868543523,0.02777240239083767,0.02777240239083767,0.03528648813611035,0.0,0.0,-0.0001907377737087046,0.097285695374012,0.097285695374012,0.09098191805905209,0.4105696976184845,0.4105696976184845,0.3931105516136437,-0.4593537747859955,-0.4593537747859955,-0.4694056610971238,1.570796251296997,1.570796251296997,1.5707255664911877,0.45210203528404236,0.45210203528404236,0.44880598153658546,-0.41864603757858276,-0.41864603757858276,-0.40646219577325127,0.09763393551111221,0.09763393551111221,0.09174486915388691,-1.2979982509570465,-1.2979982509570465,-1.2357900358587006
211,10.568410396575928,0.0066996910609304905,0.0066996910609304905,0.013923857480735435,-0.005917108152061701,-0.005917108152061701,-0.011253528648813571,0.006164788268506527,0.006164788268506527,0.006294346532387252,1.5731017589569092,1.5731017589569092,1.554322117952239,-0.006029422394931316,-0.006029422394931316,0.0005722133211261138,0.006482953671365976,0.006482953671365976,0.000953688868543523,0.02776804007589817,0.02776804007589817,0.03528648813611035,0.0,0.0,-0.0001907377737087046,0.097285695374012,0.097285695374012,0.0913633936064695,0.4105696976184845,0.4105696976184845,0.3931105516136437,-0.4593537747859955,-0.4593537747859955,-0.4694056610971238,1.570796251296997,1.570796251296997,1.5707255664911877,0.45210203528404236,0.45210203528404236,0.4491874570840029,-0.41864603757858276,-0.41864603757858276,-0.40646219577325127,0.09763393551111221,0.09763393551111221,0.09174486915388691,-1.2979982509570465,-1.2979982509570465,-1.2357900358587006
212,10.618462324142456,0.006700320169329643,0.006700320169329643,0.013923857480735435,-0.0059238336980342865,-0.0059238336980342865,-0.011253528648813571,0.006170487031340599,0.006170487031340599,0.006294346532387252,1.5730987787246704,1.5730987787246704,1.554322117952239,-0.006036418955773115,-0.006036418955773115,0.0005722133211261138,0.006486974656581879,0.006486974656581879,0.000953688868543523,0.027769017964601517,0.027769017964601517,0.03528648813611035,0.0,0.0,-0.0001907377737087046,0.097285695374012,0.097285695374012,0.0913633936064695,0.4105696976184845,0.4105696976184845,0.3931105516136437,-0.4593537747859955,-0.4593537747859955,-0.4694056610971238,1.570796251296997,1.570796251296997,1.5707255664911877,0.45210203528404236,0.45210203528404236,0.44880598153658546,-0.41864603757858276,-0.41864603757858276,-0.40646219577325127,0.09763393551111221,0.09763393551111221,0.09174486915388691,-1.2979982509570465,-1.2979982509570465,-1.2357900358587006
213,10.668578863143921,0.006701023317873478,0.006701023317873478,0.013923857480735435,-0.005931918974965811,-0.005931918974965811,-0.011253528648813571,0.006175732705742121,0.006175732705742121,0.006294346532387252,1.573101282119751,1.573101282119751,1.554322117952239,-0.006043700035661459,-0.006043700035661459,0.0005722133211261138,0.006497593130916357,0.006497593130916357,0.000953688868543523,0.0277706328779459,0.0277706328779459,0.03528648813611035,0.0,0.0,-0.0001907377737087046,0.097285695374012,0.097285695374012,0.0913633936064695,0.4105696976184845,0.4105696976184845,0.3931105516136437,-0.4593537747859955,-0.4593537747859955,-0.4694056610971238,1.570796251296997,1.570796251296997,1.5707255664911877,0.45210203528404236,0.45210203528404236,0.4491874570840029,-0.41864603757858276,-0.41864603757858276,-0.40646219577325127,0.09763393551111221,0.09763393551111221,0.09174486915388691,-1.2979982509570465,-1.2979982509570465,-1.2357900358587006
214,10.718594551086426,0.0067002740688622,0.0067002740688622,0.013923857480735435,-0.005939897615462542,-0.005939897615462542,-0.011253528648813571,0.006182994227856398,0.006182994227856398,0.006294346532387252,1.5731016397476196,1.5731016397476196,1.554322117952239,-0.006051685661077499,-0.006051685661077499,0.0005722133211261138,0.006507079117000103,0.006507079117000103,0.000953688868543523,0.027769826352596283,0.027769826352596283,0.03528648813611035,0.0,0.0,-0.0001907377737087046,0.097285695374012,0.097285695374012,0.09098191805905209,0.4105696976184845,0.4105696976184845,0.3931105516136437,-0.4593537747859955,-0.4593537747859955,-0.4694056610971238,1.570796251296997,1.570796251296997,1.5707255664911877,0.45210203528404236,0.45210203528404236,0.4491874570840029,-0.41864603757858276,-0.41864603757858276,-0.40646219577325127,0.09763393551111221,0.09763393551111221,0.09174486915388691,-1.2979982509570465,-1.2979982509570465,-1.2357900358587006
