step,t,LJ1.pos_target,LJ1.pos_commanded,LJ1.pos_actual,LJ2.pos_target,LJ2.pos_commanded,LJ2.pos_actual,LJ3.pos_target,LJ3.pos_commanded,LJ3.pos_actual,LJ4.pos_target,LJ4.pos_commanded,LJ4.pos_actual,LJ5.pos_target,LJ5.pos_commanded,LJ5.pos_actual,LJ6.pos_target,LJ6.pos_commanded,LJ6.pos_actual,LJ7.pos_target,LJ7.pos_commanded,LJ7.pos_actual,LJ8.pos_target,LJ8.pos_commanded,LJ8.pos_actual,RJ1.pos_target,RJ1.pos_commanded,RJ1.pos_actual,RJ2.pos_target,RJ2.pos_commanded,RJ2.pos_actual,RJ3.pos_target,RJ3.pos_commanded,RJ3.pos_actual,RJ4.pos_target,RJ4.pos_commanded,RJ4.pos_actual,RJ5.pos_target,RJ5.pos_commanded,RJ5.pos_actual,RJ6.pos_target,RJ6.pos_commanded,RJ6.pos_actual,RJ7.pos_target,RJ7.pos_commanded,RJ7.pos_actual,RJ8.pos_target,RJ8.pos_commanded,RJ8.pos_actual
0,0.004372119903564453,-5.000382589059882e-05,-5.000382589059882e-05,0.024223697261005483,0.0001280731667065993,0.0001280731667065993,-0.013542381933318026,-0.00013448522076942027,-0.00013448522076942027,0.006294346532387252,1.570810079574585,1.570810079574585,1.552414740215152,-0.002402055310085416,-0.002402055310085416,0.0017166399633783413,-0.0007530539878644049,-0.0007530539878644049,-0.0001907377737087046,0.0023292487021535635,0.0023292487021535635,0.007820248722056888,1.21209997935806,1.21209997935806,1.1366063935301742,0.001510025467723608,0.001510025467723608,-0.02155336842908362,-0.00027591054094955325,-0.00027591054094955325,0.0024795910582131597,-0.00020387620315887034,-0.00020387620315887034,-0.010872053101396162,1.568725824356079,1.568725824356079,1.535629816128786,0.0006941561587154865,0.0006941561587154865,0.0036240177004653873,-0.00042861283873207867,-0.00042861283873207867,-0.007820248722056888,-0.0002780033100862056,-0.0002780033100862056,-0.00705729762722207,-1.2979909978168354,-1.2979909978168354,-1.2354085603112832
1,0.05476951599121094,8.541483839508146e-05,8.541483839508146e-05,0.02155336842908362,6.489174847956747e-05,6.489174847956747e-05,-0.013542381933318026,-0.0002050198381766677,-0.0002050198381766677,0.006294346532387252,1.571413278579712,1.571413278579712,1.5535591668574043,-0.002473150147125125,-0.002473150147125125,0.0017166399633783413,-0.0009788412135094404,-0.0009788412135094404,-0.0005722133211261138,0.0038185138255357742,0.0038185138255357742,0.008964675364309116,1.2120973991155626,1.2120973991155626,1.1427100022888528,0.00662556616589427,0.00662556616589427,-0.01583123521782248,-0.0010777834104374051,-0.0010777834104374051,0.002861066605630569,-0.0012540190946310759,-0.0012540190946310759,-0.00705729762722207,1.5624103546142578,1.5624103546142578,1.5386816205081253,-0.0004459874762687832,-0.0004459874762687832,0.002861066605630569,-0.0021486675832420588,-0.0021486675832420588,-0.007820248722056888,-0.0009723608382046223,-0.0009723608382046223,-0.007820248722056888,-1.2979906524292062,-1.2979906524292062,-1.2354085603112832
2,0.10474801063537598,4.28140556323342e-05,4.28140556323342e-05,0.0207904173342488,-2.4165910872397944e-05,-2.4165910872397944e-05,-0.013542381933318026,-0.00030709331622347236,-0.00030709331622347236,0.006294346532387252,1.5719972848892212,1.5719972848892212,1.5535591668574043,-0.00252608978189528,-0.00252608978189528,0.0017166399633783413,-0.0009665221441537142,-0.0009665221441537142,-0.0024795910582131597,0.004353631287813187,0.004353631287813187,0.009346150911726525,1.212099656827748,1.212099656827748,1.1495765621423661,0.016165943816304207,0.016165943816304207,-0.007820248722056888,-0.002770758466795087,-0.002770758466795087,0.0024795910582131597,-0.0032337333541363478,-0.0032337333541363478,-0.006675822079804661,1.5517826080322266,1.5517826080322266,1.5386816205081253,-0.0024419452529400587,-0.0024419452529400587,0.0024795910582131597,-0.004577264655381441,-0.004577264655381441,-0.007820248722056888,-0.0020622124429792166,-0.0020622124429792166,-0.008583199816891707,-1.2979999778951918,-1.2979999778951918,-1.2354085603112832
3,0.15474629402160645,-6.940421008039266e-05,-6.940421008039266e-05,0.019264515144579164,-7.89135810919106e-05,-7.89135810919106e-05,-0.013542381933318026,-0.0003338857786729932,-0.0003338857786729932,0.006294346532387252,1.5721684694290161,1.5721684694290161,1.5535591668574043,-0.0025322381407022476,-0.0025322381407022476,0.0013351644159609322,-0.0009230718715116382,-0.0009230718715116382,-0.0024795910582131597,0.004336631391197443,0.004336631391197443,0.009346150911726525,1.212099656827748,1.212099656827748,1.1495765621423661,0.030081452801823616,0.030081452801823616,-0.0001907377737087046,-0.005330005660653114,-0.005330005660653114,0.0020981155107957505,-0.005872670561075211,-0.005872670561075211,-0.006675822079804661,1.5370643138885498,1.5370643138885498,1.5383001449607079,-0.005069460719823837,-0.005069460719823837,0.0020981155107957505,-0.007361776661127806,-0.007361776661127806,-0.008201724269474298,-0.00294645712710917,-0.00294645712710917,-0.008964675364309116,-1.2979999778951918,-1.2979999778951918,-1.2357900358587006
4,0.20477962493896484,-0.00011416155030019581,-0.00011416155030019581,0.01583123521782248,-8.54445606819354e-05,-8.54445606819354e-05,-0.013542381933318026,-0.00032042167731560767,-0.00032042167731560767,0.006294346532387252,1.5720622539520264,1.5720622539520264,1.5535591668574043,-0.0025365366600453854,-0.0025365366600453854,0.0013351644159609322,-0.0009447537595406175,-0.0009447537595406175,-0.0024795910582131597,0.004211137071251869,0.004211137071251869,0.009346150911726525,1.2120993342974358,1.2120993342974358,1.1495765621423661,0.04780679941177368,0.04780679941177368,0.013923857480735435,-0.008541054092347622,-0.008541054092347622,0.0001907377737087046,-0.00882422924041748,-0.00882422924041748,-0.007438773174639479,1.5184260606765747,1.5184260606765747,1.533722438391699,-0.008080754429101944,-0.008080754429101944,-0.0013351644159609322,-0.010493035428225994,-0.010493035428225994,-0.008583199816891707,-0.0031153594609349966,-0.0031153594609349966,-0.008964675364309116,-1.2979999778951918,-1.2979999778951918,-1.2357900358587006
5,0.25484228134155273,-9.714935004012659e-05,-9.714935004012659e-05,0.013923857480735435,-8.526940655428916e-05,-8.526940655428916e-05,-0.013542381933318026,-0.00032465142430737615,-0.00032465142430737615,0.006294346532387252,1.5719212293624878,1.5719212293624878,1.5539406424048217,-0.002557038562372327,-0.002557038562372327,0.0017166399633783413,-0.0009913156973198056,-0.0009913156973198056,-0.0024795910582131597,0.0041588530875742435,0.0041588530875742435,0.009346150911726525,1.2120983667064993,1.2120983667064993,1.1495765621423661,0.06854154169559479,0.06854154169559479,0.033379110399023304,-0.01220331434160471,-0.01220331434160471,-0.006294346532387252,-0.011899231001734734,-0.011899231001734734,-0.00705729762722207,1.4962377548217773,1.4962377548217773,1.51884489204242,-0.011308894492685795,-0.011308894492685795,-0.004768444342717615,-0.014007974416017532,-0.014007974416017532,-0.009727626459143934,-0.002379096345975995,-0.002379096345975995,-0.008964675364309116,-1.2979999778951918,-1.2979999778951918,-1.2357900358587006
6,0.3048844337463379,-8.302077912958339e-05,-8.302077912958339e-05,0.013542381933318026,-0.00010294390813214704,-0.00010294390813214704,-0.013542381933318026,-0.0003516920260153711,-0.0003516920260153711,0.006294346532387252,1.5718353986740112,1.5718353986740112,1.5539406424048217,-0.002586855785921216,-0.002586855785921216,0.0013351644159609322,-0.0010193719062954187,-0.0010193719062954187,-0.0024795910582131597,0.004150315187871456,0.004150315187871456,0.009346150911726525,1.2120986892368113,1.2120986892368113,1.1495765621423661,0.0914694294333458,0.0914694294333458,0.0581750209811549,-0.016191663220524788,-0.016191663220524788,-0.014686808575570254,-0.015006992034614086,-0.015006992034614086,-0.007438773174639479,1.4711246490478516,1.4711246490478516,1.4940489814602884,-0.014620644971728325,-0.014620644971728325,-0.005531395437552433,-0.0178072489798069,-0.0178072489798069,-0.012397955291065799,-0.0007265634485520422,-0.0007265634485520422,-0.008964675364309116,-1.2979999778951918,-1.2979999778951918,-1.2354085603112832
7,0.35498762130737305,-9.725884592626244e-05,-9.725884592626244e-05,0.013923857480735435,-0.0001318070717388764,-0.0001318070717388764,-0.013542381933318026,-0.0003808446926996112,-0.0003808446926996112,0.006294346532387252,1.5717778205871582,1.5717778205871582,1.5539406424048217,-0.0026113654021173716,-0.0026113654021173716,0.0013351644159609322,-0.0010327756172046065,-0.0010327756172046065,-0.0024795910582131597,0.004116931464523077,0.004116931464523077,0.009346150911726525,1.2120990117671235,1.2120990117671235,1.1495765621423661,0.11582598835229874,0.11582598835229874,0.08487830930037354,-0.020399823784828186,-0.020399823784828186,-0.024223697261005483,-0.018049033358693123,-0.018049033358693123,-0.008964675364309116,1.4438600540161133,1.4438600540161133,1.4642938887617305,-0.017880845814943314,-0.017880845814943314,-0.008964675364309116,-0.021722372621297836,-0.021722372621297836,-0.013160906385900617,0.0018252454465255141,0.0018252454465255141,-0.008964675364309116,-1.2979999778951918,-1.2979999778951918,-1.2354085603112832
8,0.4050421714782715,-0.0001303480239585042,-0.0001303480239585042,0.013923857480735435,-0.00015939136210363358,-0.00015939136210363358,-0.013160906385900617,-0.00040397196426056325,-0.00040397196426056325,0.006294346532387252,1.5716980695724487,1.5716980695724487,1.5539406424048217,-0.0026345818769186735,-0.0026345818769186735,0.0013351644159609322,-0.0010513777378946543,-0.0010513777378946543,-0.0024795910582131597,0.0040421392768621445,0.0040421392768621445,0.009346150911726525,1.2120993342974358,1.2120993342974358,1.1495765621423661,0.140875443816185,0.140875443816185,0.11120012207217478,-0.024694012477993965,-0.024694012477993965,-0.03070878156710144,-0.0209052711725235,-0.0209052711725235,-0.009727626459143934,1.4152668714523315,1.4152668714523315,1.43492027161059,-0.020963076502084732,-0.020963076502084732,-0.012779430838483208,-0.02560877427458763,-0.02560877427458763,-0.0165941863126573,0.005251167342066765,0.005251167342066765,-0.008201724269474298,-1.2979999778951918,-1.2979999778951918,-1.2354085603112832
9,0.45513367652893066,-0.00016539471107535064,-0.00016539471107535064,0.013542381933318026,-0.00018402836576569825,-0.00018402836576569825,-0.012779430838483208,-0.00042562573798932135,-0.00042562573798932135,0.006294346532387252,1.5715879201889038,1.5715879201889038,1.5539406424048217,-0.0026586290914565325,-0.0026586290914565325,0.0013351644159609322,-0.0010780071606859565,-0.0010780071606859565,-0.002861066605630569,0.0039504291489720345,0.0039504291489720345,0.009346150911726525,1.2120990117671235,1.2120990117671235,1.1495765621423661,0.16586819291114807,0.16586819291114807,0.13485160601205415,-0.028921188786625862,-0.028921188786625862,-0.03070878156710144,-0.02347368746995926,-0.02347368746995926,-0.01697566186007471,1.3862199783325195,1.3862199783325195,1.4044022278171973,-0.023768309503793716,-0.023768309503793716,-0.017357137407492118,-0.02935865893959999,-0.02935865893959999,-0.019645990691996573,0.009463491849601269,0.009463491849601269,-0.005531395437552433,-1.2979999778951918,-1.2979999778951918,-1.2357900358587006
10,0.5051882266998291,-0.00019540255016181618,-0.00019540255016181618,0.013923857480735435,-0.00020938689704053104,-0.00020938689704053104,-0.011253528648813571,-0.0004505562246777117,-0.0004505562246777117,0.006294346532387252,1.5714662075042725,1.5714662075042725,1.5539406424048217,-0.002687734318897128,-0.002687734318897128,0.0013351644159609322,-0.0011076199589297175,-0.0011076199589297175,-0.0024795910582131597,0.0038619008846580982,0.0038619008846580982,0.008964675364309116,1.2120993342974358,1.2120993342974358,1.1495765621423661,0.19002382457256317,0.19002382457256317,0.15850308995193352,-0.032934557646512985,-0.032934557646512985,-0.03070878156710144,-0.025692729279398918,-0.025692729279398918,-0.0207904173342488,1.3576838970184326,1.3576838970184326,1.3719768062867175,-0.026231272146105766,-0.026231272146105766,-0.0207904173342488,-0.03286737948656082,-0.03286737948656082,-0.022316319523918438,0.01427516620606184,0.01427516620606184,-0.0017166399633783413,-1.2979999778951918,-1.2979999778951918,-1.2357900358587006
11,0.5554032325744629,-0.00022372606326825917,-0.00022372606326825917,0.013923857480735435,-0.00023719642194919288,-0.00023719642194919288,-0.011253528648813571,-0.000477589201182127,-0.000477589201182127,0.006294346532387252,1.5713456869125366,1.5713456869125366,1.5539406424048217,-0.0027157908771187067,-0.0027157908771187067,0.0013351644159609322,-0.001133615616708994,-0.001133615616708994,-0.002861066605630569,0.0037776490207761526,0.0037776490207761526,0.009346150911726525,1.2120990117671235,1.2120990117671235,1.1495765621423661,0.21253514289855957,0.21253514289855957,0.18101014724956066,-0.03660022094845772,-0.03660022094845772,-0.03414206149385812,-0.027530232444405556,-0.027530232444405556,-0.02040894178683139,1.3307380676269531,1.3307380676269531,1.342603189135577,-0.02831759862601757,-0.02831759862601757,-0.023842221713588074,-0.03600941598415375,-0.03600941598415375,-0.024223697261005483,0.019401323050260544,0.019401323050260544,-0.0001907377737087046,-1.2979999778951918,-1.2979999778951918,-1.2357900358587006
12,0.6053011417388916,-0.00025329450727440417,-0.00025329450727440417,0.013542381933318026,-0.00026622801669873297,-0.00026622801669873297,-0.011253528648813571,-0.0005048043094575405,-0.0005048043094575405,0.006294346532387252,1.5712279081344604,1.5712279081344604,1.5539406424048217,-0.002744516357779503,-0.002744516357779503,0.0013351644159609322,-0.0011594550451263785,-0.0011594550451263785,-0.002861066605630569,0.0036931191571056843,0.0036931191571056843,0.009346150911726525,1.2120993342974358,1.2120993342974358,1.1495765621423661,0.23256902396678925,0.23256902396678925,0.20160982681010076,-0.039792630821466446,-0.039792630821466446,-0.037575341420614805,-0.028968194499611855,-0.028968194499611855,-0.02040894178683139,1.3065739870071411,1.3065739870071411,1.3158999008163583,-0.030011264607310295,-0.030011264607310295,-0.024986648355840302,-0.038646649569272995,-0.038646649569272995,-0.028038452735179575,0.024484895169734955,0.024484895169734955,0.0036240177004653873,-1.2979999778951918,-1.2979999778951918,-1.2354085603112832
13,0.655390739440918,-0.00028494629077613354,-0.00028494629077613354,0.013542381933318026,-0.0002952054492197931,-0.0002952054492197931,-0.011253528648813571,-0.0005312238354235888,-0.0005312238354235888,0.006294346532387252,1.5711102485656738,1.5711102485656738,1.5539406424048217,-0.0027724243700504303,-0.0027724243700504303,0.0013351644159609322,-0.0011856278870254755,-0.0011856278870254755,-0.002861066605630569,0.0036062232684344053,0.0036062232684344053,0.009346150911726525,1.2120990117671235,1.2120990117671235,1.1495765621423661,0.24927262961864471,0.24927262961864471,0.22106507972838862,-0.042387425899505615,-0.042387425899505615,-0.04367895017929335,-0.029993165284395218,-0.029993165284395218,-0.0207904173342488,1.2864583730697632,1.2864583730697632,1.2918669413290615,-0.03131427243351936,-0.03131427243351936,-0.027275501640344757,-0.040640585124492645,-0.040640585124492645,-0.03109025711451885,0.029123978689312935,0.029123978689312935,0.009727626459143934,-1.2979999778951918,-1.2979999778951918,-1.2357900358587006
14,0.7054443359375,-0.0003167642280459404,-0.0003167642280459404,0.013923857480735435,-0.00032342958729714155,-0.00032342958729714155,-0.011253528648813571,-0.000557274091988802,-0.000557274091988802,0.006294346532387252,1.57099187374115,1.57099187374115,1.5539406424048217,-0.002800251357257366,-0.002800251357257366,0.0013351644159609322,-0.0012118585873395205,-0.0012118585873395205,-0.002861066605630569,0.003518268233165145,0.003518268233165145,0.009346150911726525,1.2120990117671235,1.2120990117671235,1.1495765621423661,0.2617644667625427,0.2617644667625427,0.2367055771725024,-0.04425986856222153,-0.04425986856222153,-0.04825665674830226,-0.030592013150453568,-0.030592013150453568,-0.02155336842908362,1.2717164754867554,1.2717164754867554,1.2743190661478607,-0.03222759813070297,-0.03222759813070297,-0.027656977187762166,-0.0418483167886734,-0.0418483167886734,-0.03185320820935367,0.03289170563220978,0.03289170563220978,0.014305333028152845,-1.2979999778951918,-1.2979999778951918,-1.2357900358587006
15,0.7554996013641357,-0.0003478534345049411,-0.0003478534345049411,0.013542381933318026,-0.0003512851835694164,-0.0003512851835694164,-0.011253528648813571,-0.000582845532335341,-0.000582845532335341,0.006294346532387252,1.5708746910095215,1.5708746910095215,1.5539406424048217,-0.0028279272373765707,-0.0028279272373765707,0.0013351644159609322,-0.0012377455132082105,-0.0012377455132082105,-0.002861066605630569,0.003432830795645714,0.003432830795645714,0.009346150911726525,1.2120990117671235,1.2120990117671235,1.1495765621423661,0.26915547251701355,0.26915547251701355,0.2489127946898595,-0.045287199318408966,-0.045287199318408966,-0.05092698558022413,-0.03074580803513527,-0.03074580803513527,-0.02193484397650103,1.2636549472808838,1.2636549472808838,1.2636377508201733,-0.03274489566683769,-0.03274489566683769,-0.028038452735179575,-0.04213452711701393,-0.04213452711701393,-0.032997634851605895,0.035388655960559845,0.035388655960559845,0.01697566186007471,-1.2979999778951918,-1.2979999778951918,-1.2357900358587006
16,0.8055765628814697,-0.0003782175772357732,-0.0003782175772357732,0.013542381933318026,-0.0003785253211390227,-0.0003785253211390227,-0.011253528648813571,-0.0006080773891881108,-0.0006080773891881108,0.006294346532387252,1.5707608461380005,1.5707608461380005,1.5539406424048217,-0.002855980070307851,-0.002855980070307851,0.0013351644159609322,-0.0012633533915504813,-0.0012633533915504813,-0.002861066605630569,0.0033503351733088493,0.0033503351733088493,0.009346150911726525,1.2120993342974358,1.2120993342974358,1.1495765621423661,0.2722601890563965,0.2722601890563965,0.25577935454337286,-0.045515239238739014,-0.045515239238739014,-0.05054551003280672,-0.030384108424186707,-0.030384108424186707,-0.02193484397650103,1.260849952697754,1.260849952697754,1.2598229953459992,-0.03256240859627724,-0.03256240859627724,-0.028038452735179575,-0.041885845363140106,-0.041885845363140106,-0.03414206149385812,0.036551088094711304,0.036551088094711304,0.018501564049744346,-1.297999632507563,-1.297999632507563,-1.2357900358587006
17,0.8556222915649414,-0.0004070395661983639,-0.0004070395661983639,0.013542381933318026,-0.000405152328312397,-0.000405152328312397,-0.011253528648813571,-0.0006322523695416749,-0.0006322523695416749,0.006294346532387252,1.5706521272659302,1.5706521272659302,1.5539406424048217,-0.0028803301975131035,-0.0028803301975131035,0.0013351644159609322,-0.0012860845308750868,-0.0012860845308750868,-0.002861066605630569,0.0032716887071728706,0.0032716887071728706,0.009346150911726525,1.2120993342974358,1.2120993342974358,1.1495765621423661,0.2732589542865753,0.2732589542865753,0.2576867322804599,-0.04531759023666382,-0.04531759023666382,-0.0497825589379719,-0.02959512360394001,-0.02959512360394001,-0.02155336842908362,1.260075330734253,1.260075330734253,1.2598229953459992,-0.03154085576534271,-0.03154085576534271,-0.028038452735179575,-0.04227643087506294,-0.04227643087506294,-0.03452353704127553,0.03680351376533508,0.03680351376533508,0.02155336842908362,-1.2979854716147696,-1.2979854716147696,-1.2357900358587006
18,0.9056911468505859,-0.0004343650653026998,-0.0004343650653026998,0.013542381933318026,-0.00042971904622390866,-0.00042971904622390866,-0.011253528648813571,-0.0006542855990119278,-0.0006542855990119278,0.006294346532387252,1.5705504417419434,1.5705504417419434,1.5539406424048217,-0.0029049136210232973,-0.0029049136210232973,0.0013351644159609322,-0.0013072073925286531,-0.0013072073925286531,-0.002861066605630569,0.0031982811633497477,0.0031982811633497477,0.009346150911726525,1.2120993342974358,1.2120993342974358,1.1495765621423661,0.27331051230430603,0.27331051230430603,0.2580682078278773,-0.045060642063617706,-0.045060642063617706,-0.05016403448538931,-0.028747791424393654,-0.028747791424393654,-0.02155336842908362,1.2605462074279785,1.2605462074279785,1.2598229953459992,-0.029850492253899574,-0.029850492253899574,-0.027656977187762166,-0.04324952885508537,-0.04324952885508537,-0.03490501258869294,0.03608008846640587,0.03608008846640587,0.02155336842908362,-1.2979640575817655,-1.2979640575817655,-1.2357900358587006
19,0.9559049606323242,-0.0004599848762154579,-0.0004599848762154579,0.013542381933318026,-0.000452374602900818,-0.000452374602900818,-0.011253528648813571,-0.0006742358091287315,-0.0006742358091287315,0.006294346532387252,1.5704565048217773,1.5704565048217773,1.5539406424048217,-0.00292587629519403,-0.00292587629519403,0.0017166399633783413,-0.001326699391938746,-0.001326699391938746,-0.002861066605630569,0.00313003221526742,0.00313003221526742,0.009346150911726525,1.2120993342974358,1.2120993342974358,1.1495765621423661,0.27297064661979675,0.27297064661979675,0.2580682078278773,-0.045027028769254684,-0.045027028769254684,-0.05016403448538931,-0.028144894167780876,-0.028144894167780876,-0.02155336842908362,1.262122392654419,1.262122392654419,1.2598229953459992,-0.02779175527393818,-0.02779175527393818,-0.027656977187762166,-0.04433194547891617,-0.04433194547891617,-0.03490501258869294,0.03483269363641739,0.03483269363641739,0.02117189288166621,-1.297958185992071,-1.297958185992071,-1.2357900358587006
20,1.0058388710021973,-0.00048252876149490476,-0.00048252876149490476,0.013542381933318026,-0.0004730363725684583,-0.0004730363725684583,-0.011253528648813571,-0.0006924720364622772,-0.0006924720364622772,0.006294346532387252,1.5703734159469604,1.5703734159469604,1.5539406424048217,-0.002944882260635495,-0.002944882260635495,0.0017166399633783413,-0.0013442042982205749,-0.0013442042982205749,-0.002861066605630569,0.0030690254643559456,0.0030690254643559456,0.009346150911726525,1.2120993342974358,1.2120993342974358,1.1495765621423661,0.2721879780292511,0.2721879780292511,0.2580682078278773,-0.045302558690309525,-0.045302558690309525,-0.05016403448538931,-0.02803102880716324,-0.02803102880716324,-0.02155336842908362,1.2649668455123901,1.2649668455123901,1.2598229953459992,-0.02546335756778717,-0.02546335756778717,-0.027275501640344757,-0.04467250406742096,-0.04467250406742096,-0.03528648813611035,0.03355970233678818,0.03355970233678818,0.02117189288166621,-1.297969238396202,-1.297969238396202,-1.2357900358587006
21,1.0559556484222412,-0.000503171409945935,-0.000503171409945935,0.013542381933318026,-0.0004909632843919098,-0.0004909632843919098,-0.011253528648813571,-0.0007078949711285532,-0.0007078949711285532,0.006294346532387252,1.5702987909317017,1.5702987909317017,1.5539406424048217,-0.0029617808759212494,-0.0029617808759212494,0.0013351644159609322,-0.0013581120874732733,-0.0013581120874732733,-0.002861066605630569,0.0030152190010994673,0.0030152190010994673,0.009346150911726525,1.2120993342974358,1.2120993342974358,1.1495765621423661,0.27048972249031067,0.27048972249031067,0.2580682078278773,-0.0458143949508667,-0.0458143949508667,-0.05016403448538931,-0.028530415147542953,-0.028530415147542953,-0.02155336842908362,1.2694233655929565,1.2694233655929565,1.2598229953459992,-0.023033004254102707,-0.023033004254102707,-0.027275501640344757,-0.04342303425073624,-0.04342303425073624,-0.03528648813611035,0.03269466757774353,0.03269466757774353,0.02117189288166621,-1.2979954878560136,-1.2979954878560136,-1.2357900358587006
22,1.1060075759887695,-0.0005199732258915901,-0.0005199732258915901,0.013542381933318026,-0.0005060635157860816,-0.0005060635157860816,-0.011253528648813571,-0.0007205940200947225,-0.0007205940200947225,0.006294346532387252,1.5702377557754517,1.5702377557754517,1.5539406424048217,-0.0029752536211162806,-0.0029752536211162806,0.0013351644159609322,-0.001369951176457107,-0.001369951176457107,-0.002861066605630569,0.002972021931782365,0.002972021931782365,0.009346150911726525,1.2120993342974358,1.2120993342974358,1.1495765621423661,0.2671463191509247,0.2671463191509247,0.2576867322804599,-0.04617990553379059,-0.04617990553379059,-0.05016403448538931,-0.030153121799230576,-0.030153121799230576,-0.02155336842908362,1.2759445905685425,1.2759445905685425,1.2602044708934166,-0.02162293531000614,-0.02162293531000614,-0.026894026092927348,-0.03917047008872032,-0.03917047008872032,-0.03528648813611035,0.03279609978199005,0.03279609978199005,0.02117189288166621,-1.2979999778951918,-1.2979999778951918,-1.2357900358587006
23,1.1561031341552734,-0.0005332003929652274,-0.0005332003929652274,0.013542381933318026,-0.0005178760038688779,-0.0005178760038688779,-0.011253528648813571,-0.0007301741861738265,-0.0007301741861738265,0.006294346532387252,1.5701903104782104,1.5701903104782104,1.5539406424048217,-0.002985446248203516,-0.002985446248203516,0.0013351644159609322,-0.0013779611326754093,-0.0013779611326754093,-0.002861066605630569,0.002937291981652379,0.002937291981652379,0.009346150911726525,1.2120993342974358,1.2120993342974358,1.1495765621423661,0.26146215200424194,0.26146215200424194,0.2576867322804599,-0.04619741067290306,-0.04619741067290306,-0.05016403448538931,-0.0327964685857296,-0.0327964685857296,-0.02155336842908362,1.2846190929412842,1.2846190929412842,1.260585946440834,-0.021432852372527122,-0.021432852372527122,-0.026894026092927348,-0.031029336154460907,-0.031029336154460907,-0.03452353704127553,0.03441859781742096,0.03441859781742096,0.02117189288166621,-1.2979999778951918,-1.2979999778951918,-1.2357900358587006
24,1.2061357498168945,-0.0005430642049759626,-0.0005430642049759626,0.013542381933318026,-0.000526143005117774,-0.000526143005117774,-0.011253528648813571,-0.0007363685290329158,-0.0007363685290329158,0.006294346532387252,1.5701570510864258,1.5701570510864258,1.5539406424048217,-0.0029924865812063217,-0.0029924865812063217,0.0013351644159609322,-0.0013827576767653227,-0.0013827576767653227,-0.002861066605630569,0.00291424454189837,0.00291424454189837,0.009346150911726525,1.2120993342974358,1.2120993342974358,1.1495765621423661,0.2527434527873993,0.2527434527873993,0.25539787899595545,-0.04535789415240288,-0.04535789415240288,-0.05016403448538931,-0.03598671033978462,-0.03598671033978462,-0.02155336842908362,1.2954151630401611,1.2954151630401611,1.2628747997253384,-0.022340845316648483,-0.022340845316648483,-0.026894026092927348,-0.01865595392882824,-0.01865595392882824,-0.03070878156710144,0.03804480656981468,0.03804480656981468,0.02117189288166621,-1.2979999778951918,-1.2979999778951918,-1.2357900358587006
25,1.2561440467834473,-0.0005501286359503865,-0.0005501286359503865,0.013542381933318026,-0.0005309937405399978,-0.0005309937405399978,-0.011253528648813571,-0.0007391132530756295,-0.0007391132530756295,0.006294346532387252,1.5701385736465454,1.5701385736465454,1.5539406424048217,-0.002995363436639309,-0.002995363436639309,0.0013351644159609322,-0.0013846020447090268,-0.0013846020447090268,-0.002861066605630569,0.0029044735711067915,0.0029044735711067915,0.009346150911726525,1.2120993342974358,1.2120993342974358,1.1495765621423661,0.2406577318906784,0.2406577318906784,0.2492942702372769,-0.04306183010339737,-0.04306183010339737,-0.05016403448538931,-0.039050355553627014,-0.039050355553627014,-0.022316319523918438,1.3078323602676392,1.3078323602676392,1.2720302128633563,-0.024303995072841644,-0.024303995072841644,-0.026894026092927348,-0.00276098120957613,-0.00276098120957613,-0.019264515144579164,0.044051457196474075,0.044051457196474075,0.023079270618753256,-1.2979999778951918,-1.2979999778951918,-1.2357900358587006
26,1.3062081336975098,-0.0004308793868403882,-0.0004308793868403882,0.013542381933318026,-0.0005838428623974323,-0.0005838428623974323,-0.011253528648813571,-0.000677368720062077,-0.000677368720062077,0.006294346532387252,1.5703946352005005,1.5703946352005005,1.5539406424048217,-0.003607324091717601,-0.003607324091717601,0.0017166399633783413,-0.0019550425931811333,-0.0019550425931811333,-0.002861066605630569,0.0029834976885467768,0.0029834976885467768,0.009346150911726525,1.2120957864640016,1.2120957864640016,1.1495765621423661,0.22538620233535767,0.22538620233535767,0.23746852826733722,-0.0388951376080513,-0.0388951376080513,-0.0497825589379719,-0.04159979149699211,-0.04159979149699211,-0.027275501640344757,1.3208781480789185,1.3208781480789185,1.2846189059281308,-0.02707517519593239,-0.02707517519593239,-0.026894026092927348,0.015600577928125858,0.015600577928125858,-0.004386968795300206,0.05257803946733475,0.05257803946733475,0.029564354924849212,-1.2979999778951918,-1.2979999778951918,-1.2354085603112832
27,1.356323480606079,-0.00015076012641657144,-0.00015076012641657144,0.013542381933318026,-0.0006688232533633709,-0.0006688232533633709,-0.011253528648813571,-0.000770624028518796,-0.000770624028518796,0.006294346532387252,1.5711551904678345,1.5711551904678345,1.5539406424048217,-0.004738788586109877,-0.004738788586109877,0.0017166399633783413,-0.002918141894042492,-0.002918141894042492,-0.002861066605630569,0.003087669378146529,0.003087669378146529,0.009346150911726525,1.2120938512821284,1.2120938512821284,1.1495765621423661,0.20730027556419373,0.20730027556419373,0.22182803082322344,-0.03291672095656395,-0.03291672095656395,-0.0497825589379719,-0.043413784354925156,-0.043413784354925156,-0.02994583047226662,1.3339624404907227,1.3339624404907227,1.2991149767299923,-0.02983781509101391,-0.02983781509101391,-0.027275501640344757,0.03554840385913849,0.03554840385913849,0.015068284122987663,0.0632903054356575,0.0632903054356575,0.04100862134737149,-1.2979999778951918,-1.2979999778951918,-1.2354085603112832
28,1.4063336849212646,0.0001818441232899204,0.0001818441232899204,0.013542381933318026,-0.0009031090303324163,-0.0009031090303324163,-0.011253528648813571,-0.0011341233039274812,-0.0011341233039274812,0.006294346532387252,1.5723141431808472,1.5723141431808472,1.5539406424048217,-0.006219487637281418,-0.006219487637281418,0.0013351644159609322,-0.003959665074944496,-0.003959665074944496,-0.003242542153047978,0.003096177941188216,0.003096177941188216,0.009727626459143934,1.2120957864640016,1.2120957864640016,1.1495765621423661,0.18675275146961212,0.18675275146961212,0.2031357289997704,-0.02528497762978077,-0.02528497762978077,-0.04940108339055449,-0.044926080852746964,-0.044926080852746964,-0.03528648813611035,1.3474313020706177,1.3474313020706177,1.3120851453421842,-0.03245086967945099,-0.03245086967945099,-0.027656977187762166,0.05720541626214981,0.05720541626214981,0.03566796368352776,0.07580941170454025,0.07580941170454025,0.05245288776989376,-1.2979999778951918,-1.2979999778951918,-1.2354085603112832
29,1.4564776420593262,0.00045938094262965024,0.00045938094262965024,0.013542381933318026,-0.0013063702499493957,-0.0013063702499493957,-0.011253528648813571,-0.0017275454010814428,-0.0017275454010814428,0.006294346532387252,1.573679804801941,1.573679804801941,1.5539406424048217,-0.007239476777613163,-0.007239476777613163,0.000953688868543523,-0.004525005351752043,-0.004525005351752043,-0.003242542153047978,0.002917448291555047,0.002917448291555047,0.009346150911726525,1.21209997935806,1.21209997935806,1.1495765621423661,0.16441866755485535,0.16441866755485535,0.1787212939650562,-0.016493504866957664,-0.016493504866957664,-0.04863813229571967,-0.04658149555325508,-0.04658149555325508,-0.03566796368352776,1.3614906072616577,1.3614906072616577,1.3269626916914632,-0.03482552617788315,-0.03482552617788315,-0.03070878156710144,0.08089706301689148,0.08089706301689148,0.05970092317082454,0.08979704976081848,0.08979704976081848,0.06466010528725086,-1.2979999778951918,-1.2979999778951918,-1.2357900358587006
30,1.506481409072876,0.0005585078033618629,0.0005585078033618629,0.013542381933318026,-0.0017670391825959086,-0.0017670391825959086,-0.011253528648813571,-0.002542586997151375,-0.002542586997151375,0.006294346532387252,1.5751198530197144,1.5751198530197144,1.5539406424048217,-0.008533340878784657,-0.008533340878784657,0.000953688868543523,-0.00469762459397316,-0.00469762459397316,-0.003242542153047978,0.002844312461093068,0.002844312461093068,0.009727626459143934,1.21209997935806,1.21209997935806,1.1495765621423661,0.1412351429462433,0.1412351429462433,0.15468833447775943,-0.007005668245255947,-0.007005668245255947,-0.0413900968947889,-0.04846635088324547,-0.04846635088324547,-0.03871976806286703,1.3755522966384888,1.3755522966384888,1.3418402380407422,-0.03676280751824379,-0.03676280751824379,-0.03109025711451885,0.10677838325500488,0.10677838325500488,0.08335240711070391,0.10491282492876053,0.10491282492876053,0.07953765163652982,-1.2979999778951918,-1.2979999778951918,-1.2357900358587006
31,1.556605577468872,0.00020621903240680695,0.00020621903240680695,0.013923857480735435,-0.002341529820114374,-0.002341529820114374,-0.011253528648813571,-0.0034989272244274616,-0.0034989272244274616,0.006294346532387252,1.5760577917099,1.5760577917099,1.5539406424048217,-0.009769080206751823,-0.009769080206751823,0.0005722133211261138,-0.004739442374557257,-0.004739442374557257,-0.003242542153047978,0.0032767350785434246,0.0032767350785434246,0.009727626459143934,1.21209997935806,1.21209997935806,1.1495765621423661,0.11756397783756256,0.11756397783756256,0.12722209506370596,0.0032624593004584312,0.0032624593004584312,-0.028801403830014394,-0.05056997761130333,-0.05056997761130333,-0.0413900968947889,1.3896950483322144,1.3896950483322144,1.3555733577477689,-0.038498833775520325,-0.038498833775520325,-0.03414206149385812,0.13549870252609253,0.13549870252609253,0.11005569542992255,0.12103449553251266,0.12103449553251266,0.09517814908064359,-1.2979999778951918,-1.2979999778951918,-1.2357900358587006
32,1.6067276000976562,-0.0006820738199166954,-0.0006820738199166954,0.013542381933318026,-0.0030964540783315897,-0.0030964540783315897,-0.011253528648813571,-0.004516433924436569,-0.004516433924436569,0.006294346532387252,1.5763397216796875,1.5763397216796875,1.5539406424048217,-0.010700310580432415,-0.010700310580432415,0.0005722133211261138,-0.004834161140024662,-0.004834161140024662,-0.0036240177004653873,0.004652454983443022,0.004652454983443022,0.009727626459143934,1.21209997935806,1.21209997935806,1.1495765621423661,0.09386828541755676,0.09386828541755676,0.10280766002899178,0.014569616876542568,0.014569616876542568,-0.014686808575570254,-0.05251498520374298,-0.05251498520374298,-0.041771572442206306,1.4033769369125366,1.4033769369125366,1.3681620508125434,-0.040207989513874054,-0.040207989513874054,-0.03490501258869294,0.16716350615024567,0.16716350615024567,0.13981078812848047,0.13819684088230133,0.13819684088230133,0.11158159761959219,-1.2979999778951918,-1.2979999778951918,-1.2357900358587006
33,1.6567432880401611,-0.0020566615276038647,-0.0020566615276038647,0.013542381933318026,-0.003997527528554201,-0.003997527528554201,-0.011253528648813571,-0.005528817884624004,-0.005528817884624004,0.005912870984969842,1.5763460397720337,1.5763460397720337,1.5539406424048217,-0.011631173081696033,-0.011631173081696033,0.0005722133211261138,-0.005150145851075649,-0.005150145851075649,-0.0036240177004653873,0.007106384262442589,0.007106384262442589,0.010109102006561344,1.21209997935806,1.21209997935806,1.1495765621423661,0.07080844789743423,0.07080844789743423,0.07763027389944277,0.027121732011437416,0.027121732011437416,-0.0017166399633783413,-0.05348273366689682,-0.05348273366689682,-0.042153047989623715,1.4153727293014526,1.4153727293014526,1.3803692683299005,-0.0417657308280468,-0.0417657308280468,-0.03528648813611035,0.2006310373544693,0.2006310373544693,0.17147325856412543,0.1560373306274414,0.1560373306274414,0.12798504615854078,-1.2979999778951918,-1.2979999778951918,-1.2357900358587006
34,1.7067651748657227,-0.003818133845925331,-0.003818133845925331,0.013542381933318026,-0.005012607667595148,-0.005012607667595148,-0.011253528648813571,-0.006491737440228462,-0.006491737440228462,0.006294346532387252,1.5764977931976318,1.5764977931976318,1.5539406424048217,-0.012974848970770836,-0.012974848970770836,0.0005722133211261138,-0.006036774255335331,-0.006036774255335331,-0.0036240177004653873,0.010378454811871052,0.010378454811871052,0.012397955291065799,1.21209997935806,1.21209997935806,1.1495765621423661,0.04877340793609619,0.04877340793609619,0.05474174105439822,0.041196100413799286,0.041196100413799286,0.013160906385900617,-0.05307060480117798,-0.05307060480117798,-0.042153047989623715,1.4251172542572021,1.4251172542572021,1.392957961394675,-0.042917318642139435,-0.042917318642139435,-0.03871976806286703,0.23496632277965546,0.23496632277965546,0.20618753337910967,0.17399567365646362,0.17399567365646362,0.14591439688715901,-1.2979999778951918,-1.2979999778951918,-1.2357900358587006
35,1.7567942142486572,-0.005866199266165495,-0.005866199266165495,0.013160906385900617,-0.006177121307700872,-0.006177121307700872,-0.011253528648813571,-0.0073629808612167835,-0.0073629808612167835,0.005912870984969842,1.5766842365264893,1.5766842365264893,1.5539406424048217,-0.014211192727088928,-0.014211192727088928,0.0001907377737087046,-0.0075238607823848724,-0.0075238607823848724,-0.005912870984969842,0.013679057359695435,0.013679057359695435,0.013923857480735435,1.2120993342974358,1.2120993342974358,1.1495765621423661,0.02762802504003048,0.02762802504003048,0.033379110399023304,0.0569392666220665,0.0569392666220665,0.026894026092927348,-0.05162937194108963,-0.05162937194108963,-0.042153047989623715,1.4332154989242554,1.4332154989242554,1.4021133745326928,-0.04401354119181633,-0.04401354119181633,-0.042915999084458534,0.27028241753578186,0.27028241753578186,0.2405203326466765,0.1921292543411255,0.1921292543411255,0.16460669871061206,-1.2979999778951918,-1.2979999778951918,-1.2357900358587006
36,1.8069238662719727,-0.007932736538350582,-0.007932736538350582,0.013160906385900617,-0.007432052865624428,-0.007432052865624428,-0.011253528648813571,-0.008122771978378296,-0.008122771978378296,0.005912870984969842,1.5767107009887695,1.5767107009887695,1.5539406424048217,-0.01525873877108097,-0.01525873877108097,-0.0001907377737087046,-0.009402773343026638,-0.009402773343026638,-0.006675822079804661,0.016245758160948753,0.016245758160948753,0.01697566186007471,1.2120961089943139,1.2120961089943139,1.1495765621423661,0.0076126717031002045,0.0076126717031002045,0.015068284122987663,0.07388440519571304,0.07388440519571304,0.0413900968947889,-0.04938792809844017,-0.04938792809844017,-0.042534523537041125,1.43917715549469,1.43917715549469,1.4085984588387888,-0.04515727609395981,-0.04515727609395981,-0.04329747463187594,0.30611976981163025,0.30611976981163025,0.27561608300907814,0.21012228727340698,0.21012228727340698,0.1821545738918129,-1.2979999778951918,-1.2979999778951918,-1.2357900358587006
37,1.8569929599761963,-0.00969034992158413,-0.00969034992158413,0.01201647974364839,-0.008657239377498627,-0.008657239377498627,-0.011253528648813571,-0.008688735775649548,-0.008688735775649548,0.005912870984969842,1.5764706134796143,1.5764706134796143,1.5539406424048217,-0.01602797582745552,-0.01602797582745552,-0.0001907377737087046,-0.011416460387408733,-0.011416460387408733,-0.007438773174639479,0.017700638622045517,0.017700638622045517,0.018501564049744346,1.2120941738124407,1.2120941738124407,1.1495765621423661,-0.011469243094325066,-0.011469243094325066,-0.0020981155107957505,0.09158463776111603,0.09158463776111603,0.05779354543373749,-0.046838752925395966,-0.046838752925395966,-0.04329747463187594,1.4433387517929077,1.4433387517929077,1.413557640955215,-0.046383973211050034,-0.046383973211050034,-0.04596780346379781,0.34230855107307434,0.34230855107307434,0.3122377355611494,0.2269500494003296,0.2269500494003296,0.20084687571526594,-1.2979999778951918,-1.2979999778951918,-1.2357900358587006
38,1.9070615768432617,-0.010938240215182304,-0.010938240215182304,0.010490577553978753,-0.009766004048287868,-0.009766004048287868,-0.01163500419623098,-0.009024552069604397,-0.009024552069604397,0.005531395437552433,1.5758785009384155,1.5758785009384155,1.5539406424048217,-0.01633407361805439,-0.01633407361805439,-0.0001907377737087046,-0.013453195802867413,-0.013453195802867413,-0.010490577553978753,0.018056685104966164,0.018056685104966164,0.020027466239413982,1.212089980918382,1.212089980918382,1.1495765621423661,-0.030221952125430107,-0.030221952125430107,-0.019645990691996573,0.10964171588420868,0.10964171588420868,0.07610437170977313,-0.04490417614579201,-0.04490417614579201,-0.04406042572671076,1.4470494985580444,1.4470494985580444,1.4166094453345544,-0.04784141480922699,-0.04784141480922699,-0.047493705653467444,0.37974199652671814,0.37974199652671814,0.3484779125658033,0.24191580712795258,0.24191580712795258,0.21839475089646676,-1.2979999778951918,-1.2979999778951918,-1.236171511406118
39,1.9570550918579102,-0.011645655147731304,-0.011645655147731304,0.009727626459143934,-0.010710674338042736,-0.010710674338042736,-0.011253528648813571,-0.009144642390310764,-0.009144642390310764,0.0040054932478827965,1.5748597383499146,1.5748597383499146,1.5539406424048217,-0.01609700918197632,-0.01609700918197632,-0.0001907377737087046,-0.015329282730817795,-0.015329282730817795,-0.011253528648813571,0.017519159242510796,0.017519159242510796,0.02040894178683139,1.2120861105546357,1.2120861105546357,1.1495765621423661,-0.048905592411756516,-0.048905592411756516,-0.037956816968032214,0.12742343544960022,0.12742343544960022,0.09517814908064359,-0.043926868587732315,-0.043926868587732315,-0.04406042572671076,1.4508029222488403,1.4508029222488403,1.4192797741664762,-0.0497749038040638,-0.0497749038040638,-0.04940108339055449,0.4185931384563446,0.4185931384563446,0.38471808957045717,0.254707932472229,0.254707932472229,0.2328908216983283,-1.2979999778951918,-1.2979999778951918,-1.2365529869535354
40,2.007124662399292,-0.011813146993517876,-0.011813146993517876,0.008964675364309116,-0.011452505365014076,-0.011452505365014076,-0.01163500419623098,-0.009074005298316479,-0.009074005298316479,0.0005722133211261138,1.5736995935440063,1.5736995935440063,1.5539406424048217,-0.015458706766366959,-0.015458706766366959,-0.0001907377737087046,-0.016917644068598747,-0.016917644068598747,-0.014686808575570254,0.01659511961042881,0.01659511961042881,0.02040894178683139,1.212083207781826,1.212083207781826,1.1495765621423661,-0.06759800016880035,-0.06759800016880035,-0.055886167696650446,0.14459729194641113,0.14459729194641113,0.11463340199893146,-0.04390144348144531,-0.04390144348144531,-0.04406042572671076,1.4548125267028809,1.4548125267028809,1.4208056763561459,-0.05150176212191582,-0.05150176212191582,-0.05016403448538931,0.4589853584766388,0.4589853584766388,0.4259174486915409,0.2643870711326599,0.2643870711326599,0.24357213702601577,-1.2979999778951918,-1.2979999778951918,-1.23884184023804
41,2.0571987628936768,-0.011510715819895267,-0.011510715819895267,0.008201724269474298,-0.012002211064100266,-0.012002211064100266,-0.01163500419623098,-0.008904163725674152,-0.008904163725674152,-0.0005722133211261138,1.5728663206100464,1.5728663206100464,1.5539406424048217,-0.014696513302624226,-0.014696513302624226,-0.0001907377737087046,-0.018288249149918556,-0.018288249149918556,-0.014686808575570254,0.015678955242037773,0.015678955242037773,0.020027466239413982,1.2120822401908893,1.2120822401908893,1.1495765621423661,-0.08627501130104065,-0.08627501130104065,-0.0749599450675209,0.16094639897346497,0.16094639897346497,0.1329442282749671,-0.04441756382584572,-0.04441756382584572,-0.04406042572671076,1.459810733795166,1.459810733795166,1.4238574807354851,-0.05180719867348671,-0.05180719867348671,-0.05054551003280672,0.5009492039680481,0.5009492039680481,0.46444647898069924,0.27022218704223633,0.27022218704223633,0.25082017242694654,-1.2979999778951918,-1.2979999778951918,-1.23884184023804
42,2.107335329055786,-0.010951332747936249,-0.010951332747936249,0.008201724269474298,-0.012453344650566578,-0.012453344650566578,-0.01163500419623098,-0.008772570639848709,-0.008772570639848709,-0.0005722133211261138,1.5724296569824219,1.5724296569824219,1.5539406424048217,-0.013948565348982811,-0.013948565348982811,-0.0001907377737087046,-0.01952078565955162,-0.01952078565955162,-0.017357137407492118,0.014803227968513966,0.014803227968513966,0.020027466239413982,1.2120822401908893,1.2120822401908893,1.1495765621423661,-0.10445279628038406,-0.10445279628038406,-0.09517814908064359,0.17657454311847687,0.17657454311847687,0.1493476768139157,-0.045262858271598816,-0.045262858271598816,-0.04482337682154558,1.4656494855880737,1.4656494855880737,1.4276722362096592,-0.051050230860710144,-0.051050230860710144,-0.05092698558022413,0.5437811613082886,0.5437811613082886,0.5064087891966143,0.27308905124664307,0.27308905124664307,0.25577935454337286,-1.2979999778951918,-1.2979999778951918,-1.23884184023804
43,2.1573374271392822,-0.010274275206029415,-0.010274275206029415,0.008583199816891707,-0.0128920404240489,-0.0128920404240489,-0.01163500419623098,-0.008732028305530548,-0.008732028305530548,-0.0001907377737087046,1.5722601413726807,1.5722601413726807,1.5539406424048217,-0.01328552607446909,-0.01328552607446909,0.0001907377737087046,-0.020591380074620247,-0.020591380074620247,-0.020027466239413982,0.013967087492346764,0.013967087492346764,0.02040894178683139,1.212084820433387,1.212084820433387,1.1495765621423661,-0.12136681377887726,-0.12136681377887726,-0.11348897535667923,0.1915827989578247,0.1915827989578247,0.16460669871061206,-0.046221282333135605,-0.046221282333135605,-0.04596780346379781,1.4708367586135864,1.4708367586135864,1.4337758449683378,-0.05012577027082443,-0.05012577027082443,-0.05245288776989376,0.586350679397583,0.586350679397583,0.5487525749599467,0.2743639647960663,0.2743639647960663,0.2580682078278773,-1.2979999778951918,-1.2979999778951918,-1.23884184023804
44,2.2074646949768066,-0.00951364729553461,-0.00951364729553461,0.008201724269474298,-0.013348964974284172,-0.013348964974284172,-0.01163500419623098,-0.008769720792770386,-0.008769720792770386,-0.0005722133211261138,1.5722991228103638,1.5722991228103638,1.5539406424048217,-0.012773987837135792,-0.012773987837135792,0.0001907377737087046,-0.021569401025772095,-0.021569401025772095,-0.022316319523918438,0.01328264456242323,0.01328264456242323,0.019645990691996573,1.212088368266821,1.212088368266821,1.1495765621423661,-0.13679668307304382,-0.13679668307304382,-0.13027389944304524,0.2063741534948349,0.2063741534948349,0.17757686732280398,-0.04761280119419098,-0.04761280119419098,-0.04596780346379781,1.4743363857269287,1.4743363857269287,1.439497978179599,-0.049743589013814926,-0.049743589013814926,-0.05283436331731117,0.6290002465248108,0.6290002465248108,0.5918593118181139,0.2749378979206085,0.2749378979206085,0.25883115892271213,-1.2979999778951918,-1.2979999778951918,-1.23884184023804
45,2.2574503421783447,-0.008735432289540768,-0.008735432289540768,0.008201724269474298,-0.01382872648537159,-0.01382872648537159,-0.01163500419623098,-0.008852275088429451,-0.008852275088429451,-0.0005722133211261138,1.5723938941955566,1.5723938941955566,1.5539406424048217,-0.012366743758320808,-0.012366743758320808,0.0001907377737087046,-0.022512778639793396,-0.022512778639793396,-0.022316319523918438,0.012691342271864414,0.012691342271864414,0.020027466239413982,1.212089980918382,1.212089980918382,1.1495765621423661,-0.15047146379947662,-0.15047146379947662,-0.14438849469748938,0.2209310382604599,0.2209310382604599,0.1909285114824133,-0.049586910754442215,-0.049586910754442215,-0.046730754558632626,1.4748378992080688,1.4748378992080688,1.4421683070115208,-0.051522091031074524,-0.051522091031074524,-0.05321583886472858,0.6712021827697754,0.6712021827697754,0.6338216220340289,0.27545395493507385,0.27545395493507385,0.2584496833752947,-1.2979999778951918,-1.2979999778951918,-1.23884184023804
46,2.307588815689087,-0.00801216159015894,-0.00801216159015894,0.008583199816891707,-0.014304142445325851,-0.014304142445325851,-0.01163500419623098,-0.008903124369680882,-0.008903124369680882,-0.0005722133211261138,1.57232666015625,1.57232666015625,1.5539406424048217,-0.011973705142736435,-0.011973705142736435,0.0001907377737087046,-0.023410992696881294,-0.023410992696881294,-0.022316319523918438,0.012152021750807762,0.012152021750807762,0.020027466239413982,1.2120909485093185,1.2120909485093185,1.1495765621423661,-0.1626318097114563,-0.1626318097114563,-0.15621423666742906,0.23552364110946655,0.23552364110946655,0.20466163118944003,-0.05305620655417442,-0.05305620655417442,-0.046730754558632626,1.4719135761260986,1.4719135761260986,1.443312733653773,-0.05741768330335617,-0.05741768330335617,-0.05359731441214599,0.7133544087409973,0.7133544087409973,0.6750209811551091,0.276463121175766,0.276463121175766,0.25959411001754695,-1.2979999778951918,-1.2979999778951918,-1.23884184023804
47,2.3576290607452393,-0.0073441313579678535,-0.0073441313579678535,0.008201724269474298,-0.0147368423640728,-0.0147368423640728,-0.01163500419623098,-0.008944843895733356,-0.008944843895733356,-0.0005722133211261138,1.5721399784088135,1.5721399784088135,1.5539406424048217,-0.011746691539883614,-0.011746691539883614,0.0001907377737087046,-0.02435191161930561,-0.02435191161930561,-0.024986648355840302,0.011819956824183464,0.011819956824183464,0.019645990691996573,1.2120909485093185,1.2120909485093185,1.1495765621423661,-0.17332640290260315,-0.17332640290260315,-0.16689555199511652,0.2494174987077713,0.2494174987077713,0.21839475089646676,-0.057883307337760925,-0.057883307337760925,-0.047112230106050035,1.4655247926712036,1.4655247926712036,1.443312733653773,-0.06599428504705429,-0.06599428504705429,-0.0581750209811549,0.7559098601341248,0.7559098601341248,0.7143129625391023,0.27657270431518555,0.27657270431518555,0.2622644388494688,-1.2979999778951918,-1.2979999778951918,-1.23884184023804
48,2.40765380859375,-0.006770745851099491,-0.006770745851099491,0.008583199816891707,-0.01518330816179514,-0.01518330816179514,-0.01163500419623098,-0.009082992561161518,-0.009082992561161518,-0.0005722133211261138,1.571933388710022,1.571933388710022,1.5539406424048217,-0.011672472581267357,-0.011672472581267357,0.0001907377737087046,-0.02536170184612274,-0.02536170184612274,-0.02536812390325771,0.011707881465554237,0.011707881465554237,0.020027466239413982,1.2120903034486943,1.2120903034486943,1.1495765621423661,-0.1824895143508911,-0.1824895143508911,-0.17566948958571693,0.2621459662914276,0.2621459662914276,0.23365377279316313,-0.06452438980340958,-0.06452438980340958,-0.04901960784313708,1.456498384475708,1.456498384475708,1.443312733653773,-0.07441389560699463,-0.07441389560699463,-0.07000076295109459,0.7853894233703613,0.7853894233703613,0.7562752727550173,0.27350446581840515,0.27350446581840515,0.2618829633020514,-1.2979999778951918,-1.2979999778951918,-1.23884184023804
49,2.4577791690826416,-0.0063515291549265385,-0.0063515291549265385,0.008583199816891707,-0.015712229534983635,-0.015712229534983635,-0.01201647974364839,-0.009363994933664799,-0.009363994933664799,-0.0005722133211261138,1.57169771194458,1.57169771194458,1.5539406424048217,-0.011701895855367184,-0.011701895855367184,0.0001907377737087046,-0.026336349546909332,-0.026336349546909332,-0.02574959945067512,0.011677401140332222,0.011677401140332222,0.020027466239413982,1.2120919161002552,1.2120919161002552,1.1495765621423661,-0.19088757038116455,-0.19088757038116455,-0.18482490272373475,0.2783452868461609,0.2783452868461609,0.2489127946898595,-0.07907593250274658,-0.07907593250274658,-0.056649118791485265,1.448331356048584,1.448331356048584,1.4429312581063556,-0.06437721848487854,-0.06437721848487854,-0.07724879835202536,0.7853941917419434,0.7853941917419434,0.778400854505227,0.2656641900539398,0.2656641900539398,0.261501487754634,-1.2979999778951918,-1.2979999778951918,-1.23884184023804
50,2.507786512374878,-0.006068946793675423,-0.006068946793675423,0.008583199816891707,-0.016340263187885284,-0.016340263187885284,-0.01201647974364839,-0.009779668413102627,-0.009779668413102627,-0.0005722133211261138,1.5715157985687256,1.5715157985687256,1.5539406424048217,-0.01181830558925867,-0.01181830558925867,0.0001907377737087046,-0.027251577004790306,-0.027251577004790306,-0.02574959945067512,0.011750604957342148,0.011750604957342148,0.020027466239413982,1.212094496342753,1.212094496342753,1.1495765621423661,-0.19946248829364777,-0.19946248829364777,-0.19207293812466553,0.2991425395011902,0.2991425395011902,0.2668421454184777,-0.10425153374671936,-0.10425153374671936,-0.07572289616235572,1.444208025932312,1.444208025932312,1.4429312581063556,-0.05381384119391441,-0.05381384119391441,-0.07114518959334681,0.785394549369812,0.785394549369812,0.77649347676814,0.2571521997451782,0.2571521997451782,0.25463492790112063,-1.2979999778951918,-1.2979999778951918,-1.23884184023804
51,2.557939291000366,-0.005893323570489883,-0.005893323570489883,0.008583199816891707,-0.017059752717614174,-0.017059752717614174,-0.01201647974364839,-0.010342471301555634,-0.010342471301555634,-0.0005722133211261138,1.5715467929840088,1.5715467929840088,1.5539406424048217,-0.012003572657704353,-0.012003572657704353,0.0001907377737087046,-0.02808511070907116,-0.02808511070907116,-0.02613107499809253,0.011968828737735748,0.011968828737735748,0.020027466239413982,1.2120983667064993,1.2120983667064993,1.1495765621423661,-0.20474867522716522,-0.20474867522716522,-0.2004654001678503,0.32003071904182434,0.32003071904182434,0.28896772716868746,-0.13460300862789154,-0.13460300862789154,-0.103952086671244,1.439281702041626,1.439281702041626,1.4425497825589382,-0.032243456691503525,-0.032243456691503525,-0.061226825360494175,0.7853946685791016,0.7853946685791016,0.77649347676814,0.24276280403137207,0.24276280403137207,0.24814984359502468,-1.2979999778951918,-1.2979999778951918,-1.23884184023804
52,2.6079704761505127,-0.005861779674887657,-0.005861779674887657,0.008583199816891707,-0.017841588705778122,-0.017841588705778122,-0.012397955291065799,-0.010917690582573414,-0.010917690582573414,-0.0005722133211261138,1.5717456340789795,1.5717456340789795,1.5539406424048217,-0.012021772563457489,-0.012021772563457489,0.0001907377737087046,-0.028710633516311646,-0.028710633516311646,-0.02613107499809253,0.012199843302369118,0.012199843302369118,0.020027466239413982,1.2120993342974358,1.2120993342974358,1.1495765621423661,-0.2033541202545166,-0.2033541202545166,-0.20504310673685922,0.3408949673175812,0.3408949673175812,0.3110933089188972,-0.16681639850139618,-0.16681639850139618,-0.13904783703364565,1.4334131479263306,1.4334131479263306,1.441405355916686,-0.0037766757886856794,-0.0037766757886856794,-0.03986419470511926,0.7853946685791016,0.7853946685791016,0.77649347676814,0.22470474243164062,0.22470474243164062,0.23365377279316313,-1.2979999778951918,-1.2979999778951918,-1.23884184023804
53,2.657984972000122,-0.005973347928375006,-0.005973347928375006,0.008583199816891707,-0.01855221763253212,-0.01855221763253212,-0.014305333028152845,-0.011326133273541927,-0.011326133273541927,-0.0005722133211261138,1.571999192237854,1.571999192237854,1.5539406424048217,-0.01186743751168251,-0.01186743751168251,0.0001907377737087046,-0.02915876917541027,-0.02915876917541027,-0.027275501640344757,0.012396985664963722,0.012396985664963722,0.019645990691996573,1.21209997935806,1.21209997935806,1.1495765621423661,-0.19385214149951935,-0.19385214149951935,-0.2046616311894418,0.3600730895996094,0.3600730895996094,0.3313115129320199,-0.19906997680664062,-0.19906997680664062,-0.17605096513313434,1.4264512062072754,1.4264512062072754,1.4364461738002596,0.02892758511006832,0.02892758511006832,-0.008201724269474298,0.7853956818580627,0.7853956818580627,0.77649347676814,0.2055617868900299,0.2055617868900299,0.2119096665903708,-1.2979999778951918,-1.2979999778951918,-1.23884184023804
54,2.7080605030059814,-0.006190184969455004,-0.006190184969455004,0.008583199816891707,-0.019097372889518738,-0.019097372889518738,-0.014305333028152845,-0.011536326259374619,-0.011536326259374619,-0.0005722133211261138,1.572236180305481,1.572236180305481,1.5539406424048217,-0.011587271466851234,-0.011587271466851234,0.0001907377737087046,-0.02958141453564167,-0.02958141453564167,-0.029182879377431803,0.012571534141898155,0.012571534141898155,0.020027466239413982,1.212099656827748,1.212099656827748,1.1495765621423661,-0.17639492452144623,-0.17639492452144623,-0.20160982681010253,0.3750562071800232,0.3750562071800232,0.35038529030289034,-0.23055195808410645,-0.23055195808410645,-0.21229114213779,1.4170269966125488,1.4170269966125488,1.4314869916838333,0.060980718582868576,0.060980718582868576,0.028419928282596985,0.7853959798812866,0.7853959798812866,0.77649347676814,0.1884503811597824,0.1884503811597824,0.19359884031433516,-1.2979999778951918,-1.2979999778951918,-1.23884184023804
55,2.758180856704712,-0.006499659735709429,-0.006499659735709429,0.008583199816891707,-0.01948334090411663,-0.01948334090411663,-0.014305333028152845,-0.011600270867347717,-0.011600270867347717,-0.0005722133211261138,1.5723021030426025,1.5723021030426025,1.5539406424048217,-0.011222152039408684,-0.011222152039408684,-0.0001907377737087046,-0.030000105500221252,-0.030000105500221252,-0.029182879377431803,0.012617401778697968,0.012617401778697968,0.020027466239413982,1.2120973991155626,1.2120973991155626,1.1495765621423661,-0.15264956653118134,-0.15264956653118134,-0.19169146257724812,0.3838040828704834,0.3838040828704834,0.3618295567254126,-0.26054808497428894,-0.26054808497428894,-0.2462424658579394,1.4034453630447388,1.4034453630447388,1.4208056763561459,0.08763986825942993,0.08763986825942993,0.06008239871824195,0.7853963375091553,0.7853963375091553,0.77649347676814,0.1760508269071579,0.1760508269071579,0.17757686732280398,-1.2979999778951918,-1.2979999778951918,-1.23884184023804
56,2.808189630508423,-0.006877263076603413,-0.006877263076603413,0.008583199816891707,-0.019730566069483757,-0.019730566069483757,-0.013923857480735435,-0.011446190997958183,-0.011446190997958183,-0.0005722133211261138,1.5720202922821045,1.5720202922821045,1.5539406424048217,-0.010701214894652367,-0.010701214894652367,0.0001907377737087046,-0.030393069609999657,-0.030393069609999657,-0.029564354924849212,0.012444045394659042,0.012444045394659042,0.020027466239413982,1.2120941738124407,1.2120941738124407,1.1495765621423661,-0.12474825233221054,-0.12474825233221054,-0.1707103074692906,0.3853534460067749,0.3853534460067749,0.368696116578926,-0.2891313135623932,-0.2891313135623932,-0.2752346074616625,1.3838577270507812,1.3838577270507812,1.4017318989852754,0.10514798015356064,0.10514798015356064,0.08411535820553873,0.7853954434394836,0.7853954434394836,0.7768749523155574,0.1695956289768219,0.1695956289768219,0.1661326009002817,-1.2979999778951918,-1.2979999778951918,-1.23884184023804
57,2.8583078384399414,-0.007254281081259251,-0.007254281081259251,0.008583199816891707,-0.019783811643719673,-0.019783811643719673,-0.014305333028152845,-0.0110452426597476,-0.0110452426597476,-0.0005722133211261138,1.5713495016098022,1.5713495016098022,1.5539406424048217,-0.01012889202684164,-0.01012889202684164,0.0001907377737087046,-0.030830198898911476,-0.030830198898911476,-0.029564354924849212,0.012037087231874466,0.012037087231874466,0.019645990691996573,1.2120896583880698,1.2120896583880698,1.1495765621423661,-0.0953952744603157,-0.0953952744603157,-0.1413366903181501,0.379813551902771,0.379813551902771,0.370603494316013,-0.31635957956314087,-0.31635957956314087,-0.3042267490653856,1.358033537864685,1.358033537864685,1.3773174639505612,0.11255361139774323,0.11255361139774323,0.09822995345998287,0.7853938937187195,0.7853938937187195,0.77649347676814,0.16890452802181244,0.16890452802181244,0.16002899214160315,-1.2979999778951918,-1.2979999778951918,-1.23884184023804
58,2.908299446105957,-0.007586062420159578,-0.007586062420159578,0.008583199816891707,-0.019619228318333626,-0.019619228318333626,-0.014305333028152845,-0.01035567931830883,-0.01035567931830883,-0.0005722133211261138,1.5702458620071411,1.5702458620071411,1.5539406424048217,-0.009422681294381618,-0.009422681294381618,0.0001907377737087046,-0.031298935413360596,-0.031298935413360596,-0.029564354924849212,0.011313916184008121,0.011313916184008121,0.019645990691996573,1.2120835303121382,1.2120835303121382,1.1495765621423661,-0.06698185950517654,-0.06698185950517654,-0.10700389105058328,0.36835259199142456,0.36835259199142456,0.370603494316013,-0.3423190414905548,-0.3423190414905548,-0.33054856183718684,1.326964259147644,1.326964259147644,1.3498512245365077,0.11083310842514038,0.11083310842514038,0.10166323338673955,0.7853925228118896,0.7853925228118896,0.77649347676814,0.17299027740955353,0.17299027740955353,0.15964751659418575,-1.2979999778951918,-1.2979999778951918,-1.23884184023804
59,2.95851993560791,-0.007842796854674816,-0.007842796854674816,0.008583199816891707,-0.019203169271349907,-0.019203169271349907,-0.013923857480735435,-0.009272190742194653,-0.009272190742194653,-0.0005722133211261138,1.5686724185943604,1.5686724185943604,1.5539406424048217,-0.008478020317852497,-0.008478020317852497,0.0001907377737087046,-0.031811755150556564,-0.031811755150556564,-0.029564354924849212,0.010258241556584835,0.010258241556584835,0.019264515144579164,1.2120764346452697,1.2120764346452697,1.1495765621423661,-0.04088619351387024,-0.04088619351387024,-0.06847486076142495,0.35270968079566956,0.35270968079566956,0.3648813611047519,-0.36717337369918823,-0.36717337369918823,-0.35267414358739657,1.2917577028274536,1.2917577028274536,1.3170443274586106,0.10194651037454605,0.10194651037454605,0.10128175783932214,0.7853912115097046,0.7853912115097046,0.77649347676814,0.1803869754076004,0.1803869754076004,0.16422522316319466,-1.2979999778951918,-1.2979999778951918,-1.23884184023804
60,3.008554220199585,-0.008002994582057,-0.008002994582057,0.008583199816891707,-0.01845860667526722,-0.01845860667526722,-0.013923857480735435,-0.0076906695030629635,-0.0076906695030629635,-0.0005722133211261138,1.566680669784546,1.566680669784546,1.5539406424048217,-0.007281634956598282,-0.007281634956598282,0.0005722133211261138,-0.032421648502349854,-0.032421648502349854,-0.03032730601968403,0.00897661317139864,0.00897661317139864,0.019264515144579164,1.2120667587359037,1.2120667587359037,1.1495765621423661,-0.017346443608403206,-0.017346443608403206,-0.033379110399023304,0.3345660865306854,0.3345660865306854,0.35076676585030775,-0.39103180170059204,-0.39103180170059204,-0.37174792095826703,1.2533905506134033,1.2533905506134033,1.2800411993591219,0.08782137930393219,0.08782137930393219,0.09594110017547841,0.7853897213935852,0.7853897213935852,0.77649347676814,0.18936078250408173,0.18936078250408173,0.17147325856412543,-1.2979999778951918,-1.2979999778951918,-1.23884184023804
61,3.058631658554077,-0.008079263381659985,-0.008079263381659985,0.008583199816891707,-0.017342882230877876,-0.017342882230877876,-0.014305333028152845,-0.005699339788407087,-0.005699339788407087,-0.0005722133211261138,1.5643709897994995,1.5643709897994995,1.5539406424048217,-0.005963330622762442,-0.005963330622762442,0.0005722133211261138,-0.03319471701979637,-0.03319471701979637,-0.03070878156710144,0.007576563395559788,0.007576563395559788,0.018883039597161755,1.2120596630690355,1.2120596630690355,1.1495765621423661,0.0036108095664530993,0.0036108095664530993,-0.00705729762722207,0.31552642583847046,0.31552642583847046,0.3320744640268547,-0.41321006417274475,-0.41321006417274475,-0.3919661249713897,1.2142798900604248,1.2142798900604248,1.2407492179751287,0.07307899743318558,0.07307899743318558,0.08144502937361686,0.7853891253471375,0.7853891253471375,0.7761120012207225,0.197790265083313,0.197790265083313,0.17948424505989102,-1.2979999778951918,-1.2979999778951918,-1.23884184023804
62,3.1085782051086426,-0.008119016885757446,-0.008119016885757446,0.008583199816891707,-0.015924202278256416,-0.015924202278256416,-0.013923857480735435,-0.0033938009291887283,-0.0033938009291887283,-0.0001907377737087046,1.5617743730545044,1.5617743730545044,1.5539406424048217,-0.004544103052467108,-0.004544103052467108,0.0005722133211261138,-0.034068554639816284,-0.034068554639816284,-0.03070878156710144,0.006101658567786217,0.006101658567786217,0.017357137407492118,1.2120512772809184,1.2120512772809184,1.1495765621423661,0.022910939529538155,0.022910939529538155,0.012397955291065799,0.29678624868392944,0.29678624868392944,0.30918593118181015,-0.4331013262271881,-0.4331013262271881,-0.41409170672159945,1.1761116981506348,1.1761116981506348,1.1995498588540485,0.05959689989686012,0.05959689989686012,0.06847486076142495,0.7853890657424927,0.7853890657424927,0.77649347676814,0.2050049901008606,0.2050049901008606,0.1871137560082392,-1.2979999778951918,-1.2979999778951918,-1.23884184023804
63,3.1587111949920654,-0.008167044259607792,-0.008167044259607792,0.008583199816891707,-0.014271878637373447,-0.014271878637373447,-0.013923857480735435,-0.0009037337149493396,-0.0009037337149493396,-0.0001907377737087046,1.5589045286178589,1.5589045286178589,1.5539406424048217,-0.0031559220515191555,-0.0031559220515191555,0.000953688868543523,-0.03502461686730385,-0.03502461686730385,-0.032997634851605895,0.004561650101095438,0.004561650101095438,0.01583123521782248,1.2120457942656109,1.2120457942656109,1.1495765621423661,0.04155520349740982,0.04155520349740982,0.024986648355840302,0.27899134159088135,0.27899134159088135,0.28515297169451337,-0.4502864181995392,-0.4502864181995392,-0.4365987640192266,1.1399314403533936,1.1399314403533936,1.158731975280384,0.048486411571502686,0.048486411571502686,0.05436026550698081,0.7853898406028748,0.7853898406028748,0.77649347676814,0.2111765444278717,0.2111765444278717,0.19398031586175257,-1.2979999778951918,-1.2979999778951918,-1.23884184023804
64,3.2087619304656982,-0.008259092457592487,-0.008259092457592487,0.008583199816891707,-0.012440528720617294,-0.012440528720617294,-0.013923857480735435,0.0016265739686787128,0.0016265739686787128,-0.0001907377737087046,1.5557199716567993,1.5557199716567993,1.5539406424048217,-0.0019332339288666844,-0.0019332339288666844,0.0013351644159609322,-0.035917796194553375,-0.035917796194553375,-0.033379110399023304,0.0029435825999826193,0.0029435825999826193,0.015449759670405072,1.2120448266746744,1.2120448266746744,1.1495765621423661,0.06017272174358368,0.06017272174358368,0.03376058594644071,0.26235949993133545,0.26235949993133545,0.2622644388494688,-0.46489328145980835,-0.46489328145980835,-0.4571984435797667,1.1062877178192139,1.1062877178192139,1.1202029449912256,0.039415594190359116,0.039415594190359116,0.04329747463187594,0.7853906154632568,0.7853906154632568,0.77649347676814,0.2170030176639557,0.2170030176639557,0.19741359578850926,-1.2979999778951918,-1.2979999778951918,-1.23884184023804
65,3.258784055709839,-0.008351032622158527,-0.008351032622158527,0.008583199816891707,-0.010514602065086365,-0.010514602065086365,-0.013923857480735435,0.0040526678785681725,0.0040526678785681725,0.0001907377737087046,1.5523582696914673,1.5523582696914673,1.5539406424048217,-0.0009417764958925545,-0.0009417764958925545,0.003242542153047978,-0.03666361793875694,-0.03666361793875694,-0.033379110399023304,0.0013386649079620838,0.0013386649079620838,0.013542381933318026,1.2120470843868598,1.2120470843868598,1.1495765621423661,0.07864376157522202,0.07864376157522202,0.042915999084458534,0.24679669737815857,0.24679669737815857,0.2412832837415113,-0.47708794474601746,-0.47708794474601746,-0.4739833676661327,1.075697422027588,1.075697422027588,1.0854886701762414,0.0330917090177536,0.0330917090177536,0.032997634851605895,0.7853921055793762,0.7853921055793762,0.77649347676814,0.2227199226617813,0.2227199226617813,0.20237277790493557,-1.2979999778951918,-1.2979999778951918,-1.23884184023804
66,3.3088855743408203,-0.008413472212851048,-0.008413472212851048,0.008583199816891707,-0.00858348235487938,-0.00858348235487938,-0.013923857480735435,0.006276099942624569,0.006276099942624569,0.000953688868543523,1.5490525960922241,1.5490525960922241,1.5531776913099868,-0.0002560713328421116,-0.0002560713328421116,0.0040054932478827965,-0.03720138594508171,-0.03720138594508171,-0.03376058594644071,-0.00012374889047350734,-0.00012374889047350734,0.012397955291065799,1.2120525674021672,1.2120525674021672,1.1495765621423661,0.09701589494943619,0.09701589494943619,0.05436026550698081,0.23194269835948944,0.23194269835948944,0.22640573739223235,-0.48756346106529236,-0.48756346106529236,-0.4865720607309072,1.0471807718276978,1.0471807718276978,1.056115053025101,0.02758481167256832,0.02758481167256832,0.02574959945067512,0.7853929400444031,0.7853929400444031,0.7768749523155574,0.22940221428871155,0.22940221428871155,0.20428015564202262,-1.2979999778951918,-1.2979999778951918,-1.23884184023804
67,3.358934164047241,-0.008443254046142101,-0.008443254046142101,0.008583199816891707,-0.00672992505133152,-0.00672992505133152,-0.013923857480735435,0.008232063613831997,0.008232063613831997,0.0017166399633783413,1.5460723638534546,1.5460723638534546,1.552414740215152,0.00016283089644275606,0.00016283089644275606,0.004386968795300206,-0.037531640380620956,-0.037531640380620956,-0.03414206149385812,-0.0013309390051290393,-0.0013309390051290393,0.01201647974364839,1.2120554701749768,1.2120554701749768,1.1495765621423661,0.1147928312420845,0.1147928312420845,0.07000076295109459,0.2175157368183136,0.2175157368183136,0.2153429465171275,-0.4967285990715027,-0.4967285990715027,-0.4949645227740902,1.0200692415237427,1.0200692415237427,1.0297932402532997,0.022751502692699432,0.022751502692699432,0.0207904173342488,0.7853938341140747,0.7853938341140747,0.7768749523155574,0.23725727200508118,0.23725727200508118,0.2115281910429534,-1.2979999778951918,-1.2979999778951918,-1.2384603646906225
68,3.4089205265045166,-0.008440797217190266,-0.008440797217190266,0.008583199816891707,-0.00501364516094327,-0.00501364516094327,-0.013923857480735435,0.009902129881083965,0.009902129881083965,0.0024795910582131597,1.543665885925293,1.543665885925293,1.5516517891203172,0.00034872282412834466,0.00034872282412834466,0.004386968795300206,-0.03765594959259033,-0.03765594959259033,-0.03414206149385812,-0.0021496249828487635,-0.0021496249828487635,0.01201647974364839,1.2120635334327818,1.2120635334327818,1.1495765621423661,0.1316082626581192,0.1316082626581192,0.09288929579613914,0.2034035623073578,0.2034035623073578,0.20466163118944003,-0.5049492716789246,-0.5049492716789246,-0.5003051804379339,0.9936416149139404,0.9936416149139404,1.004997329671168,0.018021751195192337,0.018021751195192337,0.017738612954909527,0.7853944897651672,0.7853944897651672,0.77649347676814,0.24641001224517822,0.24641001224517822,0.2203021286335538,-1.2979999778951918,-1.2979999778951918,-1.23884184023804
69,3.458965301513672,-0.008391925133764744,-0.008391925133764744,0.008201724269474298,-0.003491010284051299,-0.003491010284051299,-0.013542381933318026,0.011288483627140522,0.011288483627140522,0.0024795910582131597,1.5421313047409058,1.5421313047409058,1.550507362478065,0.00035769815440289676,0.00035769815440289676,0.004386968795300206,-0.03768730163574219,-0.03768730163574219,-0.03452353704127553,-0.002451202366501093,-0.002451202366501093,0.01163500419623098,1.2120699840390259,1.2120699840390259,1.1495765621423661,0.14718669652938843,0.14718669652938843,0.11768520637827073,0.18997512757778168,0.18997512757778168,0.19398031586175257,-0.5123431086540222,-0.5123431086540222,-0.5029755092698558,0.9673822522163391,0.9673822522163391,0.9828717479209583,0.018697282299399376,0.018697282299399376,0.01621271076523989,0.785403311252594,0.785403311252594,0.77649347676814,0.2596912682056427,0.2596912682056427,0.2328908216983283,-1.2978746021858285,-1.2978746021858285,-1.23884184023804
70,3.509054183959961,-0.008393865078687668,-0.008393865078687668,0.008583199816891707,-0.002190534258261323,-0.002190534258261323,-0.013542381933318026,0.012400807812809944,0.012400807812809944,0.002861066605630569,1.541405439376831,1.541405439376831,1.5501258869306476,0.000252496509347111,0.000252496509347111,0.004386968795300206,-0.03766085207462311,-0.03766085207462311,-0.03528648813611035,-0.0023623143788427114,-0.0023623143788427114,0.01201647974364839,1.2120757895846455,1.2120757895846455,1.1495765621423661,0.1633620411157608,0.1633620411157608,0.14019226367589788,0.17717856168746948,0.17717856168746948,0.18444342717631734,-0.5202426314353943,-0.5202426314353943,-0.5067902647440299,0.9381684064865112,0.9381684064865112,0.9588387884336615,0.010022834874689579,0.010022834874689579,0.01697566186007471,0.7853962182998657,0.7853962182998657,0.77649347676814,0.2751864194869995,0.2751864194869995,0.24738689250018986,-1.29792399261679,-1.29792399261679,-1.2384603646906225
71,3.559206962585449,-0.008499839343130589,-0.008499839343130589,0.008583199816891707,-0.0011062647681683302,-0.0011062647681683302,-0.013542381933318026,0.013335292227566242,0.013335292227566242,0.0024795910582131597,1.5411912202835083,1.5411912202835083,1.5501258869306476,0.00017941661644726992,0.00017941661644726992,0.004386968795300206,-0.037578679621219635,-0.037578679621219635,-0.03643091477836258,-0.002122238278388977,-0.002122238278388977,0.01201647974364839,1.2120809500696406,1.2120809500696406,1.1495765621423661,0.17752490937709808,0.17752490937709808,0.1615548943312728,0.16467972099781036,0.16467972099781036,0.16956588082703838,-0.5256074070930481,-0.5256074070930481,-0.5071717402914473,0.9097732901573181,0.9097732901573181,0.9309910734721907,0.006156095769256353,0.006156095769256353,0.009727626459143934,0.7853968143463135,0.7853968143463135,0.77649347676814,0.28747841715812683,0.28747841715812683,0.2656977187762255,-1.2979488605260852,-1.2979488605260852,-1.2384603646906225
72,3.609259843826294,-0.008693419396877289,-0.008693419396877289,0.008583199816891707,-0.00016779052384663373,-0.00016779052384663373,-0.013542381933318026,0.014165790751576424,0.014165790751576424,0.0036240177004653873,1.5411256551742554,1.5411256551742554,1.5501258869306476,0.00012789350876118988,0.00012789350876118988,0.004386968795300206,-0.037486087530851364,-0.037486087530851364,-0.03681239032577999,-0.0019178824732080102,-0.0019178824732080102,0.01163500419623098,1.2120841753727625,1.2120841753727625,1.1495765621423661,0.1905001401901245,0.1905001401901245,0.17986572060730843,0.15359711647033691,0.15359711647033691,0.15697718776226388,-0.5297037959098816,-0.5297037959098816,-0.5151827267872129,0.8836530447006226,0.8836530447006226,0.9012359807736328,0.0037927429657429457,0.0037927429657429457,0.006294346532387252,0.7853989005088806,0.7853989005088806,0.77649347676814,0.30021846294403076,0.30021846294403076,0.2775234607461652,-1.2979688930085729,-1.2979688930085729,-1.2384603646906225
73,3.6592772006988525,-0.008918888866901398,-0.008918888866901398,0.008583199816891707,0.0006670562434010208,0.0006670562434010208,-0.013542381933318026,0.014922356233000755,0.014922356233000755,0.007820248722056888,1.5409942865371704,1.5409942865371704,1.5501258869306476,0.00014874797489028424,0.00014874797489028424,0.004386968795300206,-0.037404000759124756,-0.037404000759124756,-0.03643091477836258,-0.0017985743470489979,-0.0017985743470489979,0.01201647974364839,1.2120854654940114,1.2120854654940114,1.1495765621423661,0.20238031446933746,0.20238031446933746,0.19016556038757848,0.1444392204284668,0.1444392204284668,0.14438849469748938,-0.5324941277503967,-0.5324941277503967,-0.5228122377355611,0.8609284162521362,0.8609284162521362,0.8756771190966663,0.002264287555590272,0.002264287555590272,0.002861066605630569,0.782574474811554,0.782574474811554,0.77649347676814,0.3126114010810852,0.3126114010810852,0.2897306782635223,-0.43337178426129486,-1.1979688930085728,-1.2384603646906225
74,3.709307909011841,-0.00916600227355957,-0.00916600227355957,0.008583199816891707,0.001434438512660563,0.001434438512660563,-0.01163500419623098,0.01563366688787937,0.01563366688787937,0.008964675364309116,1.5406413078308105,1.5406413078308105,1.5501258869306476,0.00023994849470909685,0.00023994849470909685,0.004386968795300206,-0.03727845475077629,-0.03727845475077629,-0.03681239032577999,-0.0017998620169237256,-0.0017998620169237256,0.01201647974364839,1.2120874006758844,1.2120874006758844,1.1495765621423661,0.21146206557750702,0.21146206557750702,0.1947432669565874,0.1398531049489975,0.1398531049489975,0.1333257038223845,-0.5354974269866943,-0.5354974269866943,-0.5258640421149003,0.8442456126213074,0.8442456126213074,0.8524071107042044,0.0025947424583137035,0.0025947424583137035,0.0024795910582131597,0.7854287624359131,0.7854287624359131,0.7761120012207225,0.32599076628685,0.32599076628685,0.3000305180437923,-0.39156951951129104,-1.0979688930085727,-1.2293049515526047
75,3.759401798248291,-0.00939241237938404,-0.00939241237938404,0.008201724269474298,0.002172715961933136,0.002172715961933136,-0.010872053101396162,0.016359621658921242,0.016359621658921242,0.008964675364309116,1.5401136875152588,1.5401136875152588,1.5501258869306476,0.0004125466803088784,0.0004125466803088784,0.004768444342717615,-0.03711171820759773,-0.03711171820759773,-0.03681239032577999,-0.0018998959567397833,-0.0018998959567397833,0.01201647974364839,1.2120877232061966,1.2120877232061966,1.1495765621423661,0.21572327613830566,0.21572327613830566,0.1951247425040048,0.1387815922498703,0.1387815922498703,0.12531471732661892,-0.5397571921348572,-0.5397571921348572,-0.5266269932097352,0.837236225605011,0.837236225605011,0.8375295643549254,-0.006773434579372406,-0.006773434579372406,0.0013351644159609322,0.7835466861724854,0.7835466861724854,0.77649347676814,0.33865588903427124,0.33865588903427124,0.31300068665598424,-0.37860194097672195,-0.9979688930085727,-1.1884870679789419
76,3.8095450401306152,-0.009588075801730156,-0.009588075801730156,0.008201724269474298,0.002903960645198822,0.002903960645198822,-0.010872053101396162,0.01707383804023266,0.01707383804023266,0.008964675364309116,1.5395073890686035,1.5395073890686035,1.5501258869306476,0.0005951086059212685,0.0005951086059212685,0.004768444342717615,-0.036982014775276184,-0.036982014775276184,-0.03681239032577999,-0.0020474439952522516,-0.0020474439952522516,0.01201647974364839,1.2120870781455724,1.2120870781455724,1.1495765621423661,0.21355673670768738,0.21355673670768738,0.1951247425040048,0.14024992287158966,0.14024992287158966,0.1245517662317841,-0.5410487055778503,-0.5410487055778503,-0.5331120775158311,0.8407917022705078,0.8407917022705078,0.8340962844281687,-0.007035657297819853,-0.007035657297819853,-0.008964675364309116,0.7804291844367981,0.7804291844367981,0.7761120012207225,0.33865049481391907,0.33865049481391907,0.3248264286259239,-0.37255558514169307,-0.8979688930085727,-1.123254749370565
77,3.859534502029419,-0.009745609946548939,-0.009745609946548939,0.008201724269474298,0.0035833728034049273,0.0035833728034049273,-0.011253528648813571,0.017690258100628853,0.017690258100628853,0.008964675364309116,1.538958191871643,1.538958191871643,1.5497444113832302,0.0007235577213577926,0.0007235577213577926,0.004768444342717615,-0.03691622242331505,-0.03691622242331505,-0.03681239032577999,-0.002161866519600153,-0.002161866519600153,0.01201647974364839,1.2120870781455724,1.2120870781455724,1.1495765621423661,0.20469354093074799,0.20469354093074799,0.1951247425040048,0.1452619880437851,0.1452619880437851,0.1245517662317841,-0.5415546894073486,-0.5415546894073486,-0.5369268329900052,0.8548636436462402,0.8548636436462402,0.8340962844281687,-0.002858421066775918,-0.002858421066775918,-0.008583199816891707,0.7734173536300659,0.7734173536300659,0.7749675745784703,0.3314528465270996,0.3314528465270996,0.3248264286259239,-0.3651224979758264,-0.7979688930085728,-1.0454337376974134
78,3.909635066986084,-0.009883514605462551,-0.009883514605462551,0.008201724269474298,0.004166463855654001,0.004166463855654001,-0.010872053101396162,0.01817648857831955,0.01817648857831955,0.008964675364309116,1.5384740829467773,1.5384740829467773,1.5497444113832302,0.0007429361576214433,0.0007429361576214433,0.004768444342717615,-0.03686092793941498,-0.03686092793941498,-0.03681239032577999,-0.002301886910572648,-0.002301886910572648,0.01201647974364839,1.2120893358577576,1.2120893358577576,1.1495765621423661,0.18944746255874634,0.18944746255874634,0.19398031586175257,0.15478527545928955,0.15478527545928955,0.12684061951628856,-0.541836678981781,-0.541836678981781,-0.5373083085374226,0.8781824111938477,0.8781824111938477,0.8421072709239343,0.002966570667922497,0.002966570667922497,-0.007820248722056888,0.7700881958007812,0.7700881958007812,0.7715342946517136,0.3215280771255493,0.3215280771255493,0.3206301976043324,-0.35986224438462944,-0.6979688930085728,-0.959220263981079
79,3.9597244262695312,-0.009997690096497536,-0.009997690096497536,0.008201724269474298,0.004640079103410244,0.004640079103410244,-0.010872053101396162,0.0185360349714756,0.0185360349714756,0.008964675364309116,1.5379743576049805,1.5379743576049805,1.5489814602883953,0.0006358889513649046,0.0006358889513649046,0.004768444342717615,-0.03683558851480484,-0.03683558851480484,-0.03681239032577999,-0.0025156517513096333,-0.0025156517513096333,0.01201647974364839,1.2120919161002552,1.2120919161002552,1.1495765621423661,0.17009280622005463,0.17009280622005463,0.18520637827115216,0.16629575192928314,0.16629575192928314,0.1325627527275497,-0.5419144034385681,-0.5419144034385681,-0.53768978408484,0.9052214026451111,0.9052214026451111,0.8661402304112311,0.009033404290676117,0.009033404290676117,-0.0040054932478827965,0.7678329944610596,0.7678329944610596,0.7692454413672092,0.3129115700721741,0.3129115700721741,0.30994888227664497,-0.3526464060374671,-0.5979688930085728,-0.8680476081483182
80,4.0097572803497314,-0.010074205696582794,-0.010074205696582794,0.008201724269474298,0.004985598847270012,0.004985598847270012,-0.010872053101396162,0.01868707500398159,0.01868707500398159,0.008964675364309116,1.5373896360397339,1.5373896360397339,1.5482185091935605,0.0002717264578677714,0.0002717264578677714,0.004768444342717615,-0.036905888468027115,-0.036905888468027115,-0.03681239032577999,-0.002745650475844741,-0.002745650475844741,0.01201647974364839,1.212094496342753,1.212094496342753,1.1495765621423661,0.1485656499862671,0.1485656499862671,0.16803997863736875,0.17850545048713684,0.17850545048713684,0.1447699702449068,-0.5421043634414673,-0.5421043634414673,-0.53768978408484,0.9337015748023987,0.9337015748023987,0.902380407415885,0.015096699818968773,0.015096699818968773,0.0001907377737087046,0.764225423336029,0.764225423336029,0.7684824902723744,0.3064289689064026,0.3064289689064026,0.30422674906538383,-0.3480852170075691,-0.49796889300857283,-0.7738231479362181
81,4.059839248657227,-0.01011335663497448,-0.01011335663497448,0.008201724269474298,0.005143702030181885,0.005143702030181885,-0.010872053101396162,0.01855883002281189,0.01855883002281189,0.008964675364309116,1.5367109775543213,1.5367109775543213,1.5470740825513083,-0.0003267991996835917,-0.0003267991996835917,0.004768444342717615,-0.036996614187955856,-0.036996614187955856,-0.03681239032577999,-0.002979262499138713,-0.002979262499138713,0.01201647974364839,1.2120990117671235,1.2120990117671235,1.1495765621423661,0.12596383690834045,0.12596383690834045,0.14744029907682865,0.19113054871559143,0.19113054871559143,0.16002899214160315,-0.5425950884819031,-0.5425950884819031,-0.53768978408484,0.9626314043998718,0.9626314043998718,0.9363317311360344,0.019608188420534134,0.019608188420534134,0.005912870984969842,0.7598119378089905,0.7598119378089905,0.7654306858930351,0.3015822768211365,0.3015822768211365,0.2992675669489575,-0.34426212134105827,-0.39796889300857285,-0.6784542610818658
82,4.10984468460083,-0.010161533951759338,-0.010161533951759338,0.008201724269474298,0.005105068441480398,0.005105068441480398,-0.010872053101396162,0.01822519116103649,0.01822519116103649,0.008964675364309116,1.535857081413269,1.535857081413269,1.545929655909056,-0.0010350123047828674,-0.0010350123047828674,0.004386968795300206,-0.03698568046092987,-0.03698568046092987,-0.03681239032577999,-0.0032845844980329275,-0.0032845844980329275,0.01201647974364839,1.21209997935806,1.21209997935806,1.1495765621423661,0.10264816880226135,0.10264816880226135,0.1245517662317841,0.20406270027160645,0.20406270027160645,0.17528801403829952,-0.5431087017059326,-0.5431087017059326,-0.53768978408484,0.9912757277488708,0.9912757277488708,0.9653238727397575,0.023559484630823135,0.023559484630823135,0.010872053101396162,0.7553781867027283,0.7553781867027283,0.7639047837033655,0.29809239506721497,0.29809239506721497,0.29736018921187046,-0.34130663939884753,-0.34130663939884753,-0.5823224231326769
83,4.159881830215454,-0.0102472435683012,-0.0102472435683012,0.008201724269474298,0.004935313947498798,0.004935313947498798,-0.010872053101396162,0.017790282145142555,0.017790282145142555,0.008964675364309116,1.5348373651504517,1.5348373651504517,1.544022278171969,-0.0018126089125871658,-0.0018126089125871658,0.004386968795300206,-0.036927659064531326,-0.036927659064531326,-0.03681239032577999,-0.0035918140783905983,-0.0035918140783905983,0.01163500419623098,1.21209997935806,1.21209997935806,1.1495765621423661,0.0793527364730835,0.0793527364730835,0.09594110017547841,0.2170170694589615,0.2170170694589615,0.1913099870298307,-0.5436955690383911,-0.5436955690383911,-0.53768978408484,1.018713355064392,1.018713355064392,0.9885938811322195,0.026738157495856285,0.026738157495856285,0.013542381933318026,0.7504375576972961,0.7504375576972961,0.7608529793240262,0.29639869928359985,0.29639869928359985,0.2916380560006093,-0.33886371269822135,-0.33886371269822135,-0.504119935912108
84,4.209971189498901,-0.010380016639828682,-0.010380016639828682,0.008201724269474298,0.004681394435465336,0.004681394435465336,-0.010872053101396162,0.017252346500754356,0.017252346500754356,0.008964675364309116,1.5337929725646973,1.5337929725646973,1.5417334248874646,-0.0027122253086417913,-0.0027122253086417913,0.004386968795300206,-0.03691629320383072,-0.03691629320383072,-0.03681239032577999,-0.003858683630824089,-0.003858683630824089,0.01163500419623098,1.21209997935806,1.21209997935806,1.1495765621423661,0.056763991713523865,0.056763991713523865,0.06771190966659013,0.22971147298812866,0.22971147298812866,0.20580605783169226,-0.5444239974021912,-0.5444239974021912,-0.53768978408484,1.0443414449691772,1.0443414449691772,1.0103379873350118,0.029419589787721634,0.029419589787721634,0.01697566186007471,0.7451865673065186,0.7451865673065186,0.7566567483024347,0.29615169763565063,0.29615169763565063,0.2904936293583571,-0.3366832805957115,-0.3366832805957115,-0.4613946746013582
85,4.260084390640259,-0.01057402789592743,-0.01057402789592743,0.008201724269474298,0.004348189104348421,0.004348189104348421,-0.010872053101396162,0.016693497076630592,0.016693497076630592,0.008964675364309116,1.5327510833740234,1.5327510833740234,1.5386816205081253,-0.0035418858751654625,-0.0035418858751654625,0.004386968795300206,-0.03688761219382286,-0.03688761219382286,-0.03681239032577999,-0.004244736395776272,-0.004244736395776272,0.01163500419623098,1.21209997935806,1.21209997935806,1.1495765621423661,0.03550109267234802,0.03550109267234802,0.03986419470511926,0.24177579581737518,0.24177579581737518,0.22144655527580603,-0.5453556776046753,-0.5453556776046753,-0.53768978408484,1.0676175355911255,1.0676175355911255,1.034752422369726,0.03154321759939194,0.03154321759939194,0.019645990691996573,0.7398186326026917,0.7398186326026917,0.7505531395437561,0.29718446731567383,0.29718446731567383,0.2904936293583571,-0.33485065383570556,-0.33485065383570556,-0.4365987640192266
86,4.310080528259277,-0.010794275440275669,-0.010794275440275669,0.008201724269474298,0.004012914374470711,0.004012914374470711,-0.010872053101396162,0.01631242223083973,0.01631242223083973,0.008964675364309116,1.531650185585022,1.531650185585022,1.5371557183184557,-0.004224088508635759,-0.004224088508635759,0.004386968795300206,-0.03691210597753525,-0.03691210597753525,-0.03681239032577999,-0.00480678491294384,-0.00480678491294384,0.011253528648813571,1.21209997935806,1.21209997935806,1.1495765621423661,0.0161973237991333,0.0161973237991333,0.015068284122987663,0.25281721353530884,0.25281721353530884,0.23327229724574572,-0.5465262532234192,-0.5465262532234192,-0.53768978408484,1.0879888534545898,1.0879888534545898,1.0568780041199357,0.033341336995363235,0.033341336995363235,0.020027466239413982,0.7346112132072449,0.7346112132072449,0.7463569085221646,0.299140065908432,0.299140065908432,0.2897306782635223,-0.3329976492055826,-0.3329976492055826,-0.420195315480278
87,4.360200881958008,-0.010945883579552174,-0.010945883579552174,0.008201724269474298,0.0037690112367272377,0.0037690112367272377,-0.010872053101396162,0.016166547313332558,0.016166547313332558,0.008964675364309116,1.53055739402771,1.53055739402771,1.5367742427710382,-0.004844136070460081,-0.004844136070460081,0.0040054932478827965,-0.037232302129268646,-0.037232302129268646,-0.03681239032577999,-0.005422990769147873,-0.005422990769147873,0.01163500419623098,1.212099656827748,1.212099656827748,1.1495765621423661,-0.0005016624345444143,-0.0005016624345444143,-0.002861066605630569,0.2624801695346832,0.2624801695346832,0.24280918593118095,-0.5479232668876648,-0.5479232668876648,-0.5388342107270923,1.1049712896347046,1.1049712896347046,1.0763332570382236,0.03486146032810211,0.03486146032810211,0.022316319523918438,0.7297412753105164,0.7297412753105164,0.7421606775005731,0.30171382427215576,0.30171382427215576,0.2904936293583571,-0.3325389744341375,-0.3325389744341375,-0.4156176089112691
88,4.41021466255188,-0.010982467792928219,-0.010982467792928219,0.008201724269474298,0.003578916657716036,0.003578916657716036,-0.010872053101396162,0.016199644654989243,0.016199644654989243,0.008964675364309116,1.5295052528381348,1.5295052528381348,1.5367742427710382,-0.005318470299243927,-0.005318470299243927,0.0040054932478827965,-0.0379549078643322,-0.0379549078643322,-0.03681239032577999,-0.006089245434850454,-0.006089245434850454,0.011253528648813571,1.2120951414033774,1.2120951414033774,1.1495765621423661,-0.013973373919725418,-0.013973373919725418,-0.0165941863126573,0.2704342007637024,0.2704342007637024,0.24776836804760727,-0.5495255589485168,-0.5495255589485168,-0.5388342107270923,1.1181764602661133,1.1181764602661133,1.0912108033875025,0.036433812230825424,0.036433812230825424,0.022316319523918438,0.7254756689071655,0.7254756689071655,0.738345922026399,0.30449628829956055,0.30449628829956055,0.2908751049057745,-0.332354882827827,-0.332354882827827,-0.41371023117418204
89,4.460391521453857,-0.010916780680418015,-0.010916780680418015,0.008201724269474298,0.0033680927008390427,0.0033680927008390427,-0.010872053101396162,0.01649102196097374,0.01649102196097374,0.008964675364309116,1.5283286571502686,1.5283286571502686,1.5367742427710382,-0.0053503322415053844,-0.0053503322415053844,0.0040054932478827965,-0.039053142070770264,-0.039053142070770264,-0.03681239032577999,-0.006910210475325584,-0.006910210475325584,0.009346150911726525,1.212086433084948,1.212086433084948,1.1495765621423661,-0.023573698475956917,-0.023573698475956917,-0.023460746166170665,0.2763548195362091,0.2763548195362091,0.253109025711451,-0.5513460636138916,-0.5513460636138916,-0.5407415884641793,1.1271958351135254,1.1271958351135254,1.1049439230945293,0.03825917840003967,0.03825917840003967,0.023079270618753256,0.721920371055603,0.721920371055603,0.7352941176470598,0.30720528960227966,0.30720528960227966,0.2916380560006093,-0.3322592104545662,-0.3322592104545662,-0.41371023117418204
90,4.510440826416016,-0.010747291147708893,-0.010747291147708893,0.008201724269474298,0.003153184661641717,0.003153184661641717,-0.010872053101396162,0.01713058166205883,0.01713058166205883,0.008964675364309116,1.5267778635025024,1.5267778635025024,1.5367742427710382,-0.004845720715820789,-0.004845720715820789,0.0040054932478827965,-0.04065342992544174,-0.04065342992544174,-0.03681239032577999,-0.007952472195029259,-0.007952472195029259,0.008583199816891707,1.21207353187246,1.21207353187246,1.1495765621423661,-0.028653891757130623,-0.028653891757130623,-0.028419928282596985,0.27995094656944275,0.27995094656944275,0.25883115892271213,-0.5534324645996094,-0.5534324645996094,-0.5453192950331882,1.1315901279449463,1.1315901279449463,1.114099336232547,0.04060892388224602,0.04060892388224602,0.02574959945067512,0.7191647291183472,0.7191647291183472,0.7314793621728857,0.3095533549785614,0.3095533549785614,0.29201953154802673,-0.3322630097184863,-0.3322630097184863,-0.41371023117418204
91,4.560495376586914,-0.010423294268548489,-0.010423294268548489,0.008201724269474298,0.002933984389528632,0.002933984389528632,-0.010872053101396162,0.018105052411556244,0.018105052411556244,0.008964675364309116,1.5247100591659546,1.5247100591659546,1.5360112916762034,-0.003694220446050167,-0.003694220446050167,0.0040054932478827965,-0.042845744639635086,-0.042845744639635086,-0.037575341420614805,-0.009260852821171284,-0.009260852821171284,0.008201724269474298,1.2120580504174745,1.2120580504174745,1.1495765621423661,-0.03376443311572075,-0.03376443311572075,-0.03185320820935367,0.28445175290107727,0.28445175290107727,0.2607385366597992,-0.554345965385437,-0.554345965385437,-0.5453192950331882,1.1421635150909424,1.1421635150909424,1.1163881895170515,0.04005972295999527,0.04005972295999527,0.027656977187762166,0.7194646596908569,0.7194646596908569,0.728046082246129,0.30193254351615906,0.30193254351615906,0.29240100709544414,-0.3300290425334659,-0.3300290425334659,-0.41332875562676463
92,4.610529661178589,-0.009876166470348835,-0.009876166470348835,0.008201724269474298,0.0026574423536658287,0.0026574423536658287,-0.010872053101396162,0.019435597583651543,0.019435597583651543,0.008964675364309116,1.5220818519592285,1.5220818519592285,1.5348668650339512,-0.0017077833181247115,-0.0017077833181247115,0.004386968795300206,-0.045623768121004105,-0.045623768121004105,-0.0413900968947889,-0.010915874503552914,-0.010915874503552914,0.007438773174639479,1.2120457942656109,1.2120457942656109,1.1495765621423661,-0.04275331646203995,-0.04275331646203995,-0.03643091477836258,0.29097980260849,0.29097980260849,0.2611200122072166,-0.5507410168647766,-0.5507410168647766,-0.5453192950331882,1.1644906997680664,1.1644906997680664,1.1228732738231475,0.04031357169151306,0.04031357169151306,0.027656977187762166,0.7253003716468811,0.7253003716468811,0.728046082246129,0.2814803719520569,0.2814803719520569,0.2897306782635223,-0.32422376726354885,-0.32422376726354885,-0.41065842679484277
93,4.660658121109009,-0.009005355648696423,-0.009005355648696423,0.008201724269474298,0.0023106569424271584,0.0023106569424271584,-0.010872053101396162,0.021085429936647415,0.021085429936647415,0.008964675364309116,1.519011378288269,1.519011378288269,1.5306706340123597,0.0010118157370015979,0.0010118157370015979,0.004386968795300206,-0.04904394596815109,-0.04904394596815109,-0.0455863279163804,-0.012868169695138931,-0.012868169695138931,0.004386968795300206,1.2120299902803133,1.2120299902803133,1.1495765621423661,-0.055837783962488174,-0.055837783962488174,-0.04482337682154558,0.29997819662094116,0.29997819662094116,0.26722362096589514,-0.54144686460495,-0.54144686460495,-0.5453192950331882,1.2027782201766968,1.2027782201766968,1.1461432822156095,0.05503374710679054,0.05503374710679054,0.029564354924849212,0.7321539521217346,0.7321539521217346,0.7288090333409638,0.2570781707763672,0.2570781707763672,0.26760509651331255,-0.3199830979534559,-0.3199830979534559,-0.39654383154039863
94,4.71072244644165,-0.007621552795171738,-0.007621552795171738,0.008201724269474298,0.0018468389753252268,0.0018468389753252268,-0.010872053101396162,0.0229908786714077,0.0229908786714077,0.009346150911726525,1.515877604484558,1.515877604484558,1.5268558785381856,0.00433090515434742,0.00433090515434742,0.006675822079804661,-0.053170736879110336,-0.053170736879110336,-0.051308461127641536,-0.014963153749704361,-0.014963153749704361,0.0036240177004653873,1.2120183791890742,1.2120183791890742,1.1495765621423661,-0.0684722512960434,-0.0684722512960434,-0.061608300907911584,0.31202059984207153,0.31202059984207153,0.2790493629358348,-0.5304184556007385,-0.5304184556007385,-0.5449378194857708,1.2520571947097778,1.2520571947097778,1.1926832990005352,0.07281924039125443,0.07281924039125443,0.0455863279163804,0.7336556911468506,0.7336556911468506,0.7318608377203031,0.2370641678571701,0.2370641678571701,0.23937590600442427,-0.31646014413663326,-0.31646014413663326,-0.3877698939497982
95,4.76067852973938,-0.005115824285894632,-0.005115824285894632,0.008201724269474298,0.0011241071624681354,0.0011241071624681354,-0.010872053101396162,0.02545236237347126,0.02545236237347126,0.013542381933318026,1.5140230655670166,1.5140230655670166,1.5199893186846722,0.008011612109839916,0.008011612109839916,0.008583199816891707,-0.05873676389455795,-0.05873676389455795,-0.05245288776989376,-0.016718657687306404,-0.016718657687306404,0.0005722133211261138,1.2119996724309667,1.2119996724309667,1.1495765621423661,-0.08090973645448685,-0.08090973645448685,-0.08258945601586909,0.3278083801269531,0.3278083801269531,0.29697871366445305,-0.5184764862060547,-0.5184764862060547,-0.5422674906538489,1.308457851409912,1.308457851409912,1.2525749599450684,0.08989159017801285,0.08989159017801285,0.06504158083466827,0.7328340411186218,0.7328340411186218,0.7318608377203031,0.218149796128273,0.218149796128273,0.22220950637064085,-0.31336996101907344,-0.31336996101907344,-0.3873884184023808
96,4.810821294784546,-0.0006570095429196954,-0.0006570095429196954,0.008964675364309116,7.543982064817101e-05,7.543982064817101e-05,-0.011253528648813571,0.02873147279024124,0.02873147279024124,0.017357137407492118,1.5152431726455688,1.5152431726455688,1.5180819409475852,0.01150677539408207,0.01150677539408207,0.012397955291065799,-0.06709375232458115,-0.06709375232458115,-0.0581750209811549,-0.017789341509342194,-0.017789341509342194,0.0005722133211261138,1.2119703221725568,1.2119703221725568,1.1495765621423661,-0.09387711435556412,-0.09387711435556412,-0.0993743801022351,0.34704920649528503,0.34704920649528503,0.3149080643930713,-0.5044417977333069,-0.5044417977333069,-0.5342565041580833,1.3693995475769043,1.3693995475769043,1.314755474174106,0.10923988372087479,0.10923988372087479,0.08220798046845168,0.7324428558349609,0.7324428558349609,0.7318608377203031,0.1960209608078003,0.1960209608078003,0.2038986800946052,-0.30989916073424484,-0.30989916073424484,-0.3835736629282067
97,4.86083984375,0.006368142087012529,0.006368142087012529,0.011253528648813571,-0.0014797174371778965,-0.0014797174371778965,-0.011253528648813571,0.032621119171381,0.032621119171381,0.023460746166170665,1.5206377506256104,1.5206377506256104,1.5180819409475852,0.014361497014760971,0.014361497014760971,0.01583123521782248,-0.07921285182237625,-0.07921285182237625,-0.06771190966659013,-0.01806371659040451,-0.01806371659040451,-0.003242542153047978,1.2119358114291516,1.2119358114291516,1.1495765621423661,-0.10561012476682663,-0.10561012476682663,-0.11081864652475737,0.36828580498695374,0.36828580498695374,0.3320744640268547,-0.48772576451301575,-0.48772576451301575,-0.5193789578088044,1.4304521083831787,1.4304521083831787,1.3796063172350657,0.1313907951116562,0.1313907951116562,0.10128175783932214,0.7324097752571106,0.7324097752571106,0.7318608377203031,0.17085888981819153,0.17085888981819153,0.18101014724956066,-0.3063606644741128,-0.3063606644741128,-0.3793774319066152
98,4.911000728607178,0.017296897247433662,0.017296897247433662,0.01163500419623098,-0.0043113501742482185,-0.0043113501742482185,-0.011253528648813571,0.0378456711769104,0.0378456711769104,0.029182879377431803,1.5322742462158203,1.5322742462158203,1.5180819409475852,0.01660221256315708,0.01660221256315708,0.018883039597161755,-0.09746115654706955,-0.09746115654706955,-0.0829709315632865,-0.017119741067290306,-0.017119741067290306,-0.005531395437552433,1.2118996880341855,1.2118996880341855,1.1495765621423661,-0.1144542396068573,-0.1144542396068573,-0.11921110856794037,0.39024239778518677,0.39024239778518677,0.3534370946822296,-0.46857771277427673,-0.46857771277427673,-0.5006866559853513,1.4879475831985474,1.4879475831985474,1.4463645380331123,0.1562771201133728,0.1562771201133728,0.12607766842145374,0.7317392230033875,0.7317392230033875,0.7314793621728857,0.14379431307315826,0.14379431307315826,0.15621423666742906,-0.30457121116774444,-0.30457121116774444,-0.37594415197985853
99,4.96100378036499,0.03301544860005379,0.03301544860005379,0.0165941863126573,-0.008640351705253124,-0.008640351705253124,-0.011253528648813571,0.044336188584566116,0.044336188584566116,0.03490501258869294,1.5509333610534668,1.5509333610534668,1.5211337453269245,0.017352711409330368,0.017352711409330368,0.023079270618753256,-0.12364443391561508,-0.12364443391561508,-0.10242618448157437,-0.014945208095014095,-0.014945208095014095,-0.006675822079804661,1.2118654998210925,1.2118654998210925,1.1495765621423661,-0.11997727304697037,-0.11997727304697037,-0.12149996185244483,0.41220688819885254,0.41220688819885254,0.37518120088502194,-0.4483853280544281,-0.4483853280544281,-0.48008697642481124,1.5392508506774902,1.5392508506774902,1.503967345693141,0.18158987164497375,0.18158987164497375,0.1531624322880898,0.729721188545227,0.729721188545227,0.7314793621728857,0.1167888268828392,0.1167888268828392,0.1287479972533756,-0.30058163866400733,-0.30058163866400733,-0.37289234760051926
100,5.011102676391602,0.0537090003490448,0.0537090003490448,0.03032730601968403,-0.015031284652650356,-0.015031284652650356,-0.01201647974364839,0.05127086490392685,0.05127086490392685,0.04062714579995408,1.575746774673462,1.575746774673462,1.5341039139391164,0.015942921862006187,0.015942921862006187,0.023079270618753256,-0.1580875664949417,-0.1580875664949417,-0.13027389944304524,-0.012053189799189568,-0.012053189799189568,-0.006294346532387252,1.2118426001689264,1.2118426001689264,1.1495765621423661,-0.12300728261470795,-0.12300728261470795,-0.12111848630502742,0.4333813190460205,0.4333813190460205,0.3999771114671571,-0.42861202359199524,-0.42861202359199524,-0.4571984435797667,1.5829041004180908,1.5829041004180908,1.5550850690470739,0.2062898725271225,0.2062898725271225,0.17948424505989102,0.7272022366523743,0.7272022366523743,0.7310978866254683,0.09101788699626923,0.09101788699626923,0.10280766002899178,-0.29895935297012344,-0.29895935297012344,-0.37289234760051926
101,5.061117172241211,0.07891714572906494,0.07891714572906494,0.0539787899595634,-0.024204134941101074,-0.024204134941101074,-0.014305333028152845,0.05778726190328598,0.05778726190328598,0.04482337682154558,1.604698657989502,1.604698657989502,1.5604257267109176,0.012649617157876492,0.012649617157876492,0.023079270618753256,-0.19963546097278595,-0.19963546097278595,-0.1661326009002817,-0.008865294978022575,-0.008865294978022575,-0.0040054932478827965,1.2118429226992387,1.2118429226992387,1.1495765621423661,-0.12481507658958435,-0.12481507658958435,-0.12111848630502742,0.45318883657455444,0.45318883657455444,0.4247730220492887,-0.4104040563106537,-0.4104040563106537,-0.4327840085450525,1.619235873222351,1.619235873222351,1.5955214770733193,0.2293960601091385,0.2293960601091385,0.20542458228427485,0.7250031232833862,0.7250031232833862,0.729953459983216,0.06620478630065918,0.06620478630065918,0.0791561760891124,-0.2974127071670125,-0.2974127071670125,-0.37251087205310185
102,5.1111743450164795,0.10886507481336594,0.10886507481336594,0.08564126039520836,-0.0369691401720047,-0.0369691401720047,-0.017738612954909527,0.06458267569541931,0.06458267569541931,0.05359731441214599,1.6374599933624268,1.6374599933624268,1.5939955748836496,0.007323058322072029,0.007323058322072029,0.022697795071335847,-0.2493470013141632,-0.2493470013141632,-0.21038376440070294,-0.005716756451874971,-0.005716756451874971,-0.000953688868543523,1.211897430322,1.211897430322,1.1495765621423661,-0.12647202610969543,-0.12647202610969543,-0.12149996185244483,0.47133249044418335,0.47133249044418335,0.4461356527046636,-0.39389923214912415,-0.39389923214912415,-0.4114213778896776,1.6499130725860596,1.6499130725860596,1.6268024719615468,0.25145184993743896,0.25145184993743896,0.22678721293964976,0.724116325378418,0.724116325378418,0.7288090333409638,0.04161437973380089,0.04161437973380089,0.05474174105439822,-0.2963824158694064,-0.2963824158694064,-0.37212939650568444
103,5.161302328109741,0.14198431372642517,0.14198431372642517,0.1203555352101926,-0.0526176318526268,-0.0526176318526268,-0.027656977187762166,0.0701243132352829,0.0701243132352829,0.0623712520027464,1.670762062072754,1.670762062072754,1.6321431296253905,-0.0008678694721311331,-0.0008678694721311331,0.018883039597161755,-0.30557385087013245,-0.30557385087013245,-0.26379034103914023,-0.0032807148527354,-0.0032807148527354,0.002861066605630569,1.2119045259888686,1.2119045259888686,1.1495765621423661,-0.127982497215271,-0.127982497215271,-0.12188143739986224,0.487405002117157,0.487405002117157,0.4659723811703689,-0.37923407554626465,-0.37923407554626465,-0.3961623559929812,1.675537347793579,1.675537347793579,1.6515983825436784,0.2711550295352936,0.2711550295352936,0.24776836804760727,0.7242304086685181,0.7242304086685181,0.7284275577935464,0.01867404207587242,0.01867404207587242,0.029564354924849212,-0.2956605557245868,-0.2956605557245868,-0.36984054322118
104,5.211334228515625,0.17702077329158783,0.17702077329158783,0.15430685893034202,-0.07166289538145065,-0.07166289538145065,-0.04520485236896299,0.07395187020301819,0.07395187020301819,0.07267109178301645,1.7031424045562744,1.7031424045562744,1.6695277332722966,-0.011664879508316517,-0.011664879508316517,0.010872053101396162,-0.3670465350151062,-0.3670465350151062,-0.32330052643625606,-0.0014132229844108224,-0.0014132229844108224,0.005912870984969842,1.2119335537169662,1.2119335537169662,1.1499580376897836,-0.12962189316749573,-0.12962189316749573,-0.12188143739986224,0.5013410449028015,0.5013410449028015,0.4827573052567349,-0.36605626344680786,-0.36605626344680786,-0.38509956511787635,1.6970843076705933,1.6970843076705933,1.6702906843671315,0.28981900215148926,0.28981900215148926,0.2660791943236429,0.7252352237701416,0.7252352237701416,0.7284275577935464,-0.002527492353692651,-0.002527492353692651,0.005531395437552433,-0.29451317802071597,-0.29451317802071597,-0.36984054322118
105,5.261429786682129,0.21254821121692657,0.21254821121692657,0.18978408484016107,-0.0938100665807724,-0.0938100665807724,-0.06694895857175531,0.07599782198667526,0.07599782198667526,0.07648584725719054,1.7340493202209473,1.7340493202209473,1.7046234836346983,-0.024782849475741386,-0.024782849475741386,-0.0005722133211261138,-0.4331238865852356,-0.4331238865852356,-0.3862439917601286,0.0004826706135645509,0.0004826706135645509,0.008583199816891707,1.211946132399142,1.211946132399142,1.1530098420691228,-0.13155843317508698,-0.13155843317508698,-0.12188143739986224,0.5135201215744019,0.5135201215744019,0.49382009613183975,-0.3540280759334564,-0.3540280759334564,-0.3747997253376063,1.7155696153640747,1.7155696153640747,1.688601510643167,0.3072788715362549,0.3072788715362549,0.28362706950484373,0.7266462445259094,0.7266462445259094,0.7288090333409638,-0.021633587777614594,-0.021633587777614594,-0.013923857480735435,-0.29188892281481205,-0.29188892281481205,-0.3694590676737626
106,5.311520099639893,0.24684348702430725,0.24684348702430725,0.22487983520256272,-0.11822858452796936,-0.11822858452796936,-0.09288929579613914,0.07593688368797302,0.07593688368797302,0.07839322499427759,1.7633225917816162,1.7633225917816162,1.7355230029755084,-0.04160395264625549,-0.04160395264625549,-0.014686808575570254,-0.5029475092887878,-0.5029475092887878,-0.45147631036850555,0.0032163693103939295,0.0032163693103939295,0.009346150911726525,1.2119209750347906,1.2119209750347906,1.1572060730907143,-0.13365985453128815,-0.13365985453128815,-0.12531471732661892,0.5239720344543457,0.5239720344543457,0.4999237048905183,-0.34292078018188477,-0.34292078018188477,-0.3629739833676666,1.7312756776809692,1.7312756776809692,1.705386434729533,0.3228982388973236,0.3228982388973236,0.30079346913862715,0.7283845543861389,0.7283845543861389,0.7288090333409638,-0.03765875846147537,-0.03765875846147537,-0.032234683756771076,-0.2908379082594601,-0.2908379082594601,-0.3694590676737626
107,5.361566066741943,0.27724525332450867,0.27724525332450867,0.25959411001754695,-0.14341168105602264,-0.14341168105602264,-0.12149996185244483,0.07189933210611343,0.07189933210611343,0.07839322499427759,1.7900197505950928,1.7900197505950928,1.762989242389562,-0.06592454761266708,-0.06592454761266708,-0.03109025711451885,-0.57309889793396,-0.57309889793396,-0.5235751888303959,0.00961820688098669,0.00961820688098669,0.012397955291065799,1.2118242159411314,1.2118242159411314,1.1572060730907143,-0.1358470320701599,-0.1358470320701599,-0.13103685053788006,0.53254634141922,0.53254634141922,0.5079346913862839,-0.3329019546508789,-0.3329019546508789,-0.353055619134814,1.7441297769546509,1.7441297769546509,1.7214084077210643,0.33605408668518066,0.33605408668518066,0.3160524910353235,0.7300479412078857,0.7300479412078857,0.7291905088883812,-0.0500623844563961,-0.0500623844563961,-0.04596780346379781,-0.29011777505278613,-0.29011777505278613,-0.3694590676737626
108,5.411681413650513,0.30229422450065613,0.30229422450065613,0.29201953154802673,-0.1687503606081009,-0.1687503606081009,-0.15049210345616792,0.06394951790571213,0.06394951790571213,0.07763027389944277,1.8158982992172241,1.8158982992172241,1.7870222018768587,-0.10315047204494476,-0.10315047204494476,-0.05741206988632008,-0.6411414742469788,-0.6411414742469788,-0.5914778362706965,0.02297421172261238,0.02297421172261238,0.0165941863126573,1.2117697083183698,1.2117697083183698,1.1572060730907143,-0.13850222527980804,-0.13850222527980804,-0.13637750820172378,0.53944331407547,0.53944331407547,0.5140383001449624,-0.32383182644844055,-0.32383182644844055,-0.3454261081864658,1.7547188997268677,1.7547188997268677,1.7317082475013343,0.34776997566223145,0.34776997566223145,0.3271152819104284,0.7316719889640808,0.7316719889640808,0.729953459983216,-0.0597042441368103,-0.0597042441368103,-0.056649118791485265,-0.2895171459657806,-0.2895171459657806,-0.3694590676737626
109,5.461680889129639,0.3207235634326935,0.3207235634326935,0.3194857709620802,-0.1932617723941803,-0.1932617723941803,-0.17528801403829952,0.05314832925796509,0.05314832925796509,0.07267109178301645,1.8408440351486206,1.8408440351486206,1.8091477836270684,-0.154166579246521,-0.154166579246521,-0.09822995345998287,-0.7042099833488464,-0.7042099833488464,-0.6593804837109953,0.045021120458841324,0.045021120458841324,0.03414206149385812,1.2117410031205842,1.2117410031205842,1.1572060730907143,-0.1415214240550995,-0.1415214240550995,-0.13828488593881083,0.5446763634681702,0.5446763634681702,0.522049286640728,-0.3159932494163513,-0.3159932494163513,-0.34008545052262207,1.7631947994232178,1.7631947994232178,1.737048905165178,0.3563673496246338,0.3563673496246338,0.33817807278553325,0.7332509160041809,0.7332509160041809,0.7310978866254683,-0.06624111533164978,-0.06624111533164978,-0.06389715419241604,-0.28980278153504657,-0.28980278153504657,-0.3694590676737626
110,5.511735200881958,0.3322674632072449,0.3322674632072449,0.3400854505226203,-0.2160395383834839,-0.2160395383834839,-0.19817654688334585,0.04071471095085144,0.04071471095085144,0.06198977645532899,1.864497184753418,1.864497184753418,1.8312733653772781,-0.22210438549518585,-0.22210438549518585,-0.15278095674067238,-0.7595371007919312,-0.7595371007919312,-0.719653620202946,0.07920370250940323,0.07920370250940323,0.060463874265659356,1.2116519847544178,1.2116519847544178,1.1572060730907143,-0.14489851891994476,-0.14489851891994476,-0.13866636148622824,0.5480731725692749,0.5480731725692749,0.5281528953994066,-0.3096238672733307,-0.3096238672733307,-0.3332188906691087,1.769559621810913,1.769559621810913,1.7397192339971,0.36179399490356445,0.36179399490356445,0.3446631570916292,0.7348706722259521,0.7348706722259521,0.7314793621728857,-0.07015369087457657,-0.07015369087457657,-0.07152666514076422,-0.28964010396174045,-0.28964010396174045,-0.3694590676737626
111,5.561784029006958,0.3377149999141693,0.3377149999141693,0.35000381475547293,-0.23892539739608765,-0.23892539739608765,-0.22030212863355558,0.030877888202667236,0.030877888202667236,0.051689936675058945,1.8875735998153687,1.8875735998153687,1.8549248493171575,-0.3096141517162323,-0.29710438549518586,-0.22793163958190377,-0.7854118347167969,-0.7854118347167969,-0.7284275577935464,0.12754644453525543,0.12754644453525543,0.09784847791256546,1.21209997935806,1.21209997935806,1.156824597543297,-0.14861220121383667,-0.14861220121383667,-0.13866636148622824,0.5496723055839539,0.5496723055839539,0.5296787975890762,-0.30479535460472107,-0.30479535460472107,-0.3248264286259257,1.7737905979156494,1.7737905979156494,1.7404821850919348,0.3639777898788452,0.3639777898788452,0.3488593881132207,0.7366490364074707,0.7366490364074707,0.7318608377203031,-0.0719384029507637,-0.0719384029507637,-0.07343404287785127,-0.289742338699954,-0.289742338699954,-0.3694590676737626
112,5.611874103546143,0.340347021818161,0.340347021818161,0.3484779125658033,-0.2690829038619995,-0.2690829038619995,-0.2416647592889305,0.032273244112730026,0.032273244112730026,0.03643091477836258,1.9138288497924805,1.9138288497924805,1.875906004425115,-0.4033523201942444,-0.3721043854951859,-0.3076600289921423,-0.7854102253913879,-0.7854102253913879,-0.7284275577935464,0.17797978222370148,0.17797978222370148,0.1497291523613331,1.2120777247665184,1.2120777247665184,1.156824597543297,-0.15260490775108337,-0.15260490775108337,-0.13904783703364565,0.5497227311134338,0.5497227311134338,0.5296787975890762,-0.30118903517723083,-0.30118903517723083,-0.31948577096208197,1.776086688041687,1.776086688041687,1.745441367208361,0.3635977506637573,0.3635977506637573,0.35152971694514257,0.7387773990631104,0.7387773990631104,0.7318608377203031,-0.07242590934038162,-0.07242590934038162,-0.07572289616235572,-0.2897354309473721,-0.2897354309473721,-0.3694590676737626
113,5.662022590637207,0.34154191613197327,0.34154191613197327,0.34580758373388143,-0.3028635084629059,-0.3028635084629059,-0.27256427862974064,0.04438275098800659,0.04438275098800659,0.032234683756771076,1.9414856433868408,1.9414856433868408,1.9033722438391685,-0.48713624477386475,-0.4471043854951859,-0.38433661402304153,-0.7854058742523193,-0.7854058742523193,-0.7284275577935464,0.22489282488822937,0.22489282488822937,0.20122835126268335,1.2120193467800109,1.2120193467800109,1.156824597543297,-0.1565892994403839,-0.1565892994403839,-0.1451514457923242,0.5484315752983093,0.5484315752983093,0.5323491264209981,-0.298598974943161,-0.298598974943161,-0.31872281986724715,1.7766996622085571,1.7766996622085571,1.7473487449454481,0.3608699142932892,0.3608699142932892,0.35191119249256,0.7410417199134827,0.7410417199134827,0.7322423132677205,-0.07200007885694504,-0.07200007885694504,-0.07648584725719054,-0.28972921397004825,-0.28972921397004825,-0.3694590676737626
114,5.712034463882446,0.3378185033798218,0.3378185033798218,0.34618905928129884,-0.336272269487381,-0.336272269487381,-0.3118562600137338,0.06167071685194969,0.06167071685194969,0.04062714579995408,1.9653962850570679,1.9653962850570679,1.934653238727396,-0.5685904622077942,-0.5221043854951859,-0.45986877241168855,-0.7854017019271851,-0.7854017019271851,-0.7284275577935464,0.27375590801239014,0.27375590801239014,0.24776836804760727,1.2119945119459716,1.2119945119459716,1.156824597543297,-0.16046439111232758,-0.16046439111232758,-0.1531624322880898,0.5460292100906372,0.5460292100906372,0.5319676508735807,-0.29677218198776245,-0.29677218198776245,-0.31872281986724715,1.7760071754455566,1.7760071754455566,1.7504005493247874,0.35650354623794556,0.35650354623794556,0.35152971694514257,0.7433165311813354,0.7433165311813354,0.7333867399099727,-0.07095614075660706,-0.07095614075660706,-0.07648584725719054,-0.28970227373497837,-0.28970227373497837,-0.3694590676737626
115,5.762166976928711,0.32735493779182434,0.32735493779182434,0.345426108186464,-0.36690279841423035,-0.36690279841423035,-0.3488593881132225,0.08096787333488464,0.08096787333488464,0.056267643244067855,1.9851844310760498,1.9851844310760498,1.9617380025940356,-0.6392040848731995,-0.5971043854951859,-0.5365453574425878,-0.7853988409042358,-0.7853988409042358,-0.7284275577935464,0.31965306401252747,0.31965306401252747,0.2954528114747834,1.2120777247665184,1.2120777247665184,1.156824597543297,-0.16420766711235046,-0.16420766711235046,-0.16384374761577725,0.5427612066268921,0.5427612066268921,0.5319676508735807,-0.29553350806236267,-0.29553350806236267,-0.31872281986724715,1.7744166851043701,1.7744166851043701,1.7511635004196222,0.3507181704044342,0.3507181704044342,0.35114824139772516,0.7455698847770691,0.7455698847770691,0.7356755931944772,-0.06924502551555634,-0.06924502551555634,-0.07648584725719054,-0.28968224125249065,-0.28968224125249065,-0.3694590676737626
116,5.8122289180755615,0.3106640875339508,0.3106640875339508,0.3400854505226203,-0.3911661207675934,-0.3911661207675934,-0.3797589074540326,0.10104242712259293,0.10104242712259293,0.07991912718394723,1.9997814893722534,1.9997814893722534,1.981574731059741,-0.6918525695800781,-0.6721043854951858,-0.6109330891889844,-0.7853974103927612,-0.7853974103927612,-0.7284275577935464,0.3596550226211548,0.3596550226211548,0.3412298771648725,1.21209997935806,1.21209997935806,1.156824597543297,-0.16784535348415375,-0.16784535348415375,-0.17185473411154284,0.5388064980506897,0.5388064980506897,0.5319676508735807,-0.2947901785373688,-0.2947901785373688,-0.31872281986724715,1.7722669839859009,1.7722669839859009,1.7511635004196222,0.34379449486732483,0.34379449486732483,0.34580758373388143,0.7478520274162292,0.7478520274162292,0.7368200198367294,-0.06685221940279007,-0.06685221940279007,-0.07648584725719054,-0.2896946752071383,-0.2896946752071383,-0.3694590676737626
117,5.862232685089111,0.2899028956890106,0.2899028956890106,0.3240634775310891,-0.40754514932632446,-0.40754514932632446,-0.40150301365682495,0.12086192518472672,0.12086192518472672,0.10585946440833105,2.009446144104004,2.009446144104004,1.9914930952925936,-0.7290974259376526,-0.7290974259376526,-0.6845578698405443,-0.7853974103927612,-0.7853974103927612,-0.7284275577935464,0.3946687579154968,0.3946687579154968,0.3816662851911179,1.21209997935806,1.21209997935806,1.156824597543297,-0.17135243117809296,-0.17135243117809296,-0.1745250629434647,0.5342221260070801,0.5342221260070801,0.5315861753261633,-0.29456979036331177,-0.29456979036331177,-0.31872281986724715,1.7697542905807495,1.7697542905807495,1.7507820248722048,0.3356586694717407,0.3356586694717407,0.33894102388036806,0.7501590251922607,0.7501590251922607,0.7391088731212339,-0.06373540312051773,-0.06373540312051773,-0.07648584725719054,-0.2896508109782425,-0.2896508109782425,-0.3694590676737626
118,5.912374258041382,0.2662924528121948,0.2662924528121948,0.2996490424963749,-0.41619595885276794,-0.41619595885276794,-0.4114213778896776,0.13897719979286194,0.13897719979286194,0.12760357061112337,2.015373706817627,2.015373706817627,1.9968337529564373,-0.757520854473114,-0.757520854473114,-0.736438544289312,-0.7853972911834717,-0.7853972911834717,-0.7284275577935464,0.42543837428092957,0.42543837428092957,0.4133287556267664,1.21209997935806,1.21209997935806,1.156824597543297,-0.17473849654197693,-0.17473849654197693,-0.1745250629434647,0.5290685892105103,0.5290685892105103,0.5312046997787458,-0.29480889439582825,-0.29480889439582825,-0.31872281986724715,1.7670221328735352,1.7670221328735352,1.7507820248722048,0.32694631814956665,0.32694631814956665,0.3316929884794373,0.7525947690010071,0.7525947690010071,0.7398718242160687,-0.0601557157933712,-0.0601557157933712,-0.07610437170977313,-0.28967326117413394,-0.28967326117413394,-0.3694590676737626
119,5.9624528884887695,0.24102860689163208,0.24102860689163208,0.2702754253452344,-0.4181932210922241,-0.4181932210922241,-0.4159990844586865,0.1549258679151535,0.1549258679151535,0.14591439688715901,2.0166842937469482,2.0166842937469482,1.9991226062409417,-0.7734380960464478,-0.7734380960464478,-0.7570382238498521,-0.7829999923706055,-0.7829999923706055,-0.7284275577935464,0.44983330368995667,0.44983330368995667,0.44041351949340246,1.21209997935806,1.21209997935806,1.156824597543297,-0.17794601619243622,-0.17794601619243622,-0.1745250629434647,0.5235105156898499,0.5235105156898499,0.5277714198519892,-0.2953174114227295,-0.2953174114227295,-0.31834134431982974,1.7642406225204468,1.7642406225204468,1.7507820248722048,0.3185708522796631,0.3185708522796631,0.32177462424658465,0.7552863955497742,0.7552863955497742,0.7410162508583209,-0.056608811020851135,-0.056608811020851135,-0.07190814068818163,-0.2897029645102367,-0.2897029645102367,-0.36907759212634517
120,6.012481689453125,0.21629656851291656,0.21629656851291656,0.24013885709925908,-0.41546690464019775,-0.41546690464019775,-0.4163805600061039,0.16979800164699554,0.16979800164699554,0.16041046768902056,2.0149312019348145,2.0149312019348145,1.9991226062409417,-0.7810829877853394,-0.7810829877853394,-0.7642862592507829,-0.7751238346099854,-0.7751238346099854,-0.7284275577935464,0.4694820046424866,0.4694820046424866,0.463302052338447,1.21209997935806,1.21209997935806,1.156824597543297,-0.18080870807170868,-0.18080870807170868,-0.17681391622796916,0.5177515149116516,0.5177515149116516,0.520141908903641,-0.29595133662223816,-0.29595133662223816,-0.31795986877241234,1.7615469694137573,1.7615469694137573,1.7507820248722048,0.3109821379184723,0.3109821379184723,0.31300068665598424,0.7581148147583008,0.7581148147583008,0.7436865796902428,-0.05367011949419975,-0.05367011949419975,-0.06885633630884236,-0.28969674753291286,-0.28969674753291286,-0.3694590676737626
121,6.0625200271606445,0.19380918145179749,0.19380918145179749,0.21343556878004044,-0.4105302095413208,-0.4105302095413208,-0.4159990844586865,0.18435169756412506,0.18435169756412506,0.17338063630121248,2.012827157974243,2.012827157974243,1.9991226062409417,-0.7859565615653992,-0.7859565615653992,-0.7677195391775395,-0.7670812606811523,-0.7670812606811523,-0.728046082246129,0.4857034683227539,0.4857034683227539,0.48084992751964784,1.2120744994633965,1.2120744994633965,1.156824597543297,-0.18324777483940125,-0.18324777483940125,-0.17986572060730843,0.5119578838348389,0.5119578838348389,0.5140383001449624,-0.2966361343860626,-0.2966361343860626,-0.3175783932249949,1.7592802047729492,1.7592802047729492,1.7507820248722048,0.3047962188720703,0.3047962188720703,0.3065156023498883,0.7609399557113647,0.7609399557113647,0.746738384069582,-0.0520169734954834,-0.0520169734954834,-0.06809338521400754,-0.2898089985123704,-0.2898089985123704,-0.3694590676737626
122,6.112658262252808,0.1730824112892151,0.1730824112892151,0.19245441367208294,-0.40402311086654663,-0.40402311086654663,-0.4152361333638517,0.1994020789861679,0.1994020789861679,0.18596932936598698,2.0100152492523193,2.0100152492523193,1.9991226062409417,-0.7901774644851685,-0.7901774644851685,-0.7715342946517136,-0.7607979774475098,-0.7607979774475098,-0.728046082246129,0.4997781813144684,0.4997781813144684,0.49305714503700493,1.2120661136752793,1.2120661136752793,1.156824597543297,-0.18521729111671448,-0.18521729111671448,-0.1829175249866477,0.5061543583869934,0.5061543583869934,0.5067902647440317,-0.29742664098739624,-0.29742664098739624,-0.3175783932249949,1.7575629949569702,1.7575629949569702,1.7507820248722048,0.3000907003879547,0.3000907003879547,0.3023193713282968,0.7637172341346741,0.7637172341346741,0.7482642862592517,-0.051670901477336884,-0.051670901477336884,-0.06580453192950309,-0.28979345606906093,-0.28979345606906093,-0.3694590676737626
123,6.162722587585449,0.15398792922496796,0.15398792922496796,0.17338063630121248,-0.3963458836078644,-0.3963458836078644,-0.4129472800793472,0.21510811150074005,0.21510811150074005,0.1989394979781789,2.0054478645324707,2.0054478645324707,1.9991226062409417,-0.7930728793144226,-0.7930728793144226,-0.7757305256733051,-0.7563163042068481,-0.7563163042068481,-0.7276646066987116,0.5123167037963867,0.5123167037963867,0.5071717402914491,1.2120428914928012,1.2120428914928012,1.156824597543297,-0.18676550686359406,-0.18676550686359406,-0.1867322804608218,0.5003198981285095,0.5003198981285095,0.5006866559853531,-0.29839277267456055,-0.29839277267456055,-0.3175783932249949,1.7562649250030518,1.7562649250030518,1.7507820248722048,0.2962893843650818,0.2962893843650818,0.2985046158541227,0.7664840221405029,0.7664840221405029,0.751316090638591,-0.05226341262459755,-0.05226341262459755,-0.06580453192950309,-0.28978516676596255,-0.28978516676596255,-0.36907759212634517
124,6.212791204452515,0.13648287951946259,0.13648287951946259,0.15659571221484647,-0.3876866400241852,-0.3876866400241852,-0.40951400015259054,0.23190473020076752,0.23190473020076752,0.2153429465171275,1.9994412660598755,1.9994412660598755,1.9991226062409417,-0.7950741052627563,-0.7950741052627563,-0.7787823300526444,-0.7523468136787415,-0.7523468136787415,-0.7276646066987116,0.5244854092597961,0.5244854092597961,0.5182345311665539,1.2119783854303616,1.2119783854303616,1.156824597543297,-0.18804629147052765,-0.18804629147052765,-0.18825818265049143,0.4943438768386841,0.4943438768386841,0.49763485160601384,-0.2996538579463959,-0.2996538579463959,-0.3175783932249949,1.755273461341858,1.755273461341858,1.7507820248722048,0.2929650843143463,0.2929650843143463,0.29316395819027896,0.7691074013710022,0.7691074013710022,0.7547493705653476,-0.05345629155635834,-0.05345629155635834,-0.06504158083466827,-0.2897741143618313,-0.2897741143618313,-0.3694590676737626
125,6.262799024581909,0.12089894711971283,0.12089894711971283,0.14057373922331529,-0.3782965838909149,-0.3782965838909149,-0.3999771114671553,0.24901457130908966,0.24901457130908966,0.2328908216983283,1.9930229187011719,1.9930229187011719,1.9979781795986895,-0.7968398928642273,-0.7968398928642273,-0.7791638056000618,-0.7495943903923035,-0.7495943903923035,-0.7276646066987116,0.5361380577087402,0.5361380577087402,0.530441748683911,1.2120896583880698,1.2120896583880698,1.156824597543297,-0.18919092416763306,-0.18919092416763306,-0.18825818265049143,0.48803138732910156,0.48803138732910156,0.4915312428473353,-0.30105894804000854,-0.30105894804000854,-0.3175783932249949,1.7542507648468018,1.7542507648468018,1.7507820248722048,0.29025623202323914,0.29025623202323914,0.2904936293583571,0.7714400887489319,0.7714400887489319,0.7570382238498521,-0.05466650053858757,-0.05466650053858757,-0.06504158083466827,-0.2896000389967648,-0.2896000389967648,-0.36907759212634517
126,6.312909364700317,0.1070559173822403,0.1070559173822403,0.12569619287403633,-0.36787471175193787,-0.36787471175193787,-0.38509956511787635,0.2657899856567383,0.2657899856567383,0.25120164797436395,1.9859540462493896,1.9859540462493896,1.9949263752193502,-0.7973084449768066,-0.7973084449768066,-0.7795452811474792,-0.7496527433395386,-0.7496527433395386,-0.7276646066987116,0.5468209385871887,0.5468209385871887,0.5415045395590159,1.2119522604750737,1.2119522604750737,1.156824597543297,-0.1899297535419464,-0.1899297535419464,-0.18863965819790884,0.4819889962673187,0.4819889962673187,0.48504615854123934,-0.30272284150123596,-0.30272284150123596,-0.3175783932249949,1.7523785829544067,1.7523785829544067,1.7507820248722048,0.288770467042923,0.288770467042923,0.2874418249790178,0.7688480615615845,0.7688480615615845,0.7589456015869391,-0.05400754138827324,-0.05400754138827324,-0.06542305638208568,-0.2871602207848005,-0.2871602207848005,-0.36907759212634517
127,6.362903118133545,0.0940689891576767,0.0940689891576767,0.11120012207217478,-0.35672473907470703,-0.35672473907470703,-0.37212939650568444,0.2815627157688141,0.2815627157688141,0.2691309987029822,1.9776793718338013,1.9776793718338013,1.9911116197451761,-0.7955589294433594,-0.7955589294433594,-0.7799267566948966,-0.745633065700531,-0.745633065700531,-0.7276646066987116,0.5562472343444824,0.5562472343444824,0.5498970016021989,1.2120909485093185,1.2120909485093185,1.156824597543297,-0.19124485552310944,-0.19124485552310944,-0.18825818265049143,0.47631019353866577,0.47631019353866577,0.47779812314030856,-0.30551624298095703,-0.30551624298095703,-0.3175783932249949,1.7512505054473877,1.7512505054473877,1.7507820248722048,0.2808493375778198,0.2808493375778198,0.2874418249790178,0.7709568738937378,0.7709568738937378,0.7585641260395217,-0.05222228169441223,-0.05222228169441223,-0.06504158083466827,-0.28681483315570033,-0.28681483315570033,-0.36907759212634517
128,6.4129815101623535,0.08309024572372437,0.08309024572372437,0.09861142900740028,-0.3462284505367279,-0.3462284505367279,-0.3591592278934925,0.2959195673465729,0.2959195673465729,0.2855344472419308,1.9712388515472412,1.9712388515472412,1.9850080109864976,-0.7950544953346252,-0.7950544953346252,-0.7791638056000618,-0.7420533895492554,-0.7420533895492554,-0.7276646066987116,0.5649488568305969,0.5649488568305969,0.5605783169298864,1.2119877388094153,1.2119877388094153,1.156824597543297,-0.19289398193359375,-0.19289398193359375,-0.18863965819790884,0.46950697898864746,0.46950697898864746,0.4709315632867952,-0.3082452118396759,-0.3082452118396759,-0.3175783932249949,1.7496962547302246,1.7496962547302246,1.7507820248722048,0.2764132022857666,0.2764132022857666,0.2790493629358348,0.7737168073654175,0.7737168073654175,0.7593270771343565,-0.051849011331796646,-0.051849011331796646,-0.06389715419241604,-0.28757088667580066,-0.28757088667580066,-0.36907759212634517
129,6.463068008422852,0.07330332696437836,0.07330332696437836,0.08793011367971282,-0.3363886773586273,-0.3363886773586273,-0.34847791256580507,0.30830639600753784,0.30830639600753784,0.2996490424963749,1.9659467935562134,1.9659467935562134,1.9762340733958972,-0.7965251803398132,-0.7965251803398132,-0.7791638056000618,-0.7381909489631653,-0.7381909489631653,-0.7276646066987116,0.5723121166229248,0.5723121166229248,0.568589303425652,1.2119490351719517,1.2119490351719517,1.156824597543297,-0.1940968632698059,-0.1940968632698059,-0.1909285114824133,0.46239614486694336,0.46239614486694336,0.4671168078126211,-0.31080660223960876,-0.31080660223960876,-0.3175783932249949,1.7476407289505005,1.7476407289505005,1.7507820248722048,0.26950278878211975,0.26950278878211975,0.2740901808194085,0.7765191197395325,0.7765191197395325,0.7623788815136958,-0.050850510597229004,-0.050850510597229004,-0.06389715419241604,-0.287657578970705,-0.287657578970705,-0.36907759212634517
130,6.51321816444397,0.06455811113119125,0.06455811113119125,0.07991912718394723,-0.327501505613327,-0.327501505613327,-0.34275577935454393,0.3187166452407837,0.3187166452407837,0.3114747844663146,1.961521029472351,1.961521029472351,1.9693675135423838,-0.7997193336486816,-0.7997193336486816,-0.7799267566948966,-0.7345629930496216,-0.7345629930496216,-0.7272831311512942,0.578082799911499,0.578082799911499,0.5746929121843305,1.2120316029318743,1.2120316029318743,1.156824597543297,-0.1954130381345749,-0.1954130381345749,-0.1913099870298307,0.4555043876171112,0.4555043876171112,0.4629205767910296,-0.31371140480041504,-0.31371140480041504,-0.3175783932249949,1.7458938360214233,1.7458938360214233,1.7507820248722048,0.2612726092338562,0.2612726092338562,0.2649347676813907,0.7789718508720398,0.7789718508720398,0.7646677347982003,-0.050406452268362045,-0.050406452268362045,-0.061226825360494175,-0.2875011183747225,-0.2875011183747225,-0.36907759212634517
131,6.5632874965667725,0.057117268443107605,0.057117268443107605,0.07381551842526868,-0.31982481479644775,-0.31982481479644775,-0.3374151216907002,0.32692649960517883,0.32692649960517883,0.32139314869916724,1.9575976133346558,1.9575976133346558,1.9655527580682097,-0.8038627505302429,-0.8038627505302429,-0.7825970855268185,-0.7322521209716797,-0.7322521209716797,-0.7272831311512942,0.5821630358695984,0.5821630358695984,0.5827038986800961,1.2120851429636992,1.2120851429636992,1.156824597543297,-0.1972380429506302,-0.1972380429506302,-0.19436179140916998,0.4490298330783844,0.4490298330783844,0.4545281147478466,-0.31739485263824463,-0.31739485263824463,-0.3175783932249949,1.7453097105026245,1.7453097105026245,1.7504005493247874,0.25324299931526184,0.25324299931526184,0.2565423056382077,0.7822638154029846,0.7822638154029846,0.7658121614404525,-0.051140859723091125,-0.051140859723091125,-0.061608300907911584,-0.2874845397685257,-0.2874845397685257,-0.36907759212634517
132,6.613373041152954,0.05103283375501633,0.05103283375501633,0.06847486076142495,-0.3134143650531769,-0.3134143650531769,-0.327878233005265,0.33293184638023376,0.33293184638023376,0.3248264286259239,1.953520655632019,1.953520655632019,1.9609750514992008,-0.8073459267616272,-0.8073459267616272,-0.7864118410009926,-0.7310991287231445,-0.7310991287231445,-0.7269016556038768,0.5844148993492126,0.5844148993492126,0.5880445563439398,1.2120973991155626,1.2120973991155626,1.156824597543297,-0.1992785781621933,-0.1992785781621933,-0.19932097352559808,0.4426584541797638,0.4426584541797638,0.4453727016098288,-0.321626216173172,-0.321626216173172,-0.31910429541466456,1.7454445362091064,1.7454445362091064,1.7504005493247874,0.24545910954475403,0.24545910954475403,0.2492942702372769,0.7853485941886902,0.7853485941886902,0.7684824902723744,-0.05283598601818085,-0.05283598601818085,-0.061226825360494175,-0.2875667420242516,-0.2875667420242516,-0.36907759212634517
133,6.663320064544678,0.04712503403425217,0.04712503403425217,0.061226825360494175,-0.3074371814727783,-0.3074371814727783,-0.32253757534142125,0.33635613322257996,0.33635613322257996,0.33093003738460247,1.9497560262680054,1.9497560262680054,1.958304722667279,-0.8094672560691833,-0.8094672560691833,-0.7871747920958274,-0.7356386780738831,-0.7356386780738831,-0.7269016556038768,0.5876253247261047,0.5876253247261047,0.5888075074387746,0.3434352175923333,1.1120973991155625,1.156824597543297,-0.20063255727291107,-0.20063255727291107,-0.2004654001678503,0.4371901750564575,0.4371901750564575,0.4346913862821413,-0.32558345794677734,-0.32558345794677734,-0.32215609979400384,1.745120644569397,1.745120644569397,1.7504005493247874,0.24622061848640442,0.24622061848640442,0.2405203326466765,0.7821377515792847,0.7821377515792847,0.7703898680094614,-0.056025028228759766,-0.056025028228759766,-0.061608300907911584,-0.23625871894615047,-0.23625871894615047,-0.36907759212634517
134,6.713485479354858,0.04367245361208916,0.04367245361208916,0.05779354543373749,-0.3034665882587433,-0.3034665882587433,-0.31490806439307306,0.3364027142524719,0.3364027142524719,0.33360036621652434,1.944027304649353,1.944027304649353,1.9567788204776093,-0.8112648725509644,-0.8112648725509644,-0.7879377431906622,-0.7392498850822449,-0.7392498850822449,-0.7272831311512942,0.5915696620941162,0.5915696620941162,0.589188982986192,0.3254915662035347,1.0120973991155624,1.1434729533836876,-0.20143567025661469,-0.20143567025661469,-0.2046616311894418,0.4355064630508423,0.4355064630508423,0.43163958190280205,-0.33106064796447754,-0.33106064796447754,-0.3236820019836735,1.745573878288269,1.745573878288269,1.7504005493247874,0.24410922825336456,0.24410922825336456,0.2405203326466765,0.7743917107582092,0.7743917107582092,0.7696269169146266,-0.054423850029706955,-0.054423850029706955,-0.061608300907911584,-0.22786683572190158,-0.22786683572190158,-0.3507667658503095
135,6.763572931289673,0.04129863902926445,0.04129863902926445,0.05779354543373749,-0.30003106594085693,-0.30003106594085693,-0.31033035782406415,0.33382463455200195,0.33382463455200195,0.33360036621652434,1.9393320083618164,1.9393320083618164,1.955634393835357,-0.8146700263023376,-0.8146700263023376,-0.7913710231174189,-0.7420966625213623,-0.7420966625213623,-0.7272831311512942,0.5939816236495972,0.5939816236495972,0.5903334096284443,0.31091803404688845,0.9120973991155624,1.1011291676203552,-0.20245668292045593,-0.20245668292045593,-0.2046616311894418,0.43579283356666565,0.43579283356666565,0.429732204165715,-0.3380746841430664,-0.3380746841430664,-0.32749675745784756,1.7468568086624146,1.7468568086624146,1.7504005493247874,0.24474503099918365,0.24474503099918365,0.23937590600442427,0.769849419593811,0.769849419593811,0.7665751125352873,-0.0511641800403595,-0.0511641800403595,-0.061608300907911584,-0.21643415981105418,-0.21643415981105418,-0.327878233005265
136,6.813640594482422,0.03943246603012085,0.03943246603012085,0.057030594338902674,-0.2965056598186493,-0.2965056598186493,-0.31033035782406415,0.3294121026992798,0.3294121026992798,0.33360036621652434,1.9353660345077515,1.9353660345077515,1.9506752117189272,-0.8147518038749695,-0.8147518038749695,-0.7963302052338452,-0.745246171951294,-0.745246171951294,-0.7272831311512942,0.5942674279212952,0.5942674279212952,0.5922407873655313,0.21310555638798645,0.8120973991155624,1.0336079957274737,-0.202681303024292,-0.202681303024292,-0.2046616311894418,0.43536311388015747,0.43536311388015747,0.4293507286182976,-0.3450072705745697,-0.3450072705745697,-0.3328374151216913,1.74638032913208,1.74638032913208,1.7504005493247874,0.23984496295452118,0.23984496295452118,0.23937590600442427,0.7741706967353821,0.7741706967353821,0.7658121614404525,-0.04995080456137657,-0.04995080456137657,-0.061226825360494175,-0.19791827440261867,-0.19791827440261867,-0.3126192111085686
137,6.863706827163696,0.03813618794083595,0.03813618794083595,0.05436026550698081,-0.2940216362476349,-0.2940216362476349,-0.31033035782406415,0.32339373230934143,0.32339373230934143,0.3332188906691069,1.9324568510055542,1.9324568510055542,1.9434271763179964,-0.8138294816017151,-0.8138294816017151,-0.7974746318760975,-0.7459074258804321,-0.7459074258804321,-0.7272831311512942,0.5950359106063843,0.5950359106063843,0.5926222629129487,0.15264757189686828,0.7120973991155625,0.9534981307698178,-0.20192267000675201,-0.20192267000675201,-0.2046616311894418,0.4329194128513336,0.4329194128513336,0.4293507286182976,-0.3485274016857147,-0.3485274016857147,-0.3416113527122917,1.7443444728851318,1.7443444728851318,1.7504005493247874,0.24404090642929077,0.24404090642929077,0.23823147936217204,0.7762641310691833,0.7762641310691833,0.7669565880827047,-0.051512811332941055,-0.051512811332941055,-0.061226825360494175,-0.19352805224912517,-0.19352805224912517,-0.2992675669489593
138,6.913865804672241,0.03729841858148575,0.03729841858148575,0.0497825589379719,-0.2928778827190399,-0.2928778827190399,-0.31033035782406415,0.3160742521286011,0.3160742521286011,0.3332188906691069,1.9314098358154297,1.9314098358154297,1.9388494697489875,-0.8150374293327332,-0.8150374293327332,-0.79709315632868,-0.7429150342941284,-0.7429150342941284,-0.7272831311512942,0.5982869267463684,0.5982869267463684,0.5933852140077835,0.12906415546898353,0.6120973991155625,0.8661402304112311,-0.1992962658405304,-0.1992962658405304,-0.2046616311894418,0.4314238429069519,0.4314238429069519,0.4285877775234628,-0.35066092014312744,-0.35066092014312744,-0.34847791256580507,1.7415416240692139,1.7415416240692139,1.7504005493247874,0.244192972779274,0.244192972779274,0.23899443045700686,0.7738098502159119,0.7738098502159119,0.768101014724957,-0.0489044114947319,-0.0489044114947319,-0.061226825360494175,-0.19341511049440951,-0.19341511049440951,-0.2828641184100107
139,6.9638144969940186,0.037106599658727646,0.037106599658727646,0.04825665674830226,-0.29223960638046265,-0.29223960638046265,-0.30994888227664674,0.3084142506122589,0.3084142506122589,0.3290226596475154,1.9338136911392212,1.9338136911392212,1.9384679942015701,-0.8187530636787415,-0.8187530636787415,-0.7982375829709323,-0.7407013773918152,-0.7407013773918152,-0.7272831311512942,0.6047866344451904,0.6047866344451904,0.5960555428397054,0.11851838185106023,0.5120973991155625,0.7749675745784703,-0.19670036435127258,-0.19670036435127258,-0.2046616311894418,0.43101051449775696,0.43101051449775696,0.4285877775234628,-0.35312119126319885,-0.35312119126319885,-0.3488593881132225,1.7396713495254517,1.7396713495254517,1.75001907377737,0.24342279136180878,0.24342279136180878,0.23899443045700686,0.7694616913795471,0.7694616913795471,0.7673380636301221,-0.0432143472135067,-0.0432143472135067,-0.060845349813076766,-0.1947966610108105,-0.1947966610108105,-0.28171969176775846
140,7.013853073120117,0.03648080304265022,0.03648080304265022,0.047112230106050035,-0.29081636667251587,-0.29081636667251587,-0.30994888227664674,0.29985103011131287,0.29985103011131287,0.320248722056915,1.9381914138793945,1.9381914138793945,1.9384679942015701,-0.8249573111534119,-0.8249573111534119,-0.8024338139925238,-0.7381519675254822,-0.7381519675254822,-0.7272831311512942,0.6151686310768127,0.6151686310768127,0.6044480048828884,0.12337181798900887,0.41209739911556253,0.6780727855344484,-0.19421890377998352,-0.19421890377998352,-0.2042801556420244,0.43138188123703003,0.43138188123703003,0.4289692530708802,-0.35683122277259827,-0.35683122277259827,-0.3488593881132225,1.7377526760101318,1.7377526760101318,1.7496375982299526,0.24292400479316711,0.24292400479316711,0.23899443045700686,0.7643029689788818,0.7643029689788818,0.7658121614404525,-0.033910270780324936,-0.033910270780324936,-0.057030594338902674,-0.19465746979628284,-0.19465746979628284,-0.2786678873884192
141,7.063940525054932,0.035319551825523376,0.035319551825523376,0.047112230106050035,-0.28811806440353394,-0.28811806440353394,-0.30994888227664674,0.29023221135139465,0.29023221135139465,0.3103303578240624,1.94338858127594,1.94338858127594,1.9388494697489875,-0.8314822316169739,-0.8314822316169739,-0.8093003738460371,-0.7362977266311646,-0.7362977266311646,-0.7272831311512942,0.6291455626487732,0.6291455626487732,0.6162737468528281,0.129814683505467,0.31209739911556256,0.578889143205922,-0.1907469630241394,-0.1907469630241394,-0.2042801556420244,0.43280765414237976,0.43280765414237976,0.4285877775234628,-0.36202409863471985,-0.36202409863471985,-0.3488593881132225,1.7343907356262207,1.7343907356262207,1.7496375982299526,0.2409912496805191,0.2409912496805191,0.23899443045700686,0.7586102485656738,0.7586102485656738,0.7642862592507829,-0.020303737372159958,-0.020303737372159958,-0.04863813229571967,-0.19467439379010876,-0.19467439379010876,-0.27790493629358437
142,7.113975763320923,0.03376328945159912,0.03376328945159912,0.047112230106050035,-0.2839423716068268,-0.2839423716068268,-0.30994888227664674,0.2793850898742676,0.2793850898742676,0.2988860914015401,1.9489779472351074,1.9489779472351074,1.9388494697489875,-0.8382776975631714,-0.8382776975631714,-0.8142595559624635,-0.7331072688102722,-0.7331072688102722,-0.7272831311512942,0.6457744836807251,0.6457744836807251,0.6326771953917767,0.12228553589752744,0.21209739911556255,0.4793240253299782,-0.18608151376247406,-0.18608151376247406,-0.20237277790493735,0.4354466497898102,0.4354466497898102,0.4289692530708802,-0.3683212995529175,-0.3683212995529175,-0.3542000457770662,1.7289587259292603,1.7289587259292603,1.7465857938506133,0.2381196767091751,0.2381196767091751,0.23823147936217204,0.7528974413871765,0.7528974413871765,0.7612344548714436,-0.0032857838086783886,-0.0032857838086783886,-0.03070878156710144,-0.18831960680229343,-0.18831960680229343,-0.2702754253452362
143,7.164043188095093,0.030470984056591988,0.030470984056591988,0.047112230106050035,-0.27895238995552063,-0.27895238995552063,-0.30651560234989006,0.2676721513271332,0.2676721513271332,0.286678873884183,1.9551947116851807,1.9551947116851807,1.9388494697489875,-0.8431708812713623,-0.8431708812713623,-0.8192187380788898,-0.7120464444160461,-0.7120464444160461,-0.7272831311512942,0.6524103879928589,0.6524103879928589,0.6494621194781427,0.13230332739438344,0.13230332739438344,0.38815136949721385,-0.18251177668571472,-0.18251177668571472,-0.20122835126268512,0.43732553720474243,0.43732553720474243,0.4293507286182976,-0.37392762303352356,-0.37392762303352356,-0.3622110322728318,1.7210755348205566,1.7210755348205566,1.7381933318074303,0.21472086012363434,0.21472086012363434,0.23517967498283276,0.7669024467468262,0.7669024467468262,0.7578011749446869,0.008448301814496517,0.008448301814496517,-0.011253528648813571,-1.232253715757813,-0.2883196068022934,-0.26379034103914023
144,7.2141101360321045,0.029158547520637512,0.029158547520637512,0.046730754558632626,-0.2774790823459625,-0.2774790823459625,-0.2946898603799504,0.25912320613861084,0.25912320613861084,0.2740901808194085,1.9649488925933838,1.9649488925933838,1.939230945296405,-0.8480791449546814,-0.8480791449546814,-0.8245593957427335,-0.7032859325408936,-0.7032859325408936,-0.7066834515907541,0.6514729261398315,0.6514729261398315,0.6540398260471516,0.13287517363790968,0.13287517363790968,0.30842298008697533,-0.17894621193408966,-0.17894621193408966,-0.19817654688334585,0.43403160572052,0.43403160572052,0.4293507286182976,-0.3735012710094452,-0.3735012710094452,-0.3709849698634322,1.7098002433776855,1.7098002433776855,1.7301823453116647,0.21474498510360718,0.21474498510360718,0.20618753337910967,0.7741869688034058,0.7741869688034058,0.7650492103456177,0.01076955534517765,0.01076955534517765,-0.0005722133211261138,-1.2956005700358326,-0.3883196068022934,-0.26493476768139246
145,7.2642011642456055,0.029579032212495804,0.029579032212495804,0.04406042572671076,-0.2744790315628052,-0.2744790315628052,-0.28591592278934996,0.25227901339530945,0.25227901339530945,0.26417181658655586,1.970296025276184,1.970296025276184,1.9419012741283268,-0.8543059229850769,-0.8543059229850769,-0.8314259555962469,-0.7036880850791931,-0.7036880850791931,-0.7024872205691626,0.6489735841751099,0.6489735841751099,0.6548027771419864,0.13191822620161942,0.13191822620161942,0.25921263447012954,-0.17281702160835266,-0.17281702160835266,-0.1966506446936762,0.43052738904953003,0.43052738904953003,0.4285877775234628,-0.3720519244670868,-0.3720519244670868,-0.3740367742427715,1.695486307144165,1.695486307144165,1.7160677500572206,0.20553039014339447,0.20553039014339447,0.20618753337910967,0.7737362384796143,0.7737362384796143,0.7661936369878699,0.02288740873336792,0.02288740873336792,-0.0001907377737087046,-1.2978784014497489,-0.48831960680229336,-0.28210116731517587
146,7.314320087432861,0.028466183692216873,0.028466183692216873,0.04367895017929335,-0.26967698335647583,-0.26967698335647583,-0.28133821622034105,0.2419164478778839,0.2419164478778839,0.2584496833752947,1.9678139686584473,1.9678139686584473,1.9487678339818402,-0.854398250579834,-0.854398250579834,-0.8382925154497602,-0.6996329426765442,-0.6996329426765442,-0.7032501716639974,0.6463297605514526,0.6463297605514526,0.654421301594569,0.13212851596517217,0.13212851596517217,0.22144655527580603,-0.16829244792461395,-0.16829244792461395,-0.19321736476691775,0.42717328667640686,0.42717328667640686,0.42706187533379314,-0.37301522493362427,-0.37301522493362427,-0.3740367742427715,1.6764544248580933,1.6764544248580933,1.697756923781185,0.18842671811580658,0.18842671811580658,0.20046540016784853,0.7712221741676331,0.7712221741676331,0.7654306858930351,0.04349322244524956,0.04349322244524956,0.012779430838483208,-1.2978335010579656,-0.5883196068022933,-0.3339818417639435
147,7.364352703094482,0.026266684755682945,0.026266684755682945,0.04406042572671076,-0.26368144154548645,-0.26368144154548645,-0.27714198519874955,0.2257050722837448,0.2257050722837448,0.25196459906919877,1.9628182649612427,1.9628182649612427,1.9499122606240924,-0.8484822511672974,-0.8484822511672974,-0.8382925154497602,-0.6860016584396362,-0.6860016584396362,-0.7024872205691626,0.6417702436447144,0.6417702436447144,0.6521324483100646,0.13268004279903023,0.13268004279903023,0.18978408484016107,-0.16598166525363922,-0.16598166525363922,-0.1867322804608218,0.42260825634002686,0.42260825634002686,0.4247730220492887,-0.37755072116851807,-0.37755072116851807,-0.3740367742427715,1.6500133275985718,1.6500133275985718,1.6733424887464707,0.16454625129699707,0.16454625129699707,0.17986572060730843,0.7693551778793335,0.7693551778793335,0.7654306858930351,0.06937403976917267,0.06937403976917267,0.03452353704127553,-1.2979999778951918,-0.6883196068022933,-0.40226596475165977
148,7.4144721031188965,0.024639450013637543,0.024639450013637543,0.04406042572671076,-0.25422269105911255,-0.25422269105911255,-0.2740901808194103,0.20348475873470306,0.20348475873470306,0.23937590600442427,1.9572283029556274,1.9572283029556274,1.9499122606240924,-0.8323265910148621,-0.8323265910148621,-0.835240711070421,-0.6697037220001221,-0.6697037220001221,-0.686083772030214,0.6347626447677612,0.6347626447677612,0.6517509727626472,0.028344228310776654,0.03268004279903022,0.17109178301670802,-0.16298478841781616,-0.16298478841781616,-0.17986572060730843,0.4157737195491791,0.4157737195491791,0.41943236438544496,-0.38582879304885864,-0.38582879304885864,-0.3740367742427715,1.6150752305984497,1.6150752305984497,1.6451132982375825,0.14753960072994232,0.14753960072994232,0.15468833447775943,0.7656649351119995,0.7656649351119995,0.7646677347982003,0.10613081604242325,0.10613081604242325,0.06389715419241604,-1.2979999778951918,-0.7883196068022933,-0.48542763408865497
149,7.4644715785980225,0.02381555363535881,0.02381555363535881,0.04367895017929335,-0.23739106953144073,-0.23739106953144073,-0.26531624322880987,0.17086711525917053,0.17086711525917053,0.21305409323262303,1.9473463296890259,1.9473463296890259,1.949530785076675,-0.8062630295753479,-0.8062630295753479,-0.818455786984055,-0.647836446762085,-0.647836446762085,-0.6715877012283524,0.613157331943512,0.613157331943512,0.646028839551386,0.0,0.0,0.12226291294727964,-0.15564864873886108,-0.15564864873886108,-0.17223620965896025,0.40757596492767334,0.40757596492767334,0.4137102311741838,-0.3991580605506897,-0.3991580605506897,-0.3797589074540326,1.5659973621368408,1.5659973621368408,1.607347219043259,0.10238803923130035,0.10238803923130035,0.13942931258106306,0.75626540184021,0.75626540184021,0.7619974059662784,0.14410486817359924,0.14410486817359924,0.10700389105058328,-1.2979999778951918,-0.8883196068022933,-0.579652094300755
150,7.5146324634552,0.020896246656775475,0.020896246656775475,0.042153047989623715,-0.2148527204990387,-0.2148527204990387,-0.24471656366826977,0.12778106331825256,0.12778106331825256,0.1745250629434647,1.932506799697876,1.932506799697876,1.9468604562447531,-0.7338651418685913,-0.7338651418685913,-0.788700694285497,-0.6159903407096863,-0.6159903407096863,-0.6464103150988034,0.5613985657691956,0.5613985657691956,0.6219958800640892,0.0,0.0,0.07763027389944277,-0.1496220827102661,-0.1496220827102661,-0.1615548943312728,0.3984437882900238,0.3984437882900238,0.4053177691310008,-0.41000857949256897,-0.41000857949256897,-0.3912031738765549,1.5103591680526733,1.5103591680526733,1.5535591668574043,0.06883306801319122,0.06883306801319122,0.08754863813229541,0.7599999904632568,0.7599999904632568,0.7574196993972695,0.16793471574783325,0.16793471574783325,0.14744029907682865,-1.2979999778951918,-0.9883196068022932,-0.6757839322499439
151,7.564662218093872,0.023361440747976303,0.023361440747976303,0.03833829251544962,-0.1915661096572876,-0.1915661096572876,-0.21572442206454667,0.08351869136095047,0.08351869136095047,0.12645914396887115,1.9155770540237427,1.9155770540237427,1.9377050431067353,-0.6408671736717224,-0.6588651418685914,-0.704776073853667,-0.56706303358078,-0.56706303358078,-0.6136034180209062,0.48832449316978455,0.48832449316978455,0.5598153658350515,0.0,0.0,0.0497825589379719,-0.1387481987476349,-0.1387481987476349,-0.15087357900358533,0.3850030303001404,0.3850030303001404,0.39387350270847854,-0.4143597185611725,-0.4143597185611725,-0.4076066224155035,1.4515044689178467,1.4515044689178467,1.4909971770809491,0.047591276466846466,0.047591276466846466,0.05436026550698081,0.7621287703514099,0.7621287703514099,0.7589456015869391,0.18852567672729492,0.18852567672729492,0.1657511253528643,-1.2979557682786673,-1.0883196068022933,-0.7738231479362181
152,7.614824533462524,0.032487645745277405,0.032487645745277405,0.033379110399023304,-0.16655026376247406,-0.16655026376247406,-0.18558785381856957,0.04542618244886398,0.04542618244886398,0.07572289616235572,1.8957219123840332,1.8957219123840332,1.9193942168306997,-0.5333556532859802,-0.5838651418685914,-0.6265735866330981,-0.5085972547531128,-0.5085972547531128,-0.5560006103608757,0.39467671513557434,0.41332449316978453,0.4755092698558041,0.0,0.0,0.032616159304188486,-0.11974995583295822,-0.11974995583295822,-0.14591439688715901,0.37092968821525574,0.37092968821525574,0.37594415197985676,-0.41110068559646606,-0.41110068559646606,-0.41485465781643427,1.391477108001709,1.391477108001709,1.4234760051880677,0.03323150798678398,0.03323150798678398,0.03643091477836258,0.75682532787323,0.75682532787323,0.7600900282291914,0.21255385875701904,0.21255385875701904,0.18101014724956066,-1.2978096693115577,-1.1883196068022934,-0.8710994125276574
153,7.664772033691406,0.044237375259399414,0.044237375259399414,0.03109025711451885,-0.14125066995620728,-0.14125066995620728,-0.1615548943312728,0.015184943564236164,0.015184943564236164,0.03070878156710144,1.865849494934082,1.865849494934082,1.896505683985655,-0.41854408383369446,-0.5088651418685914,-0.5502784771496145,-0.433703750371933,-0.433703750371933,-0.4915312428473335,0.2920874059200287,0.3383244931697845,0.39501792935073077,0.0,0.0,0.02040894178683139,-0.09585414081811905,-0.09585414081811905,-0.1371404592965586,0.36014431715011597,0.36014431715011597,0.3561074235141515,-0.3991198241710663,-0.3991198241710663,-0.41485465781643427,1.3369078636169434,1.3369078636169434,1.354810406652934,0.03050120361149311,0.03050120361149311,0.02117189288166621,0.7434731125831604,0.7434731125831604,0.7578011749446869,0.23811140656471252,0.23811140656471252,0.2031357289997704,-1.2977910183795864,-1.2883196068022935,-0.969520103761349
154,7.71487832069397,0.05645541846752167,0.05645541846752167,0.03452353704127553,-0.1178274154663086,-0.1178274154663086,-0.14324406805523715,-0.004853659775108099,-0.004853659775108099,-0.0024795910582131597,1.8275893926620483,1.8275893926620483,1.8663691157396798,-0.3123246431350708,-0.43386514186859143,-0.47703517204547197,-0.3406864106655121,-0.358703750371933,-0.4129472800793472,0.19214209914207458,0.2633244931697845,0.31757839322499315,0.0,0.0,0.017738612954909527,-0.07100453972816467,-0.07100453972816467,-0.12302586404211446,0.3550070822238922,0.3550070822238922,0.343518730449377,-0.378068745136261,-0.378068745136261,-0.4129472800793472,1.2958428859710693,1.2958428859710693,1.2949187457084008,0.042328450828790665,0.042328450828790665,0.0207904173342488,0.7204093933105469,0.7204093933105469,0.746738384069582,0.2626563012599945,0.2626563012599945,0.22640573739223235,-1.2978946346683164,-1.2978946346683164,-1.0675593194476232
155,7.765020132064819,0.0665837898850441,0.0665837898850441,0.04444190127412817,-0.09517460316419601,-0.09517460316419601,-0.12188143739986224,-0.014515437185764313,-0.014515437185764313,-0.023460746166170665,1.7829946279525757,1.7829946279525757,1.8232623788815125,-0.228815957903862,-0.3588651418685914,-0.4026474402990772,-0.24859756231307983,-0.28370375037193296,-0.33512626840619575,0.10133720934391022,0.1883244931697845,0.24013885709925908,0.0,0.0,0.017357137407492118,-0.04859715700149536,-0.04859715700149536,-0.10547798886091364,0.35615018010139465,0.35615018010139465,0.337033646143281,-0.3488748371601105,-0.3488748371601105,-0.40074006256199013,1.274635672569275,1.274635672569275,1.256008239871825,0.06957041472196579,0.06957041472196579,0.028801403830014394,0.6847156882286072,0.6847156882286072,0.7223239490348679,0.28405991196632385,0.28405991196632385,0.24814984359502468,-1.2979999778951918,-1.2979999778951918,-1.1320286869611653
156,7.81501030921936,0.07068329304456711,0.07068329304456711,0.05855649652857231,-0.07328727841377258,-0.07328727841377258,-0.10128175783932214,-0.01748172752559185,-0.01748172752559185,-0.02994583047226662,1.7297991514205933,1.7297991514205933,1.7694743266956579,-0.16704963147640228,-0.2838651418685914,-0.32635233081559534,-0.1737196445465088,-0.20870375037193295,-0.25959411001754873,0.021822743117809296,0.11332449316978449,0.16842145418478616,0.0,0.0,0.015449759670405072,-0.030431823804974556,-0.030431823804974556,-0.08373388265812132,0.3621068596839905,0.3621068596839905,0.3374151216906984,-0.3147807717323303,-0.3147807717323303,-0.3789959563591978,1.273359775543213,1.273359775543213,1.2441824979018854,0.10717485845088959,0.10717485845088959,0.05855649652857231,0.6336837410926819,0.6336837410926819,0.6849393453879618,0.3027856647968292,0.3027856647968292,0.26722362096589514,-1.2979999778951918,-1.2979999778951918,-1.1701762417029062
157,7.865056991577148,0.06811279058456421,0.06811279058456421,0.0707637140459294,-0.05459226295351982,-0.05459226295351982,-0.0791561760891124,-0.018144339323043823,-0.018144339323043823,-0.029564354924849212,1.670746088027954,1.670746088027954,1.7057679102769505,-0.12721246480941772,-0.2088651418685914,-0.2508201724269483,-0.11882127076387405,-0.13370375037193294,-0.1871137560082392,-0.04543973132967949,0.03832449316978448,0.09746700236514805,0.0,0.0,0.010490577553978753,-0.018211696296930313,-0.018211696296930313,-0.061608300907911584,0.3698447048664093,0.3698447048664093,0.33779659723811584,-0.28002727031707764,-0.28002727031707764,-0.338178072785535,1.2888213396072388,1.2888213396072388,1.2468528267338073,0.14868363738059998,0.14868363738059998,0.10166323338673955,0.5671955347061157,0.5671955347061157,0.6284809643701852,0.31886014342308044,0.31886014342308044,0.28782330052643523,-1.297882891488927,-1.297882891488927,-1.19611657892729
158,7.91507625579834,0.060466814786195755,0.060466814786195755,0.07648584725719054,-0.040973369032144547,-0.040973369032144547,-0.05474174105439822,-0.0188867449760437,-0.0188867449760437,-0.024986648355840302,1.6113004684448242,1.6113004684448242,1.636339360646982,-0.10212977975606918,-0.1338651418685914,-0.17757686732280398,-0.07952778041362762,-0.07952778041362762,-0.10891126878767032,-0.09802642464637756,-0.03667550683021553,0.024605172808422893,0.0,0.0,0.010109102006561344,-0.011982765980064869,-0.011982765980064869,-0.03490501258869294,0.3749518394470215,0.3749518394470215,0.34161135271228993,-0.24805712699890137,-0.24805712699890137,-0.2916380560006111,1.3143330812454224,1.3143330812454224,1.265163653009843,0.18774519860744476,0.18774519860744476,0.14782177462424606,0.4868163466453552,0.4921955347061157,0.553711757076373,0.33224380016326904,0.33224380016326904,0.30422674906538383,-1.2976058906103884,-1.2976058906103884,-1.2121385519188212
159,7.9651923179626465,0.05004250258207321,0.05004250258207321,0.07534142061493831,-0.03212161734700203,-0.03212161734700203,-0.037575341420614805,-0.019986165687441826,-0.019986165687441826,-0.024605172808422893,1.5573797225952148,1.5573797225952148,1.5676737621118484,-0.08752613514661789,-0.08752613514661789,-0.10204470893415696,-0.052450794726610184,-0.052450794726610184,-0.06427862973983345,-0.13850253820419312,-0.11167550683021554,-0.046349279011215216,0.0,0.0,0.010490577553978753,-0.009965567849576473,-0.009965567849576473,-0.01697566186007471,0.3737736940383911,0.3737736940383911,0.35114824139772516,-0.2216426581144333,-0.2216426581144333,-0.245860990310522,1.3422218561172485,1.3422218561172485,1.2968261234454879,0.2178899049758911,0.2178899049758911,0.1905470359349959,0.39783206582069397,0.4171955347061157,0.4751277943083867,0.3427785336971283,0.3427785336971283,0.3194857709620802,-1.2974304336948057,-1.2974304336948057,-1.2182421606774998
160,8.015264511108398,0.0383964441716671,0.0383964441716671,0.07267109178301645,-0.0269020926207304,-0.0269020926207304,-0.028038452735179575,-0.020901089534163475,-0.020901089534163475,-0.024605172808422893,1.511663556098938,1.511663556098938,1.5119783321889066,-0.07824549823999405,-0.07824549823999405,-0.06313420309758122,-0.03488845378160477,-0.03488845378160477,-0.046349279011215216,-0.16981902718544006,-0.16981902718544006,-0.12188143739986224,0.0,0.0,0.010490577553978753,-0.009556999430060387,-0.009556999430060387,-0.003242542153047978,0.3646485209465027,0.3646485209465027,0.3614480811779952,-0.20234327018260956,-0.20234327018260956,-0.21000228885328553,1.3657386302947998,1.3657386302947998,1.3357366292820636,0.2381402552127838,0.2381402552127838,0.22068360418097122,0.3075578808784485,0.3421955347061157,0.39768825818265263,0.35045433044433594,0.35045433044433594,0.3313115129320199,-1.2973965857071539,-1.2973965857071539,-1.232356755931944
161,8.065318584442139,0.027140401303768158,0.027140401303768158,0.0661860074769205,-0.023961041122674942,-0.023961041122674942,-0.027656977187762166,-0.02175986021757126,-0.02175986021757126,-0.024605172808422893,1.4756581783294678,1.4756581783294678,1.4719233997100787,-0.0725444033741951,-0.0725444033741951,-0.05970092317082454,-0.024276306852698326,-0.024276306852698326,-0.032234683756771076,-0.19354817271232605,-0.19354817271232605,-0.17528801403829952,0.0,0.0,0.010490577553978753,-0.008646929636597633,-0.008646929636597633,0.0005722133211261138,0.34853315353393555,0.34853315353393555,0.36259250782024743,-0.18925344944000244,-0.18925344944000244,-0.1825360494392303,1.3813468217849731,1.3813468217849731,1.3693064774547956,0.2509462535381317,0.2509462535381317,0.2412832837415113,0.22037343680858612,0.2671955347061157,0.3191042954146628,0.3554999530315399,0.3554999530315399,0.34275577935454216,-1.2975029650969168,-1.2975029650969168,-1.232356755931944
162,8.115314483642578,0.018079202622175217,0.018079202622175217,0.05359731441214599,-0.022362183779478073,-0.022362183779478073,-0.028038452735179575,-0.021784894168376923,-0.021784894168376923,-0.024986648355840302,1.4528908729553223,1.4528908729553223,1.44522011139086,-0.06668268889188766,-0.06668268889188766,-0.05931944762340713,-0.015807393938302994,-0.015807393938302994,-0.024605172808422893,-0.20475175976753235,-0.20475175976753235,-0.18863965819790884,0.0,0.0,0.010490577553978753,-0.004834024701267481,-0.004834024701267481,0.0001907377737087046,0.3282887935638428,0.3282887935638428,0.35420004577706443,-0.18068258464336395,-0.18068258464336395,-0.1699473563744558,1.3865644931793213,1.3865644931793213,1.3872358281834138,0.2583363950252533,0.2583363950252533,0.25196459906919877,0.1395336091518402,0.19219553470611567,0.2454795147631028,0.35906684398651123,0.35906684398651123,0.35076676585030775,-1.2976563172042372,-1.2976563172042372,-1.2327382314793613
163,8.16546893119812,0.011759456247091293,0.011759456247091293,0.03871976806286703,-0.02118237502872944,-0.02118237502872944,-0.028038452735179575,-0.019760724157094955,-0.019760724157094955,-0.024605172808422893,1.4449020624160767,1.4449020624160767,1.4299610894941637,-0.059710416942834854,-0.059710416942834854,-0.05893797207598972,-0.00859927386045456,-0.00859927386045456,-0.0165941863126573,-0.20089395344257355,-0.20089395344257355,-0.19436179140916998,0.0,0.0,0.010490577553978753,0.003274202113971114,0.003274202113971114,0.0001907377737087046,0.3070893883705139,0.3070893883705139,0.33436331731135915,-0.17556850612163544,-0.17556850612163544,-0.1699473563744558,1.3808170557022095,1.3808170557022095,1.3879987792782487,0.2612099051475525,0.2612099051475525,0.25539787899595545,0.068506620824337,0.11719553470611566,0.17147325856412543,0.36237621307373047,0.36237621307373047,0.35191119249256,-1.297755788841418,-1.297755788841418,-1.2350270847638658
164,8.215412378311157,0.007957670837640762,0.007957670837640762,0.02651255054550994,-0.01945987343788147,-0.01945987343788147,-0.028038452735179575,-0.0157009270042181,-0.0157009270042181,-0.024605172808422893,1.4509618282318115,1.4509618282318115,1.4295796139467463,-0.05103196203708649,-0.05103196203708649,-0.051689936675058945,-0.0031889760866761208,-0.0031889760866761208,-0.009346150911726525,-0.18223999440670013,-0.18223999440670013,-0.1909285114824133,0.0,0.0,0.010490577553978753,0.01604868285357952,0.01604868285357952,-0.0001907377737087046,0.2865604758262634,0.2865604758262634,0.30155642023346196,-0.17172519862651825,-0.17172519862651825,-0.1703288319218732,1.3642609119415283,1.3642609119415283,1.382658121614405,0.26184704899787903,0.26184704899787903,0.25539787899595545,0.009709826670587063,0.042195534706115645,0.095559624628061,0.3663218021392822,0.3663218021392822,0.35114824139772516,-1.2978476619507586,-1.2978476619507586,-1.2357900358587006
165,8.265531778335571,0.006165441125631332,0.006165441125631332,0.01697566186007471,-0.016963457688689232,-0.016963457688689232,-0.028038452735179575,-0.010249350219964981,-0.010249350219964981,-0.0207904173342488,1.4687774181365967,1.4687774181365967,1.4356832227054248,-0.040640875697135925,-0.040640875697135925,-0.04482337682154558,0.0007566226995550096,0.0007566226995550096,-0.005531395437552433,-0.14996406435966492,-0.14996406435966492,-0.17147325856412543,0.0,0.0,0.010490577553978753,0.032843343913555145,0.032843343913555145,0.003242542153047978,0.26833638548851013,0.26833638548851013,0.2668421454184777,-0.1678379774093628,-0.1678379774093628,-0.17109178301670802,1.3389641046524048,1.3389641046524048,1.3666361486228737,0.26208531856536865,0.26208531856536865,0.25539787899595545,-0.03820427134633064,-0.032804465293884366,0.022316319523918438,0.37141484022140503,0.37141484022140503,0.35496299687189925,-1.2978621682311808,-1.2978621682311808,-1.2357900358587006
166,8.315976619720459,0.005737128667533398,0.005737128667533398,0.013542381933318026,-0.013812145218253136,-0.013812145218253136,-0.027656977187762166,-0.0036544736940413713,-0.0036544736940413713,-0.0165941863126573,1.4953947067260742,1.4953947067260742,1.4501792935072864,-0.028079256415367126,-0.028079256415367126,-0.03490501258869294,0.004257511347532272,0.004257511347532272,-0.0020981155107957505,-0.10509277135133743,-0.10509277135133743,-0.13447013046463674,0.0,0.0,0.010490577553978753,0.05272947624325752,0.05272947624325752,0.01583123521782248,0.2531677484512329,0.2531677484512329,0.23746852826733722,-0.164122074842453,-0.164122074842453,-0.17223620965896025,1.3074486255645752,1.3074486255645752,1.3372625314717332,0.2620338499546051,0.2620338499546051,0.25501640344853804,-0.07633278518915176,-0.07633278518915176,-0.05054551003280672,0.37779751420021057,0.37779751420021057,0.360303654535743,-1.297837300321886,-1.297837300321886,-1.2365529869535354
167,8.36573600769043,0.0046667978167533875,0.0046667978167533875,0.014686808575570254,-0.010217693634331226,-0.010217693634331226,-0.027656977187762166,0.0020818819757550955,0.0020818819757550955,-0.008583199816891707,1.5215586423873901,1.5215586423873901,1.4776455329213398,-0.018482603132724762,-0.018482603132724762,-0.02155336842908362,0.004569597076624632,0.004569597076624632,0.0013351644159609322,-0.06128726899623871,-0.06128726899623871,-0.08335240711070391,0.0,0.0,0.010490577553978753,0.07376349717378616,0.07376349717378616,0.03566796368352776,0.24081237614154816,0.24081237614154816,0.22182803082322344,-0.16124339401721954,-0.16124339401721954,-0.17185473411154284,1.2738115787506104,1.2738115787506104,1.2953002212558182,0.2619405686855316,0.2619405686855316,0.25501640344853804,-0.10544458031654358,-0.10544458031654358,-0.08449683375295614,0.38514330983161926,0.38514330983161926,0.3660257877470041,-1.2978124324125906,-1.2978124324125906,-1.23884184023804
168,8.415832281112671,0.0036030111368745565,0.0036030111368745565,0.013923857480735435,-0.007238258607685566,-0.007238258607685566,-0.027275501640344757,0.005330974701792002,0.005330974701792002,0.0001907377737087046,1.542824625968933,1.542824625968933,1.505874723430228,-0.011924569495022297,-0.011924569495022297,-0.013923857480735435,0.0035444521345198154,0.0035444521345198154,0.0005722133211261138,-0.02579616941511631,-0.02579616941511631,-0.03871976806286703,0.0,0.0,0.010490577553978753,0.09209541231393814,0.09209541231393814,0.057030594338902674,0.23036330938339233,0.23036330938339233,0.21801327534904935,-0.16166235506534576,-0.16166235506534576,-0.17185473411154284,1.2447816133499146,1.2447816133499146,1.2552452887769903,0.2611621618270874,0.2611621618270874,0.25539787899595545,-0.12877871096134186,-0.12877871096134186,-0.1081483176928355,0.38831618428230286,0.38831618428230286,0.3702220187685956,-1.297803106946605,-1.297803106946605,-1.23884184023804
169,8.465822458267212,0.003216037293896079,0.003216037293896079,0.013542381933318026,-0.005638753063976765,-0.005638753063976765,-0.020027466239413982,0.0063360463827848434,0.0063360463827848434,0.004768444342717615,1.5575965642929077,1.5575965642929077,1.5329594872968642,-0.007581068202853203,-0.007581068202853203,-0.006675822079804661,0.0036869454197585583,0.0036869454197585583,0.0005722133211261138,-8.101692947093397e-05,-8.101692947093397e-05,-0.007820248722056888,0.0,0.0,0.010490577553978753,0.10298186540603638,0.10298186540603638,0.0791561760891124,0.2206525057554245,0.2206525057554245,0.21877622644388417,-0.16739694774150848,-0.16739694774150848,-0.17147325856412543,1.2294429540634155,1.2294429540634155,1.2258716716258498,0.2587917447090149,0.2587917447090149,0.25577935454337286,-0.14700980484485626,-0.14700980484485626,-0.12951094834821042,0.37963807582855225,0.37963807582855225,0.37136644541084785,-1.2978973977693493,-1.2978973977693493,-1.23884184023804
170,8.515903234481812,0.0036415092181414366,0.0036415092181414366,0.013160906385900617,-0.0051288241520524025,-0.0051288241520524025,-0.012397955291065799,0.0063555194064974785,0.0063555194064974785,0.004768444342717615,1.5662997961044312,1.5662997961044312,1.550507362478065,-0.0055191549472510815,-0.0055191549472510815,-0.0013351644159609322,0.004785497672855854,0.004785497672855854,0.0005722133211261138,0.01618509739637375,0.01618509739637375,0.013160906385900617,0.0,0.0,0.010490577553978753,0.10297379642724991,0.10297379642724991,0.09212634470130432,0.2116050124168396,0.2116050124168396,0.21839475089646676,-0.17765872180461884,-0.17765872180461884,-0.17185473411154284,1.2373344898223877,1.2373344898223877,1.214808880750745,0.25444114208221436,0.25444114208221436,0.25539787899595545,-0.1619119942188263,-0.1619119942188263,-0.14629587243457642,0.3525124192237854,0.3525124192237854,0.3652628366521693,-1.2979999778951918,-1.2979999778951918,-1.23884184023804
171,8.56603479385376,0.004398703575134277,0.004398703575134277,0.013542381933318026,-0.005138154607266188,-0.005138154607266188,-0.010872053101396162,0.005873978603631258,0.005873978603631258,0.008201724269474298,1.569555401802063,1.569555401802063,1.5566109712367435,-0.005786154419183731,-0.005786154419183731,0.0005722133211261138,0.0051317838951945305,0.0051317838951945305,0.0005722133211261138,0.022719794884324074,0.022719794884324074,0.02117189288166621,0.0,0.0,0.010490577553978753,0.09232284128665924,0.09232284128665924,0.095559624628061,0.20430441200733185,0.20430441200733185,0.2157244220645449,-0.19096890091896057,-0.19096890091896057,-0.17338063630121248,1.2716151475906372,1.2716151475906372,1.2209124895094234,0.24779698252677917,0.24779698252677917,0.2538719768062858,-0.17547127604484558,-0.17547127604484558,-0.1577401388570987,0.3065185546875,0.3065185546875,0.337033646143281,-1.2979999778951918,-1.2979999778951918,-1.23884184023804
172,8.616105318069458,0.005581072997301817,0.005581072997301817,0.013542381933318026,-0.005415292456746101,-0.005415292456746101,-0.011253528648813571,0.00542366923764348,0.00542366923764348,0.008201724269474298,1.5708376169204712,1.5708376169204712,1.556992446784161,-0.005732473451644182,-0.005732473451644182,0.0005722133211261138,0.005574365146458149,0.005574365146458149,0.000953688868543523,0.025316312909126282,0.025316312909126282,0.028801403830014394,0.0,0.0,0.010490577553978753,0.0740901529788971,0.0740901529788971,0.08754863813229541,0.19913999736309052,0.19913999736309052,0.20885786221103153,-0.2066888064146042,-0.2066888064146042,-0.1825360494392303,1.3276336193084717,1.3276336193084717,1.2552452887769903,0.2391010969877243,0.2391010969877243,0.24967574578469431,-0.18907876312732697,-0.18907876312732697,-0.17299916075379507,0.24411655962467194,0.24411655962467194,0.2813382162203393,-1.2979999778951918,-1.2979999778951918,-1.23884184023804
173,8.666079044342041,0.006523431744426489,0.006523431744426489,0.013923857480735435,-0.0056351665407419205,-0.0056351665407419205,-0.01163500419623098,0.005348795093595982,0.005348795093595982,0.007820248722056888,1.5716472864151,1.5716472864151,1.556992446784161,-0.005677900742739439,-0.005677900742739439,0.0005722133211261138,0.006043325178325176,0.006043325178325176,0.000953688868543523,0.026929374784231186,0.026929374784231186,0.03185320820935367,0.0,0.0,0.010490577553978753,0.05418454483151436,0.05418454483151436,0.0665674830243379,0.1963818222284317,0.1963818222284317,0.20160982681010076,-0.22020724415779114,-0.22020724415779114,-0.19817654688334585,1.3948984146118164,1.3948984146118164,1.3158999008163583,0.2310255914926529,0.2310255914926529,0.24204623483634613,-0.19921131432056427,-0.19921131432056427,-0.1867322804608218,0.17580901086330414,0.17580901086330414,0.21267261768520562,-1.2979999778951918,-1.2979999778951918,-1.23884184023804
174,8.716294050216675,0.006947270128875971,0.006947270128875971,0.013923857480735435,-0.005628335755318403,-0.005628335755318403,-0.011253528648813571,0.00559659581631422,0.00559659581631422,0.007820248722056888,1.572501540184021,1.572501540184021,1.556992446784161,-0.005629858002066612,-0.005629858002066612,0.0005722133211261138,0.006112912204116583,0.006112912204116583,0.000953688868543523,0.027972828596830368,0.027972828596830368,0.03528648813611035,0.0,0.0,0.010490577553978753,0.03856038302183151,0.03856038302183151,0.03910124361028444,0.19757448136806488,0.19757448136806488,0.1947432669565874,-0.227462038397789,-0.227462038397789,-0.21953917753872076,1.461768388748169,1.461768388748169,1.3979171435111013,0.22397850453853607,0.22397850453853607,0.23403524834058054,-0.20663869380950928,-0.20663869380950928,-0.1947432669565874,0.1131480410695076,0.1131480410695076,0.1409552147707327,-1.2979999778951918,-1.2979999778951918,-1.23884184023804
175,8.766311645507812,0.006912709213793278,0.006912709213793278,0.013923857480735435,-0.00548914959654212,-0.00548914959654212,-0.011253528648813571,0.005793682299554348,0.005793682299554348,0.008201724269474298,1.5731754302978516,1.5731754302978516,1.556992446784161,-0.0056389556266367435,-0.0056389556266367435,0.0005722133211261138,0.005814702250063419,0.005814702250063419,0.000953688868543523,0.028256161138415337,0.028256161138415337,0.03566796368352776,0.0,0.0,0.010490577553978753,0.030396636575460434,0.030396636575460434,0.015449759670405072,0.20171481370925903,0.20171481370925903,0.18444342717631734,-0.22872112691402435,-0.22872112691402435,-0.2336537727931649,1.5152308940887451,1.5152308940887451,1.4738307774471657,0.21913886070251465,0.21913886070251465,0.2241168841077279,-0.21215836703777313,-0.21215836703777313,-0.19817654688334585,0.06781664490699768,0.06781664490699768,0.08030060273136463,-1.2979999778951918,-1.2979999778951918,-1.23884184023804
176,8.81633710861206,0.006707749329507351,0.006707749329507351,0.013923857480735435,-0.005399761255830526,-0.005399761255830526,-0.011253528648813571,0.005742731038480997,0.005742731038480997,0.008201724269474298,1.5734034776687622,1.5734034776687622,1.556992446784161,-0.005665209610015154,-0.005665209610015154,0.0005722133211261138,0.005614482332020998,0.005614482332020998,0.000953688868543523,0.027994967997074127,0.027994967997074127,0.03566796368352776,0.0,0.0,0.010490577553978753,0.027766359969973564,0.027766359969973564,0.010109102006561344,0.2063295841217041,0.2063295841217041,0.17986572060730843,-0.2270735204219818,-0.2270735204219818,-0.24280918593118272,1.5493035316467285,1.5493035316467285,1.5280003051804378,0.21713246405124664,0.21713246405124664,0.219539177538719,-0.21579238772392273,-0.21579238772392273,-0.20084687571526771,0.04090838134288788,0.04090838134288788,0.042915999084458534,-1.2979999778951918,-1.2979999778951918,-1.23884184023804
177,8.866392135620117,0.00658433185890317,0.00658433185890317,0.013923857480735435,-0.005425318609923124,-0.005425318609923124,-0.011253528648813571,0.005603340920060873,0.005603340920060873,0.007820248722056888,1.5732651948928833,1.5732651948928833,1.556992446784161,-0.005652578081935644,-0.005652578081935644,0.0005722133211261138,0.005702470429241657,0.005702470429241657,0.000953688868543523,0.027692090719938278,0.027692090719938278,0.03566796368352776,0.0,0.0,0.010490577553978753,0.0275048166513443,0.0275048166513443,0.014686808575570254,0.2101302444934845,0.2101302444934845,0.18024719615472584,-0.22412274777889252,-0.22412274777889252,-0.24280918593118272,1.5661590099334717,1.5661590099334717,1.5573739223315783,0.21739119291305542,0.21739119291305542,0.21686884870679712,-0.21682611107826233,-0.21682611107826233,-0.2042801556420244,0.029027095064520836,0.029027095064520836,0.026894026092927348,-1.29799307014261,-1.29799307014261,-1.23884184023804
178,8.916451215744019,0.006604154594242573,0.006604154594242573,0.013923857480735435,-0.005475579760968685,-0.005475579760968685,-0.011253528648813571,0.005566668231040239,0.005566668231040239,0.008201724269474298,1.573061227798462,1.573061227798462,1.556992446784161,-0.005594566464424133,-0.005594566464424133,0.0005722133211261138,0.005872852168977261,0.005872852168977261,0.000953688868543523,0.027617197483778,0.027617197483778,0.03566796368352776,0.0,0.0,0.010490577553978753,0.027453547343611717,0.027453547343611717,0.02155336842908362,0.2128525972366333,0.2128525972366333,0.1871137560082392,-0.2219739407300949,-0.2219739407300949,-0.24052033264667827,1.571592092514038,1.571592092514038,1.5684367132066832,0.21795150637626648,0.21795150637626648,0.21686884870679712,-0.21753694117069244,-0.21753694117069244,-0.20580605783169403,0.026357093825936317,0.026357093825936317,0.024605172808422893,-1.2979543867281507,-1.2979543867281507,-1.23884184023804
179,8.966484546661377,0.006683335639536381,0.006683335639536381,0.013923857480735435,-0.005465557333081961,-0.005465557333081961,-0.011253528648813571,0.005608679726719856,0.005608679726719856,0.008201724269474298,1.5729973316192627,1.5729973316192627,1.556992446784161,-0.00556604377925396,-0.00556604377925396,0.0005722133211261138,0.005935499910265207,0.005935499910265207,0.000953688868543523,0.027725838124752045,0.027725838124752045,0.03566796368352776,0.0,0.0,0.010490577553978753,0.026762694120407104,0.026762694120407104,0.022697795071335847,0.21386446058750153,0.21386446058750153,0.19169146257724812,-0.22176878154277802,-0.22176878154277802,-0.23632410162508677,1.5706690549850464,1.5706690549850464,1.5688181887541006,0.21869902312755585,0.21869902312755585,0.21686884870679712,-0.21796223521232605,-0.21796223521232605,-0.20695048447394626,0.027138816192746162,0.027138816192746162,0.024605172808422893,-1.2979637121941363,-1.2979637121941363,-1.23884184023804
180,9.01664662361145,0.006727147381752729,0.006727147381752729,0.013923857480735435,-0.005432853940874338,-0.005432853940874338,-0.011253528648813571,0.005651155952364206,0.005651155952364206,0.007820248722056888,1.5730490684509277,1.5730490684509277,1.556992446784161,-0.005562620237469673,-0.005562620237469673,0.0005722133211261138,0.005881851073354483,0.005881851073354483,0.000953688868543523,0.027857178822159767,0.027857178822159767,0.03566796368352776,0.0,0.0,0.010490577553978753,0.025301499292254448,0.025301499292254448,0.019645990691996573,0.2137519270181656,0.2137519270181656,0.19359884031433516,-0.22273436188697815,-0.22273436188697815,-0.23136491950866045,1.5688769817352295,1.5688769817352295,1.5684367132066832,0.2192620187997818,0.2192620187997818,0.21725032425421453,-0.21802368760108948,-0.21802368760108948,-0.2084763866636159,0.02666175737977028,0.02666175737977028,0.024223697261005483,-1.2979885801034317,-1.2979885801034317,-1.23884184023804
181,9.06665563583374,0.006720820441842079,0.006720820441842079,0.013923857480735435,-0.005418095272034407,-0.005418095272034407,-0.011253528648813571,0.005657649599015713,0.005657649599015713,0.008201724269474298,1.5731178522109985,1.5731178522109985,1.556992446784161,-0.005549457855522633,-0.005549457855522633,0.0005722133211261138,0.0058069475926458836,0.0058069475926458836,0.000953688868543523,0.027892185375094414,0.027892185375094414,0.03566796368352776,0.0,0.0,0.010490577553978753,0.023950178176164627,0.023950178176164627,0.01621271076523989,0.21354134380817413,0.21354134380817413,0.19359884031433516,-0.2234456092119217,-0.2234456092119217,-0.2298390173189908,1.5689924955368042,1.5689924955368042,1.5684367132066832,0.2193334549665451,0.2193334549665451,0.21725032425421453,-0.21793097257614136,-0.21793097257614136,-0.2084763866636159,0.024903172627091408,0.024903172627091408,0.023842221713588074,-1.2979909978168354,-1.2979909978168354,-1.23884184023804
182,9.116743564605713,0.006698266137391329,0.006698266137391329,0.013923857480735435,-0.005414724349975586,-0.005414724349975586,-0.011253528648813571,0.005623919423669577,0.005623919423669577,0.008201724269474298,1.5731480121612549,1.5731480121612549,1.556992446784161,-0.005548957735300064,-0.005548957735300064,0.0005722133211261138,0.005798748228698969,0.005798748228698969,0.000953688868543523,0.027851523831486702,0.027851523831486702,0.03528648813611035,0.0,0.0,0.010490577553978753,0.02350446954369545,0.02350446954369545,0.01583123521782248,0.21363072097301483,0.21363072097301483,0.19359884031433516,-0.22343160212039948,-0.22343160212039948,-0.2298390173189908,1.570255160331726,1.570255160331726,1.5684367132066832,0.21916572749614716,0.21916572749614716,0.21725032425421453,-0.21786245703697205,-0.21786245703697205,-0.2084763866636159,0.023618565872311592,0.023618565872311592,0.020027466239413982,-1.2979954878560136,-1.2979954878560136,-1.23884184023804
183,9.16671085357666,0.0066817523911595345,0.0066817523911595345,0.013923857480735435,-0.005420703440904617,-0.005420703440904617,-0.011253528648813571,0.005597200710326433,0.005597200710326433,0.008201724269474298,1.5731291770935059,1.5731291770935059,1.556992446784161,-0.005549764726310968,-0.005549764726310968,0.0005722133211261138,0.0058412388898432255,0.0058412388898432255,0.000953688868543523,0.0278119258582592,0.0278119258582592,0.03566796368352776,0.0,0.0,0.010490577553978753,0.023752588778734207,0.023752588778734207,0.0165941863126573,0.21384009718894958,0.21384009718894958,0.19359884031433516,-0.22311215102672577,-0.22311215102672577,-0.2298390173189908,1.571139931678772,1.571139931678772,1.5684367132066832,0.21904952824115753,0.21904952824115753,0.21725032425421453,-0.21787713468074799,-0.21787713468074799,-0.2084763866636159,0.02347051538527012,0.02347051538527012,0.020027466239413982,-1.2979985963446756,-1.2979985963446756,-1.23884184023804
184,9.216761112213135,0.006684076506644487,0.006684076506644487,0.013923857480735435,-0.005424747243523598,-0.005424747243523598,-0.011253528648813571,0.005608410108834505,0.005608410108834505,0.007820248722056888,1.573103427886963,1.573103427886963,1.556992446784161,-0.005537139251828194,-0.005537139251828194,0.0005722133211261138,0.005846974439918995,0.005846974439918995,0.000953688868543523,0.027802366763353348,0.027802366763353348,0.03566796368352776,0.0,0.0,0.010490577553978753,0.024078404530882835,0.024078404530882835,0.0165941863126573,0.21393859386444092,0.21393859386444092,0.19359884031433516,-0.2229365110397339,-0.2229365110397339,-0.2298390173189908,1.5712038278579712,1.5712038278579712,1.5684367132066832,0.21905289590358734,0.21905289590358734,0.21725032425421453,-0.21790868043899536,-0.21790868043899536,-0.2084763866636159,0.02389444410800934,0.02389444410800934,0.020027466239413982,-1.2979954878560136,-1.2979954878560136,-1.23884184023804
185,9.266843795776367,0.006694805808365345,0.006694805808365345,0.013923857480735435,-0.005409706849604845,-0.005409706849604845,-0.011253528648813571,0.005613993853330612,0.005613993853330612,0.007820248722056888,1.57310152053833,1.57310152053833,1.556992446784161,-0.005540637765079737,-0.005540637765079737,0.0005722133211261138,0.0058294543996453285,0.0058294543996453285,0.000953688868543523,0.02780475839972496,0.02780475839972496,0.03528648813611035,0.0,0.0,0.010490577553978753,0.024172069504857063,0.024172069504857063,0.01621271076523989,0.21390792727470398,0.21390792727470398,0.19398031586175257,-0.2229660451412201,-0.2229660451412201,-0.2298390173189908,1.5708978176116943,1.5708978176116943,1.5684367132066832,0.21910527348518372,0.21910527348518372,0.21725032425421453,-0.21790198981761932,-0.21790198981761932,-0.2084763866636159,0.024200035259127617,0.024200035259127617,0.020027466239413982,-1.2979979055694173,-1.2979979055694173,-1.23884184023804
186,9.316952228546143,0.006697214674204588,0.006697214674204588,0.013923857480735435,-0.005398535169661045,-0.005398535169661045,-0.011253528648813571,0.005603844299912453,0.005603844299912453,0.007820248722056888,1.5731061697006226,1.5731061697006226,1.556992446784161,-0.005550583824515343,-0.005550583824515343,0.0005722133211261138,0.00581612391397357,0.00581612391397357,0.000953688868543523,0.0278185848146677,0.0278185848146677,0.03528648813611035,0.0,0.0,0.010490577553978753,0.024099303409457207,0.024099303409457207,0.01621271076523989,0.2138517200946808,0.2138517200946808,0.19398031586175257,-0.2230469137430191,-0.2230469137430191,-0.2298390173189908,1.5706993341445923,1.5706993341445923,1.5684367132066832,0.21913854777812958,0.21913854777812958,0.21725032425421453,-0.21787796914577484,-0.21787796914577484,-0.2084763866636159,0.024206632748246193,0.024206632748246193,0.020027466239413982,-1.2979985963446756,-1.2979985963446756,-1.23884184023804
187,9.367028713226318,0.006695724558085203,0.006695724558085203,0.013923857480735435,-0.005401150323450565,-0.005401150323450565,-0.011253528648813571,0.005601398181170225,0.005601398181170225,0.007820248722056888,1.5731103420257568,1.5731103420257568,1.556992446784161,-0.005538162309676409,-0.005538162309676409,0.0005722133211261138,0.005805835127830505,0.005805835127830505,0.000953688868543523,0.027819784358143806,0.027819784358143806,0.03566796368352776,0.0,0.0,0.010490577553978753,0.024023177102208138,0.024023177102208138,0.0165941863126573,0.2138359546661377,0.2138359546661377,0.19398031586175257,-0.2230760157108307,-0.2230760157108307,-0.2298390173189908,1.5707037448883057,1.5707037448883057,1.5684367132066832,0.21913717687129974,0.21913717687129974,0.21725032425421453,-0.21787089109420776,-0.21787089109420776,-0.2084763866636159,0.024090774357318878,0.024090774357318878,0.020027466239413982,-1.2979985963446756,-1.2979985963446756,-1.23884184023804
188,9.417108535766602,0.0066946279257535934,0.0066946279257535934,0.013923857480735435,-0.005394567735493183,-0.005394567735493183,-0.011253528648813571,0.005592041183263063,0.005592041183263063,0.007820248722056888,1.5731147527694702,1.5731147527694702,1.556992446784161,-0.0055428482592105865,-0.0055428482592105865,0.0005722133211261138,0.005802237428724766,0.005802237428724766,0.000953688868543523,0.027808858081698418,0.027808858081698418,0.03566796368352776,0.0,0.0,0.010490577553978753,0.024009114131331444,0.024009114131331444,0.01621271076523989,0.21385043859481812,0.21385043859481812,0.19398031586175257,-0.22306109964847565,-0.22306109964847565,-0.2298390173189908,1.5707828998565674,1.5707828998565674,1.5684367132066832,0.21912464499473572,0.21912464499473572,0.21725032425421453,-0.21787983179092407,-0.21787983179092407,-0.2084763866636159,0.024023234844207764,0.024023234844207764,0.020027466239413982,-1.2979985963446756,-1.2979985963446756,-1.23884184023804
189,9.467105627059937,0.0066932979971170425,0.0066932979971170425,0.013923857480735435,-0.00538941053673625,-0.00538941053673625,-0.011253528648813571,0.0055823735892772675,0.0055823735892772675,0.008201724269474298,1.5731115341186523,1.5731115341186523,1.556992446784161,-0.005551782436668873,-0.005551782436668873,0.0005722133211261138,0.005805713124573231,0.005805713124573231,0.000953688868543523,0.027810892090201378,0.027810892090201378,0.03566796368352776,0.0,0.0,0.010490577553978753,0.0240319911390543,0.0240319911390543,0.01621271076523989,0.21386337280273438,0.21386337280273438,0.19398031586175257,-0.22304394841194153,-0.22304394841194153,-0.2298390173189908,1.5708211660385132,1.5708211660385132,1.5684367132066832,0.2191169112920761,0.2191169112920761,0.21725032425421453,-0.21788640320301056,-0.21788640320301056,-0.2084763866636159,0.02403038740158081,0.02403038740158081,0.020027466239413982,-1.2979982509570465,-1.2979982509570465,-1.23884184023804
190,9.517213582992554,0.00669511454179883,0.00669511454179883,0.013923857480735435,-0.005389557220041752,-0.005389557220041752,-0.011253528648813571,0.005587880965322256,0.005587880965322256,0.007820248722056888,1.5731077194213867,1.5731077194213867,1.556992446784161,-0.005545020569115877,-0.005545020569115877,0.0005722133211261138,0.005789324641227722,0.005789324641227722,0.000953688868543523,0.02781553752720356,0.02781553752720356,0.03528648813611035,0.0,0.0,0.010490577553978753,0.02404770813882351,0.02404770813882351,0.0165941863126573,0.21386443078517914,0.21386443078517914,0.19359884031433516,-0.2230408638715744,-0.2230408638715744,-0.2298390173189908,1.5708130598068237,1.5708130598068237,1.5684367132066832,0.21911682188510895,0.21911682188510895,0.21725032425421453,-0.21788661181926727,-0.21788661181926727,-0.2084763866636159,0.024059079587459564,0.024059079587459564,0.020027466239413982,-1.2979982509570465,-1.2979982509570465,-1.23884184023804
191,9.567262411117554,0.006696361117064953,0.006696361117064953,0.013923857480735435,-0.005379310343414545,-0.005379310343414545,-0.011253528648813571,0.005581790115684271,0.005581790115684271,0.008201724269474298,1.5731096267700195,1.5731096267700195,1.556992446784161,-0.005554179195314646,-0.005554179195314646,0.0005722133211261138,0.005773560609668493,0.005773560609668493,0.000953688868543523,0.027814432978630066,0.027814432978630066,0.03528648813611035,0.0,0.0,0.010490577553978753,0.02404731512069702,0.02404731512069702,0.01621271076523989,0.21385982632637024,0.21385982632637024,0.19398031586175257,-0.2230454534292221,-0.2230454534292221,-0.2298390173189908,1.570794939994812,1.570794939994812,1.5684367132066832,0.21912097930908203,0.21912097930908203,0.21725032425421453,-0.21788306534290314,-0.21788306534290314,-0.2084763866636159,0.024071769788861275,0.024071769788861275,0.020027466239413982,-1.2979982509570465,-1.2979982509570465,-1.23884184023804
192,9.61731743812561,0.006695246789604425,0.006695246789604425,0.013923857480735435,-0.005373011343181133,-0.005373011343181133,-0.011253528648813571,0.00556846521794796,0.00556846521794796,0.007820248722056888,1.5731111764907837,1.5731111764907837,1.556992446784161,-0.0055716452188789845,-0.0055716452188789845,0.0005722133211261138,0.005771124269813299,0.005771124269813299,0.000953688868543523,0.027821654453873634,0.027821654453873634,0.03528648813611035,0.0,0.0,0.010490577553978753,0.02404194138944149,0.02404194138944149,0.01621271076523989,0.21385709941387177,0.21385709941387177,0.19398031586175257,-0.22304873168468475,-0.22304873168468475,-0.2298390173189908,1.5707859992980957,1.5707859992980957,1.5684367132066832,0.21912355720996857,0.21912355720996857,0.21725032425421453,-0.21788077056407928,-0.21788077056407928,-0.2084763866636159,0.024067504331469536,0.024067504331469536,0.020027466239413982,-1.2979982509570465,-1.2979982509570465,-1.23884184023804
193,9.66733717918396,0.006694796960800886,0.006694796960800886,0.013923857480735435,-0.00537545420229435,-0.00537545420229435,-0.011253528648813571,0.005570359528064728,0.005570359528064728,0.008201724269474298,1.5731101036071777,1.5731101036071777,1.556992446784161,-0.0055547854863107204,-0.0055547854863107204,0.0005722133211261138,0.00576097471639514,0.00576097471639514,0.000953688868543523,0.02782437950372696,0.02782437950372696,0.03566796368352776,0.0,0.0,0.010490577553978753,0.024038944393396378,0.024038944393396378,0.01621271076523989,0.21385806798934937,0.21385806798934937,0.19398031586175257,-0.2230483740568161,-0.2230483740568161,-0.2298390173189908,1.5707911252975464,1.5707911252975464,1.5684367132066832,0.21912243962287903,0.21912243962287903,0.21725032425421453,-0.21788126230239868,-0.21788126230239868,-0.2084763866636159,0.024059712886810303,0.024059712886810303,0.020027466239413982,-1.2979982509570465,-1.2979982509570465,-1.23884184023804
194,9.717432498931885,0.006695581134408712,0.006695581134408712,0.013923857480735435,-0.005366987083107233,-0.005366987083107233,-0.011253528648813571,0.005563145037740469,0.005563145037740469,0.007820248722056888,1.5731141567230225,1.5731141567230225,1.556992446784161,-0.005553663242608309,-0.005553663242608309,0.0005722133211261138,0.005755897611379623,0.005755897611379623,0.000953688868543523,0.02781491167843342,0.02781491167843342,0.03566796368352776,0.0,0.0,0.010490577553978753,0.02403952181339264,0.02403952181339264,0.01621271076523989,0.21385926008224487,0.21385926008224487,0.19398031586175257,-0.2230466902256012,-0.2230466902256012,-0.2298390173189908,1.5707955360412598,1.5707955360412598,1.5684367132066832,0.21912136673927307,0.21912136673927307,0.21725032425421453,-0.21788257360458374,-0.21788257360458374,-0.2084763866636159,0.024058450013399124,0.024058450013399124,0.020027466239413982,-1.2979982509570465,-1.2979982509570465,-1.23884184023804
195,9.767499208450317,0.006694352719932795,0.006694352719932795,0.013923857480735435,-0.005361056886613369,-0.005361056886613369,-0.011253528648813571,0.005552362650632858,0.005552362650632858,0.008201724269474298,1.573112964630127,1.573112964630127,1.556992446784161,-0.005556147545576096,-0.005556147545576096,0.0005722133211261138,0.005761266220360994,0.005761266220360994,0.000953688868543523,0.02781641110777855,0.02781641110777855,0.03528648813611035,0.0,0.0,0.010490577553978753,0.02404106967151165,0.02404106967151165,0.01621271076523989,0.21385937929153442,0.21385937929153442,0.19398031586175257,-0.2230464518070221,-0.2230464518070221,-0.2298390173189908,1.5707955360412598,1.5707955360412598,1.5684367132066832,0.2191212922334671,0.2191212922334671,0.21725032425421453,-0.21788345277309418,-0.21788345277309418,-0.2084763866636159,0.02406006120145321,0.02406006120145321,0.020027466239413982,-1.2979982509570465,-1.2979982509570465,-1.23884184023804
196,9.817614316940308,0.006694918032735586,0.006694918032735586,0.013923857480735435,-0.005362465512007475,-0.005362465512007475,-0.011253528648813571,0.005556537304073572,0.005556537304073572,0.007820248722056888,1.5731086730957031,1.5731086730957031,1.556992446784161,-0.0055251214653253555,-0.0055251214653253555,0.0005722133211261138,0.005754348821938038,0.005754348821938038,0.000953688868543523,0.027820946648716927,0.027820946648716927,0.03566796368352776,0.0,0.0,0.010490577553978753,0.02404100075364113,0.02404100075364113,0.01621271076523989,0.21385937929153442,0.21385937929153442,0.19398031586175257,-0.22304682433605194,-0.22304682433605194,-0.2298390173189908,1.5707955360412598,1.5707955360412598,1.5684367132066832,0.2191207855939865,0.2191207855939865,0.21725032425421453,-0.21788322925567627,-0.21788322925567627,-0.2084763866636159,0.024061286821961403,0.024061286821961403,0.020027466239413982,-1.2979982509570465,-1.2979982509570465,-1.23884184023804
197,9.867717504501343,0.006696016527712345,0.006696016527712345,0.013923857480735435,-0.005353698041290045,-0.005353698041290045,-0.011253528648813571,0.005550756119191647,0.005550756119191647,0.007820248722056888,1.5731115341186523,1.5731115341186523,1.556992446784161,-0.005510172341018915,-0.005510172341018915,0.0005722133211261138,0.005755093414336443,0.005755093414336443,0.000953688868543523,0.02781616896390915,0.02781616896390915,0.03528648813611035,0.0,0.0,0.010490577553978753,0.02404121123254299,0.02404121123254299,0.0165941863126573,0.2138589471578598,0.2138589471578598,0.19359884031433516,-0.22304706275463104,-0.22304706275463104,-0.2298390173189908,1.5707955360412598,1.5707955360412598,1.5684367132066832,0.21912232041358948,0.21912232041358948,0.21725032425421453,-0.21788136661052704,-0.21788136661052704,-0.2084763866636159,0.02406185306608677,0.02406185306608677,0.020027466239413982,-1.2979982509570465,-1.2979982509570465,-1.23884184023804
198,9.917734622955322,0.006694932002574205,0.006694932002574205,0.013923857480735435,-0.005347382742911577,-0.005347382742911577,-0.011253528648813571,0.005540304351598024,0.005540304351598024,0.007820248722056888,1.5731120109558105,1.5731120109558105,1.556992446784161,-0.005507681053131819,-0.005507681053131819,0.0005722133211261138,0.005762677639722824,0.005762677639722824,0.000953688868543523,0.027823779731988907,0.027823779731988907,0.03566796368352776,0.0,0.0,0.010490577553978753,0.024041198194026947,0.024041198194026947,0.01621271076523989,0.2138589471578598,0.2138589471578598,0.19359884031433516,-0.22304686903953552,-0.22304686903953552,-0.2298390173189908,1.5707955360412598,1.5707955360412598,1.5684367132066832,0.2191217541694641,0.2191217541694641,0.21725032425421453,-0.21788190305233002,-0.21788190305233002,-0.2084763866636159,0.02406207099556923,0.02406207099556923,0.020027466239413982,-1.2979982509570465,-1.2979982509570465,-1.23884184023804
199,9.96779179573059,0.0066947974264621735,0.0066947974264621735,0.013923857480735435,-0.005348940379917622,-0.005348940379917622,-0.011253528648813571,0.005544235464185476,0.005544235464185476,0.007820248722056888,1.5731104612350464,1.5731104612350464,1.556992446784161,-0.00548845250159502,-0.00548845250159502,0.0005722133211261138,0.00575408386066556,0.00575408386066556,0.000953688868543523,0.027823975309729576,0.027823975309729576,0.03566796368352776,0.0,0.0,0.010490577553978753,0.024041075259447098,0.024041075259447098,0.01621271076523989,0.2138589471578598,0.2138589471578598,0.19398031586175257,-0.22304710745811462,-0.22304710745811462,-0.2298390173189908,1.5707955360412598,1.5707955360412598,1.5684367132066832,0.219121053814888,0.219121053814888,0.21725032425421453,-0.21788319945335388,-0.21788319945335388,-0.2084763866636159,0.02406209707260132,0.02406209707260132,0.020027466239413982,-1.2979982509570465,-1.2979982509570465,-1.23884184023804
200,10.017861127853394,0.006695352960377932,0.006695352960377932,0.013923857480735435,-0.005339400842785835,-0.005339400842785835,-0.011253528648813571,0.005537568591535091,0.005537568591535091,0.008201724269474298,1.5731120109558105,1.5731120109558105,1.556992446784161,-0.005484505090862513,-0.005484505090862513,0.0005722133211261138,0.005748556461185217,0.005748556461185217,0.000953688868543523,0.027820639312267303,0.027820639312267303,0.03566796368352776,0.0,0.0,0.010490577553978753,0.02404111437499523,0.02404111437499523,0.01621271076523989,0.2138589471578598,0.2138589471578598,0.19398031586175257,-0.22304710745811462,-0.22304710745811462,-0.2298390173189908,1.5707955360412598,1.5707955360412598,1.5684367132066832,0.219122052192688,0.219122052192688,0.21725032425421453,-0.21788156032562256,-0.21788156032562256,-0.2084763866636159,0.0240622665733099,0.0240622665733099,0.020027466239413982,-1.2979982509570465,-1.2979982509570465,-1.23884184023804
201,10.067909002304077,0.006694710347801447,0.006694710347801447,0.013923857480735435,-0.005332577973604202,-0.005332577973604202,-0.011253528648813571,0.005525980610400438,0.005525980610400438,0.008201724269474298,1.5731117725372314,1.5731117725372314,1.556992446784161,-0.005491648800671101,-0.005491648800671101,0.0005722133211261138,0.0057545374147593975,0.0057545374147593975,0.000953688868543523,0.02782459370791912,0.02782459370791912,0.03528648813611035,0.0,0.0,0.010490577553978753,0.024041222408413887,0.024041222408413887,0.01621271076523989,0.2138589471578598,0.2138589471578598,0.19398031586175257,-0.2230468988418579,-0.2230468988418579,-0.2298390173189908,1.5707955360412598,1.5707955360412598,1.5684367132066832,0.21912157535552979,0.21912157535552979,0.21725032425421453,-0.21788236498832703,-0.21788236498832703,-0.2084763866636159,0.02406202256679535,0.02406202256679535,0.020027466239413982,-1.2979982509570465,-1.2979982509570465,-1.23884184023804
202,10.118048906326294,0.006694858893752098,0.006694858893752098,0.013923857480735435,-0.0053334287367761135,-0.0053334287367761135,-0.011253528648813571,0.0055288877338171005,0.0055288877338171005,0.007820248722056888,1.5731083154678345,1.5731083154678345,1.556992446784161,-0.005482811015099287,-0.005482811015099287,0.0005722133211261138,0.0057438332587480545,0.0057438332587480545,0.000953688868543523,0.027830185368657112,0.027830185368657112,0.03566796368352776,0.0,0.0,0.010490577553978753,0.024041198194026947,0.024041198194026947,0.01621271076523989,0.2138587087392807,0.2138587087392807,0.19398031586175257,-0.2230471521615982,-0.2230471521615982,-0.2298390173189908,1.5707955360412598,1.5707955360412598,1.5684367132066832,0.2191210836172104,0.2191210836172104,0.21725032425421453,-0.21788319945335388,-0.21788319945335388,-0.2084763866636159,0.02406233176589012,0.02406233176589012,0.020027466239413982,-1.2979982509570465,-1.2979982509570465,-1.23884184023804
203,10.168032884597778,0.006696491967886686,0.006696491967886686,0.013923857480735435,-0.005323869176208973,-0.005323869176208973,-0.011253528648813571,0.005521890241652727,0.005521890241652727,0.007820248722056888,1.5731126070022583,1.5731126070022583,1.556992446784161,-0.005491856951266527,-0.005491856951266527,0.0005722133211261138,0.005734297912567854,0.005734297912567854,0.000953688868543523,0.02782677486538887,0.02782677486538887,0.03566796368352776,0.0,0.0,0.010490577553978753,0.024041185155510902,0.024041185155510902,0.01621271076523989,0.2138586789369583,0.2138586789369583,0.19359884031433516,-0.2230471521615982,-0.2230471521615982,-0.2298390173189908,1.5707955360412598,1.5707955360412598,1.5684367132066832,0.21912173926830292,0.21912173926830292,0.21725032425421453,-0.21788164973258972,-0.21788164973258972,-0.2084763866636159,0.024062074720859528,0.024062074720859528,0.020027466239413982,-1.2979982509570465,-1.2979982509570465,-1.23884184023804
204,10.218070983886719,0.006695536430925131,0.006695536430925131,0.013923857480735435,-0.005317001603543758,-0.005317001603543758,-0.011253528648813571,0.005509410053491592,0.005509410053491592,0.007820248722056888,1.5731122493743896,1.5731122493743896,1.556992446784161,-0.005505493376404047,-0.005505493376404047,0.0005722133211261138,0.005736662074923515,0.005736662074923515,0.000953688868543523,0.02783293090760708,0.02783293090760708,0.03566796368352776,0.0,0.0,0.010490577553978753,0.02404109388589859,0.02404109388589859,0.01621271076523989,0.2138586789369583,0.2138586789369583,0.19359884031433516,-0.2230469137430191,-0.2230469137430191,-0.2298390173189908,1.5707955360412598,1.5707955360412598,1.5684367132066832,0.21912184357643127,0.21912184357643127,0.21725032425421453,-0.21788161993026733,-0.21788161993026733,-0.2084763866636159,0.024062160402536392,0.024062160402536392,0.020027466239413982,-1.2979982509570465,-1.2979982509570465,-1.23884184023804
205,10.26822543144226,0.006696115247905254,0.006696115247905254,0.013923857480735435,-0.005318584386259317,-0.005318584386259317,-0.011253528648813571,0.005511798430234194,0.005511798430234194,0.007820248722056888,1.573109745979309,1.573109745979309,1.556992446784161,-0.005483126267790794,-0.005483126267790794,0.0005722133211261138,0.005728977266699076,0.005728977266699076,0.000953688868543523,0.027841465547680855,0.027841465547680855,0.03566796368352776,0.0,0.0,0.010490577553978753,0.024041125550866127,0.024041125550866127,0.01621271076523989,0.2138586789369583,0.2138586789369583,0.19398031586175257,-0.2230469137430191,-0.2230469137430191,-0.2298390173189908,1.5707955360412598,1.5707955360412598,1.5684367132066832,0.21912124752998352,0.21912124752998352,0.21725032425421453,-0.21788236498832703,-0.21788236498832703,-0.2084763866636159,0.024061910808086395,0.024061910808086395,0.020027466239413982,-1.2979982509570465,-1.2979982509570465,-1.23884184023804
206,10.318359136581421,0.0066982596181333065,0.0066982596181333065,0.013923857480735435,-0.0053110248409211636,-0.0053110248409211636,-0.011253528648813571,0.005507845897227526,0.005507845897227526,0.008201724269474298,1.5731146335601807,1.5731146335601807,1.556992446784161,-0.005461348686367273,-0.005461348686367273,0.0005722133211261138,0.005730804521590471,0.005730804521590471,0.000953688868543523,0.0278299693018198,0.0278299693018198,0.03566796368352776,0.0,0.0,0.010490577553978753,0.024041159078478813,0.024041159078478813,0.01621271076523989,0.2138586789369583,0.2138586789369583,0.19398031586175257,-0.2230469137430191,-0.2230469137430191,-0.2298390173189908,1.5707955360412598,1.5707955360412598,1.5684367132066832,0.21912124752998352,0.21912124752998352,0.21725032425421453,-0.21788235008716583,-0.21788235008716583,-0.2084763866636159,0.02406204678118229,0.02406204678118229,0.020027466239413982,-1.2979982509570465,-1.2979982509570465,-1.23884184023804
207,10.368268728256226,0.006697734352201223,0.006697734352201223,0.013923857480735435,-0.005302775651216507,-0.005302775651216507,-0.011253528648813571,0.00549573777243495,0.00549573777243495,0.008201724269474298,1.5731171369552612,1.5731171369552612,1.556992446784161,-0.005437723360955715,-0.005437723360955715,0.0005722133211261138,0.005752291064709425,0.005752291064709425,0.000953688868543523,0.0278161633759737,0.0278161633759737,0.03566796368352776,0.0,0.0,0.010490577553978753,0.024041155353188515,0.024041155353188515,0.0165941863126573,0.2138586789369583,0.2138586789369583,0.19359884031433516,-0.2230469137430191,-0.2230469137430191,-0.2298390173189908,1.5707955360412598,1.5707955360412598,1.5684367132066832,0.21912124752998352,0.21912124752998352,0.21725032425421453,-0.2178821861743927,-0.2178821861743927,-0.2084763866636159,0.02406194992363453,0.02406194992363453,0.020027466239413982,-1.2979982509570465,-1.2979982509570465,-1.23884184023804
208,10.418375730514526,0.006697206757962704,0.006697206757962704,0.013923857480735435,-0.005300741642713547,-0.005300741642713547,-0.011253528648813571,0.0054937563836574554,0.0054937563836574554,0.008201724269474298,1.5731130838394165,1.5731130838394165,1.556992446784161,-0.005399036221206188,-0.005399036221206188,0.0005722133211261138,0.0057746851816773415,0.0057746851816773415,0.000953688868543523,0.02780081145465374,0.02780081145465374,0.03566796368352776,0.0,0.0,0.010490577553978753,0.02404114417731762,0.02404114417731762,0.01621271076523989,0.2138586789369583,0.2138586789369583,0.19359884031433516,-0.2230469137430191,-0.2230469137430191,-0.2298390173189908,1.5707955360412598,1.5707955360412598,1.5684367132066832,0.2191213220357895,0.2191213220357895,0.21725032425421453,-0.21788239479064941,-0.21788239479064941,-0.2084763866636159,0.024062011390924454,0.024062011390924454,0.020027466239413982,-1.2979982509570465,-1.2979982509570465,-1.23884184023804
209,10.468505620956421,0.00669904937967658,0.00669904937967658,0.013923857480735435,-0.005292639601975679,-0.005292639601975679,-0.011253528648813571,0.005493690725415945,0.005493690725415945,0.008201724269474298,1.573111653327942,1.573111653327942,1.556992446784161,-0.005360328126698732,-0.005360328126698732,0.0005722133211261138,0.005795716308057308,0.005795716308057308,0.000953688868543523,0.027777772396802902,0.027777772396802902,0.03566796368352776,0.0,0.0,0.010490577553978753,0.02404116466641426,0.02404116466641426,0.01621271076523989,0.2138586789369583,0.2138586789369583,0.19398031586175257,-0.2230469137430191,-0.2230469137430191,-0.2298390173189908,1.5707955360412598,1.5707955360412598,1.5684367132066832,0.21912123262882233,0.21912123262882233,0.21725032425421453,-0.21788229048252106,-0.21788229048252106,-0.2084763866636159,0.024062078446149826,0.024062078446149826,0.020027466239413982,-1.2979982509570465,-1.2979982509570465,-1.23884184023804
210,10.518558263778687,0.006697907578200102,0.006697907578200102,0.013923857480735435,-0.005284164100885391,-0.005284164100885391,-0.011253528648813571,0.005495402961969376,0.005495402961969376,0.008201724269474298,1.5731053352355957,1.5731053352355957,1.556992446784161,-0.005358277820050716,-0.005358277820050716,0.0005722133211261138,0.0057954625226557255,0.0057954625226557255,0.000953688868543523,0.027763307094573975,0.027763307094573975,0.03528648813611035,0.0,0.0,0.010490577553978753,0.02404117025434971,0.02404117025434971,0.0165941863126573,0.2138586789369583,0.2138586789369583,0.19398031586175257,-0.2230469137430191,-0.2230469137430191,-0.2298390173189908,1.5707955360412598,1.5707955360412598,1.5684367132066832,0.21912133693695068,0.21912133693695068,0.21725032425421453,-0.2178821861743927,-0.2178821861743927,-0.2084763866636159,0.024062074720859528,0.024062074720859528,0.020027466239413982,-1.2979982509570465,-1.2979982509570465,-1.23884184023804
211,10.568548917770386,0.0066981008276343346,0.0066981008276343346,0.013923857480735435,-0.005276505369693041,-0.005276505369693041,-0.011253528648813571,0.005494652781635523,0.005494652781635523,0.008201724269474298,1.573100209236145,1.573100209236145,1.556992446784161,-0.005354009103029966,-0.005354009103029966,0.0005722133211261138,0.005784255918115377,0.005784255918115377,0.000953688868543523,0.027758272364735603,0.027758272364735603,0.03566796368352776,0.0,0.0,0.010490577553978753,0.024041129276156425,0.024041129276156425,0.01621271076523989,0.2138586789369583,0.2138586789369583,0.19398031586175257,-0.2230469137430191,-0.2230469137430191,-0.2298390173189908,1.5707955360412598,1.5707955360412598,1.5684367132066832,0.21912148594856262,0.21912148594856262,0.21725032425421453,-0.2178821861743927,-0.2178821861743927,-0.2084763866636159,0.02406199462711811,0.02406199462711811,0.020027466239413982,-1.2979982509570465,-1.2979982509570465,-1.23884184023804
212,10.618653059005737,0.006698979064822197,0.006698979064822197,0.013923857480735435,-0.005271645728498697,-0.005271645728498697,-0.011253528648813571,0.005488478112965822,0.005488478112965822,0.007820248722056888,1.5730979442596436,1.5730979442596436,1.556992446784161,-0.005353196058422327,-0.005353196058422327,0.0005722133211261138,0.005775275640189648,0.005775275640189648,0.000953688868543523,0.027757607400417328,0.027757607400417328,0.03566796368352776,0.0,0.0,0.010490577553978753,0.024041157215833664,0.024041157215833664,0.01621271076523989,0.2138586789369583,0.2138586789369583,0.19398031586175257,-0.2230469137430191,-0.2230469137430191,-0.2298390173189908,1.5707955360412598,1.5707955360412598,1.5684367132066832,0.21912136673927307,0.21912136673927307,0.21725032425421453,-0.21788199245929718,-0.21788199245929718,-0.2084763866636159,0.024062050506472588,0.024062050506472588,0.020027466239413982,-1.2979982509570465,-1.2979982509570465,-1.23884184023804
213,10.668782234191895,0.006698968820273876,0.006698968820273876,0.013923857480735435,-0.0052686999551951885,-0.0052686999551951885,-0.011253528648813571,0.0054814997129142284,0.0054814997129142284,0.007820248722056888,1.5730971097946167,1.5730971097946167,1.556992446784161,-0.005346671678125858,-0.005346671678125858,0.0005722133211261138,0.005774649325758219,0.005774649325758219,0.000953688868543523,0.02776082418859005,0.02776082418859005,0.03566796368352776,0.0,0.0,0.010490577553978753,0.02404114417731762,0.02404114417731762,0.0165941863126573,0.2138586789369583,0.2138586789369583,0.19398031586175257,-0.2230469137430191,-0.2230469137430191,-0.2298390173189908,1.5707955360412598,1.5707955360412598,1.5684367132066832,0.21912145614624023,0.21912145614624023,0.21725032425421453,-0.2178822010755539,-0.2178822010755539,-0.2084763866636159,0.024062026292085648,0.024062026292085648,0.020027466239413982,-1.2979982509570465,-1.2979982509570465,-1.23884184023804
214,10.718777418136597,0.006698762997984886,0.006698762997984886,0.013923857480735435,-0.005265457089990377,-0.005265457089990377,-0.011253528648813571,0.005477129481732845,0.005477129481732845,0.007820248722056888,1.5730981826782227,1.5730981826782227,1.556992446784161,-0.005343778524547815,-0.005343778524547815,0.0005722133211261138,0.005774789489805698,0.005774789489805698,0.000953688868543523,0.02775963395833969,0.02775963395833969,0.03528648813611035,0.0,0.0,0.010490577553978753,0.024041136726737022,0.024041136726737022,0.01621271076523989,0.2138586789369583,0.2138586789369583,0.19398031586175257,-0.2230469137430191,-0.2230469137430191,-0.2298390173189908,1.5707955360412598,1.5707955360412598,1.5684367132066832,0.21912136673927307,0.21912136673927307,0.21725032425421453,-0.2178819626569748,-0.2178819626569748,-0.2084763866636159,0.024062028154730797,0.024062028154730797,0.020027466239413982,-1.2979982509570465,-1.2979982509570465,-1.23884184023804
