episode_index,length,right_closes,right_blips,right_empty_closes,left_closes,left_blips,left_empty_closes,right_twitches,left_twitches,right_holds,right_pre_closes,right_post_closes,left_early_closes,grasp_frame,grasp_t,left_grasp_frame,right_release_frame,handover_frame,handover_t,handover_overlap,hold_drift,right_hold_value,left_hold_value,left_holds_at_end,right_open_at_end,lead_idle,trail_idle,longest_pause,max_step,jerk_rms,track_err,start_jump,start_dev,start_dev_right,path_right,path_left,nn_dist,nn_episode,right_pre_grasp_close,right_regrasp,right_post_release_close,left_early_close,left_abnormal,gripper_twitch,hold_slip,no_handover,drop_risk,timing_outlier,start_outlier,long_pause,action_spike,tracking_error,near_duplicate,length_outlier,n_flags,exclude,reasons
0,351,1,0,0,1,0,0,0,0,1,0,0,0,106,0.301994301994302,226,240,226,0.6438746438746439,14,0.004938850179314613,0.022765696980059147,0.023621080443263054,True,True,0,33,0,0.07667529582977295,0.0006210543541666857,0.00207375817218031,0.10437342710793018,0.05096807911756868,0.05087101588713393,16.749271649867296,11.521287641604431,0.09495081289444576,167,False,False,False,False,False,False,False,False,False,False,False,False,False,False,False,False,0,False,
1,346,1,0,0,1,0,0,0,0,1,0,0,0,96,0.2774566473988439,230,244,230,0.6647398843930635,14,0.0007816143333911896,0.023815146647393703,0.025111911818385124,True,True,0,34,0,0.10857412219047546,0.0008984438106163884,0.0025904845233846543,0.1573582887649536,0.07238644270428203,0.07101395962282912,17.742076176800765,13.482645662603318,0.08944363569921139,251,False,False,False,False,False,False,False,False,False,False,False,False,False,False,False,False,0,False,
2,372,1,0,0,1,0,0,0,0,1,0,0,0,126,0.3387096774193548,256,270,256,0.6881720430107527,14,0.0005941390991210938,0.029582493007183075,0.026084331795573235,True,True,0,32,0,0.07180869579315186,0.0007023792970346814,0.002262857314514181,0.0832644421607256,0.039848797463709715,0.039005303791464684,19.46052368171513,13.230259307842061,0.10557853760332163,203,False,False,False,False,False,False,False,False,False,True,False,False,False,False,False,False,1,False,timing_outlier
3,343,1,0,0,1,0,0,0,0,1,0,0,0,100,0.2915451895043732,223,239,223,0.6501457725947521,16,0.00125822052359581,0.02422642894089222,0.021576588973402977,True,True,0,0,0,0.10549294948577881,0.0009033897564363953,0.002697749820757427,0.12104676477611065,0.055469202704034215,0.0553652872367335,20.441821262123995,13.106035633129068,0.03587094984424612,172,False,False,False,False,False,False,False,False,False,False,False,False,False,False,False,False,0,False,
4,368,1,0,0,1,0,0,0,0,1,0,0,0,111,0.3016304347826087,240,255,240,0.6521739130434783,15,0.005956349894404411,0.024356070905923843,0.026679448783397675,True,True,0,33,0,0.12330299615859985,0.0016455074695967216,0.0035224628889695413,0.0475079920142889,0.018083356386343077,0.015815761690093477,24.412146436661715,14.277208012630581,0.10244845716429654,314,False,False,False,False,False,False,True,False,False,False,False,False,False,False,False,False,1,False,hold_slip
5,368,1,0,0,1,0,0,0,0,1,0,0,0,111,0.3016304347826087,240,255,240,0.6521739130434783,15,0.009391870349645615,0.02233410906046629,0.02286822721362114,True,True,0,33,0,0.12330096960067749,0.001622058828140231,0.0034493531602524884,0.033085818868130445,0.01964826311213311,0.017583651013539373,24.08506064487301,14.372976353261038,0.12684206850550697,4,False,False,False,False,False,False,True,False,False,False,False,False,False,False,False,False,1,False,hold_slip
6,343,1,0,0,1,0,0,0,0,1,0,0,0,100,0.2915451895043732,223,239,223,0.6501457725947521,16,0.004814701154828072,0.031343962997198105,0.02559597697108984,True,True,0,0,0,0.10611093044281006,0.0010033255523934743,0.002873442698494113,0.16027947887778282,0.07467451173385352,0.07459735440935017,20.910371614416363,13.0859246494947,0.08975472734792236,172,False,False,False,False,False,False,False,False,False,False,False,False,False,False,False,False,0,False,
7,383,1,0,0,1,0,0,0,0,1,0,0,0,125,0.3263707571801567,245,264,245,0.639686684073107,19,0.0031414777040481567,0.02081158384680748,0.022746247239410877,True,True,0,32,0,0.11210979707539082,0.0014853696501648502,0.0032491677662485332,0.1875373125076294,0.08246209808784072,0.0818292081617949,23.15428109840275,13.04066148106358,0.11975906006556751,296,False,False,False,False,False,False,False,False,False,False,False,False,False,False,False,False,0,False,
8,351,1,0,0,1,0,0,0,0,1,0,0,0,106,0.301994301994302,226,240,226,0.6438746438746439,14,0.00414898619055748,0.021578378975391388,0.023143867030739784,True,True,0,33,0,0.07784914970397949,0.0005208867425922542,0.0019421349281995447,0.030787013936787844,0.019978416840512266,0.019729456847207002,16.175121063366532,11.521161353273783,0.026030436574176346,194,False,False,False,False,False,False,False,False,False,False,False,False,False,False,False,False,0,False,
9,346,1,0,0,1,0,0,0,0,1,0,0,0,96,0.2774566473988439,230,244,230,0.6647398843930635,14,0.0008927211165428162,0.02375214174389839,0.025611283257603645,True,True,0,34,0,0.10857430100440979,0.0008315259322241281,0.002528324423746261,0.09965550899505615,0.04571616700104541,0.0435103815106231,17.192938502063043,13.490594798800885,0.05847184182561088,138,False,False,False,False,False,False,False,False,False,False,False,False,False,False,False,False,0,False,
10,358,1,0,0,1,0,0,0,0,1,0,0,0,101,0.28212290502793297,235,249,235,0.6564245810055865,14,0.0008084923028945923,0.026969878934323788,0.02667177841067314,True,True,0,31,0,0.09321951866149902,0.0007508877929032316,0.0025128781192080636,0.0421491926535964,0.02048921501028652,0.02015284358709571,20.058541067061014,13.893029014085187,0.12287712814955515,387,False,False,False,False,False,False,False,False,False,False,False,False,False,False,False,False,0,False,
11,356,1,0,0,1,0,0,0,0,1,0,0,0,89,0.25,231,245,231,0.648876404494382,14,0.0002826619893312454,0.021615431644022465,0.024469370022416115,True,True,0,34,0,0.09321856498718262,0.0007868675316903231,0.0025954584732557923,0.13155198097229004,0.06802370964239966,0.06659349352894318,19.946351601509377,14.584723825508263,0.08187324545631505,357,False,False,False,False,False,False,False,False,False,False,False,False,False,False,False,False,0,False,
12,351,1,0,0,1,0,0,0,0,1,0,0,0,106,0.301994301994302,226,240,226,0.6438746438746439,14,0.0020718518644571304,0.025888188742101192,0.02336845174431801,True,True,0,33,0,0.06714367866516113,0.0005957948686035296,0.001978699558159341,0.06981289386749268,0.05373146657898633,0.053639396237851744,16.533610162325203,11.514612579077948,0.09949522277011466,54,False,False,False,False,False,False,False,False,False,False,False,False,False,False,False,False,0,False,
13,362,1,0,0,1,0,0,0,0,1,0,0,0,103,0.2845303867403315,245,258,245,0.6767955801104972,13,0.0001582130789756775,0.0324593149125576,0.02414342761039734,True,True,0,32,0,0.10485804080963135,0.0007460567966723103,0.0024271107119732604,0.06699325703084469,0.05204829148428768,0.05073056759210708,19.48987092426978,11.974940343701746,0.15568390603489554,329,False,False,False,False,False,False,False,False,False,False,False,False,False,False,False,False,0,False,
14,385,1,0,0,2,1,0,0,0,1,0,0,0,110,0.2857142857142857,264,278,264,0.6857142857142857,14,0.0033871475607156754,0.02156479936093092,0.02369893155992031,True,True,0,31,0,0.12473219633102417,0.0015215615368098384,0.003689789010235359,0.20198708027601242,0.08990609172991419,0.08975091284012958,27.795753994525512,15.536712951710797,0.08611487685297277,291,False,False,False,False,False,True,False,False,False,False,False,False,False,False,False,False,1,False,gripper_twitch
15,343,1,0,0,1,0,0,0,0,1,0,0,0,100,0.2915451895043732,223,239,223,0.6501457725947521,16,0.001988111063838005,0.026252275332808495,0.026126377284526825,True,True,0,0,0,0.10898274183273315,0.0009146773671869341,0.0028205306969394254,0.04900135286152363,0.03689067612831311,0.03673424243657218,19.468370237213094,13.187559491256252,0.059245082894611355,276,False,False,False,False,False,False,False,False,False,False,False,False,False,False,False,False,0,False,
16,356,1,0,0,1,0,0,0,0,1,0,0,0,89,0.25,231,245,231,0.648876404494382,14,0.0011563897132873535,0.025293047539889812,0.022820673882961273,True,True,0,34,0,0.09137749671936035,0.0006755165482186671,0.0023304403802951487,0.05694555304944515,0.038106722652370244,0.035490711717019265,18.14104481373215,14.537370811507571,0.06032844143836834,144,False,False,False,False,False,False,False,False,False,False,False,False,False,False,False,False,0,False,
17,356,1,0,0,1,0,0,0,0,1,0,0,0,89,0.25,231,245,231,0.648876404494382,14,0.0007822941988706589,0.029094493947923183,0.02474553883075714,True,True,0,34,0,0.09359204769134521,0.0006341315120449597,0.0023321210724363034,0.04466504044830799,0.03468289902743037,0.03178634599671424,17.69728906493401,14.561565558135044,0.04677578851232143,97,False,False,False,False,False,False,False,False,False,False,False,False,False,False,False,False,0,False,
18,351,1,0,0,1,0,0,0,0,1,0,0,0,106,0.301994301994302,226,240,226,0.6438746438746439,14,0.004521679133176804,0.02532215230166912,0.022012971341609955,True,True,0,33,0,0.07702195644378662,0.0007267926502544208,0.002147832887722147,0.13691451400518417,0.06210911687700116,0.062029482726148284,17.610243887640536,11.503723496483872,0.055953106231630884,222,False,False,False,False,False,False,False,False,False,False,False,False,False,False,False,False,0,False,
19,358,1,0,0,1,0,0,0,0,1,0,0,0,101,0.28212290502793297,235,249,235,0.6564245810055865,14,0.005285659804940224,0.023604257963597775,0.02699390985071659,True,True,0,31,0,0.11395645141601562,0.0017135628343340357,0.0036559285133774305,0.048699330538511276,0.028520898456120353,0.028280219618180523,24.071780196230975,13.899251728347735,0.07318283277967545,159,False,False,False,False,False,False,True,False,False,False,False,False,False,False,False,False,1,False,hold_slip
20,358,1,0,0,1,0,0,0,0,1,0,0,0,101,0.28212290502793297,235,249,235,0.6564245810055865,14,0.00039993971586227417,0.024790397845208645,0.027140101417899132,True,True,0,31,0,0.0921703577041626,0.0006554792416701997,0.0024713231195395294,0.030693012289702892,0.02410579335009426,0.023820546718025658,19.419944890774786,13.897631627012743,0.0925406538049886,169,False,False,False,False,False,False,False,False,False,False,False,False,False,False,False,False,0,False,
21,362,2,1,0,1,0,0,1,0,1,0,1,0,103,0.2845303867403315,245,258,245,0.6767955801104972,13,0.005866164341568947,0.02183198556303978,0.02622554451227188,True,True,0,31,0,0.11486127972602844,0.001649211582463247,0.003626050064118068,0.16566768288612366,0.07362543571267113,0.0726998667513541,24.360687568580033,11.92017192626372,0.2069491004045566,224,False,False,True,False,False,True,True,False,False,False,False,False,False,False,False,False,3,True,"right_post_release_close,gripper_twitch,hold_slip"
22,343,1,0,0,1,0,0,0,0,1,0,0,0,100,0.2915451895043732,223,239,223,0.6501457725947521,16,0.001150272786617279,0.024503426626324654,0.025792108848690987,True,True,0,0,0,0.10559701919555664,0.0009826313935134157,0.002900285910844442,0.13525260239839554,0.05584105069867382,0.05573782849480799,20.50704016466625,13.19268362422008,0.09151667675390947,365,False,False,False,False,False,False,False,False,False,False,False,False,False,False,False,False,0,False,
23,343,1,0,0,1,0,0,0,0,1,0,0,0,100,0.2915451895043732,223,239,223,0.6501457725947521,16,0.0008352082222700119,0.024592891335487366,0.020719772204756737,True,True,0,0,0,0.10701093077659607,0.0008809173307580743,0.002683651863763784,0.09082424640655518,0.047846753729640486,0.04772624461079705,19.91979379948316,13.079186421004124,0.027440512281174875,57,False,False,False,False,False,False,False,False,False,False,False,False,False,False,False,False,0,False,
24,358,1,0,0,1,0,0,0,0,1,0,0,0,101,0.28212290502793297,235,249,235,0.6564245810055865,14,0.0022382382303476334,0.0238717095926404,0.027163103222846985,True,True,0,4,0,0.11304028332233429,0.0016790261695304974,0.0038120949596227244,0.11217129230499268,0.04789850594939045,0.04775558653280249,25.704077954964305,13.918450745084556,0.0640121198776956,85,False,False,False,False,False,False,False,False,False,False,False,False,False,False,False,False,0,False,
25,358,1,0,0,1,0,0,0,0,1,0,0,0,101,0.28212290502793297,235,249,235,0.6564245810055865,14,0.001964125782251358,0.023167556151747704,0.02534087933599949,True,True,0,31,0,0.11443349719047546,0.000875673527415835,0.002803674570186393,0.07964622974395752,0.027447244470478926,0.027197066053720395,21.48713314626366,13.897133753780508,0.056046215136517516,140,False,False,False,False,False,False,False,False,False,False,False,False,False,False,False,False,0,False,
26,356,1,0,0,1,0,0,0,0,1,0,0,0,89,0.25,231,245,231,0.648876404494382,14,0.0005227308720350266,0.02458596881479025,0.02703753113746643,True,True,0,34,0,0.09552741050720215,0.0006681349791469401,0.0023795018467446987,0.049336791038513184,0.02011373581882348,0.014561273140262261,18.275658600847237,14.58145393274026,0.0745454717768775,116,False,False,False,False,False,False,False,False,False,False,False,False,False,False,False,False,0,False,
27,351,1,0,0,1,0,0,0,0,1,0,0,0,106,0.301994301994302,226,240,226,0.6438746438746439,14,0.004773518070578575,0.028673668392002583,0.024797258898615837,True,True,0,33,0,0.09044653177261353,0.000818189535323733,0.0022297046444247817,0.14204072952270508,0.068727573807383,0.06865561688224654,18.351369783631526,11.472832171333721,0.12970954822131794,399,False,False,False,False,False,False,False,False,False,False,False,False,False,False,False,False,0,False,
28,351,1,0,0,1,0,0,0,0,1,0,0,0,106,0.301994301994302,226,240,226,0.6438746438746439,14,0.003068862482905388,0.023973694071173668,0.02577991411089897,True,True,0,3,0,0.07870113849639893,0.0005689977483906136,0.0021269921172962333,0.044443992897868156,0.027446359644804214,0.027265674130387392,16.78390235779807,11.468898186984006,0.10025444651706623,93,False,False,False,False,False,False,False,False,False,False,False,False,False,False,False,False,0,False,
29,385,1,0,0,1,0,0,0,0,1,0,0,0,110,0.2857142857142857,264,278,264,0.6857142857142857,14,0.000366896390914917,0.03256264701485634,0.021802552044391632,True,True,0,31,0,0.08415108919143677,0.0006309022867087334,0.002035541980267929,0.08029866218566895,0.043401812517945365,0.043079442374892356,18.445690609707015,14.827701387395791,0.09576383327216208,59,False,False,False,False,False,False,False,False,False,False,False,False,False,False,False,False,0,False,
30,343,1,0,0,1,0,0,0,0,1,0,0,0,100,0.2915451895043732,223,239,223,0.6501457725947521,16,0.0012149568647146225,0.02725919894874096,0.025923633947968483,True,True,0,0,0,0.10521042346954346,0.0010117875627384371,0.002930607954134667,0.15943117439746857,0.06564100310134963,0.06555321403513455,21.01526466226096,13.149599447729997,0.10620328805013961,3,False,False,False,False,False,False,False,False,False,False,False,False,False,False,False,False,0,False,
31,385,1,0,0,1,0,0,0,0,1,0,0,0,110,0.2857142857142857,264,278,264,0.6857142857142857,14,0.0002971384674310684,0.02568269707262516,0.02088535763323307,True,True,0,31,0,0.0841367244720459,0.0006414619659447892,0.0021349328052392364,0.06455003283917904,0.03752071895660435,0.03714734683001306,18.86547921296369,14.930209054604347,0.04135033725127508,170,False,False,False,False,False,False,False,False,False,False,False,False,False,False,False,False,0,False,
32,343,1,0,0,1,0,0,1,0,1,0,0,0,100,0.2915451895043732,223,239,223,0.6501457725947521,16,0.0006217639893293381,0.025186697021126747,0.024570079520344734,True,True,0,0,0,0.1066364049911499,0.0007926902927254132,0.002607581391119405,0.05152773857116699,0.03566619677920742,0.03550436839147987,19.106556318409275,13.140689281281084,0.08836879673916406,188,False,False,False,False,False,True,False,False,False,False,False,False,False,False,False,False,1,False,gripper_twitch
33,356,1,0,0,1,0,0,1,0,1,0,0,0,89,0.25,231,245,231,0.648876404494382,14,0.000618739053606987,0.02232970390468836,0.024929692968726158,True,True,0,34,0,0.09191358089447021,0.0007601600944879679,0.002527908025170417,0.1251298189163208,0.055250090326329666,0.05347934917277404,19.11985724628903,14.608957724944048,0.058770298022786285,86,False,False,False,False,False,True,False,False,False,False,False,False,False,False,False,False,1,False,gripper_twitch
34,358,1,0,0,1,0,0,0,0,1,0,0,0,101,0.28212290502793297,235,249,235,0.6564245810055865,14,0.004102209582924843,0.025817264802753925,0.027016686275601387,True,True,0,31,0,0.1104729175567627,0.0009352393623784416,0.00282674626353074,0.1491464376449585,0.05894054079500834,0.05882445513658615,21.93871825444512,13.898117987875594,0.0913068470446523,82,False,False,False,False,False,False,False,False,False,False,False,False,False,False,False,False,0,False,
35,346,1,0,0,1,0,0,0,0,1,0,0,0,96,0.2774566473988439,230,244,230,0.6647398843930635,14,0.0006392877548933029,0.025920976884663105,0.022502650506794453,True,True,0,34,0,0.10857409238815308,0.0006937641716724372,0.0022677565084548096,0.051985964179039,0.04555101260678269,0.04333682179666357,16.02137768419925,13.46412517617864,0.06139509466645813,309,False,False,False,False,False,False,False,False,False,False,False,False,False,False,False,False,0,False,
36,358,1,0,0,1,0,0,0,0,1,0,0,0,101,0.28212290502793297,235,249,235,0.6564245810055865,14,0.0008744429796934128,0.023033100180327892,0.024396738037467003,True,True,0,31,0,0.0921703577041626,0.000940690539337615,0.002705196471139402,0.06114964187145233,0.0382902573091182,0.038111323484060135,20.64408817491494,13.913053196156397,0.10735933944030084,243,False,False,False,False,False,False,False,False,False,False,False,False,False,False,False,False,0,False,
37,383,1,0,0,1,0,0,0,0,1,0,0,0,125,0.3263707571801567,245,264,245,0.639686684073107,19,0.008961603045463562,0.025033412501215935,0.027236299589276314,True,True,0,32,0,0.12114155292510986,0.0017539725883691263,0.00345847455434584,0.14304208755493164,0.0658071879779158,0.06501236556916262,25.327518228409076,13.104040202015312,0.3943372435952283,296,False,False,False,False,False,False,True,False,False,False,False,False,False,False,False,False,1,False,hold_slip
38,368,1,0,0,1,0,0,0,0,1,0,0,0,111,0.3016304347826087,240,255,240,0.6521739130434783,15,0.00034662894904613495,0.021576200611889362,0.024146053940057755,True,True,0,33,0,0.12331104278564453,0.0007725235460317639,0.002588711703860125,0.11384832859039307,0.04878406649487766,0.04798974560694168,22.13972970971372,14.40021502423042,0.00743697162214605,341,False,False,False,False,False,False,False,False,False,False,False,False,False,False,True,False,1,False,near_duplicate
39,372,1,0,0,1,0,0,0,0,1,0,0,0,126,0.3387096774193548,256,270,256,0.6881720430107527,14,0.0006463900208473206,0.032334040850400925,0.02223550993949175,True,True,0,32,0,0.10928338766098022,0.0009060512752590845,0.002643968618678424,0.11836838722229004,0.05821578790826572,0.05764169520703627,20.553951304030946,13.294411631541152,0.13584726697239707,256,False,False,False,False,False,False,False,False,False,True,False,False,False,False,False,False,1,False,timing_outlier
40,356,1,0,0,1,0,0,0,0,1,0,0,0,89,0.25,231,245,231,0.648876404494382,14,0.0012490488588809967,0.027772978879511356,0.024390699341893196,True,True,0,34,0,0.09333920478820801,0.0006419310839532833,0.0023280602878649245,0.03584551811218262,0.019576214718754772,0.013809289974169258,17.86470559630834,14.55389559949981,0.03144659799121271,73,False,False,False,False,False,False,False,False,False,False,False,False,False,False,False,False,0,False,
41,368,1,0,0,1,0,0,0,2,1,0,0,0,111,0.3016304347826087,240,255,240,0.6521739130434783,15,0.008044306188821793,0.023829253390431404,0.02751562837511301,True,True,0,33,0,0.12189018726348877,0.001877390248566508,0.0037387272022734526,0.04699990525841713,0.02352969246230633,0.021835223081366695,25.25511909632769,14.465047345482162,0.12585591157166315,173,False,False,False,False,False,True,True,False,False,False,False,False,False,False,False,False,2,False,"gripper_twitch,hold_slip"
42,385,1,0,0,1,0,0,0,0,1,0,0,0,110,0.2857142857142857,264,278,264,0.6857142857142857,14,0.0005554184317588806,0.025344406254589558,0.02180776558816433,True,True,0,31,0,0.0842050313949585,0.0006313962692979216,0.002111868995165588,0.12054062448441982,0.04895013039930752,0.04866452806303584,18.665864455513656,14.913134251946758,0.04109511957138434,106,False,False,False,False,False,False,False,False,False,False,False,False,False,False,False,False,0,False,
43,351,1,0,0,1,0,0,0,0,1,0,0,0,106,0.301994301994302,226,240,226,0.6438746438746439,14,0.0006346143782138824,0.03529796376824379,0.02633044496178627,True,True,0,3,0,0.11511769890785217,0.0011883729745280254,0.0027463312122538238,0.18950951099395752,0.08344118848923834,0.08338193008397647,20.999862808545004,11.504742713528685,0.07482503306039842,158,False,False,False,False,False,False,False,False,False,False,False,False,False,False,False,False,0,False,
44,368,1,0,0,2,1,0,1,0,1,0,0,0,111,0.3016304347826087,240,255,240,0.6521739130434783,15,0.005318697541952133,0.024052441120147705,0.02778497990220785,True,True,0,33,0,0.12606632709503174,0.0016430721458921274,0.004221012846632799,0.19587695598602295,0.091099570647676,0.09067669111647846,30.444506953761447,14.74146860311157,0.12207060452464788,267,False,False,False,False,False,True,True,False,False,False,False,False,False,False,False,False,2,False,"gripper_twitch,hold_slip"
45,368,1,0,0,1,0,0,0,0,1,0,0,0,111,0.3016304347826087,240,255,240,0.6521739130434783,15,0.0038483142852783203,0.028799768537282944,0.024655562825500965,True,True,0,33,0,0.1233108639717102,0.0006278032545884307,0.002315039089072014,0.02606993168592453,0.02261703381183589,0.020848519326035153,20.609795377240516,14.264450520611717,0.19467742012342099,355,False,False,False,False,False,False,False,False,False,False,False,False,False,False,False,False,0,False,
46,358,1,0,0,1,0,0,0,0,1,0,0,0,101,0.28212290502793297,235,249,235,0.6564245810055865,14,0.0006267745047807693,0.025240106508135796,0.02737407572567463,True,True,0,31,0,0.09621894359588623,0.0007949374964496263,0.0026495153611764775,0.10312771797180176,0.0479296871161789,0.04778686095531909,20.182507417644956,13.890412741166074,0.06655019542498306,71,False,False,False,False,False,False,False,False,False,False,False,False,False,False,False,False,0,False,
47,351,1,0,0,1,0,0,0,0,1,0,0,0,106,0.301994301994302,226,240,226,0.6438746438746439,14,0.0030896589159965515,0.021871344186365604,0.023126669228076935,True,True,0,33,0,0.07726764678955078,0.0005395959063981892,0.0019773351890357937,0.03708239831030369,0.028511600883754318,0.028337708322781482,16.2349911974743,11.509757835476194,0.04761012218249604,8,False,False,False,False,False,False,False,False,False,False,False,False,False,False,False,False,0,False,
48,343,1,0,0,1,0,0,0,0,1,0,0,0,100,0.2915451895043732,223,239,223,0.6501457725947521,16,0.0012425016611814499,0.024845615029335022,0.026937352493405342,True,True,0,0,0,0.10654759407043457,0.0009053454564281739,0.0028240605737309145,0.10893090441823006,0.04775689440849827,0.04763615796565906,19.559524322336074,13.233292592689395,0.027888806560406303,61,False,False,False,False,False,False,False,False,False,False,False,False,False,False,False,False,0,False,
49,362,1,0,0,1,0,0,0,0,1,0,0,0,103,0.2845303867403315,245,258,245,0.6767955801104972,13,0.0004187561571598053,0.024020284414291382,0.02517034113407135,True,True,0,2,0,0.10468113422393799,0.0008575857268578297,0.002503145608935355,0.1727759875357151,0.06795696098241208,0.066953076014094,19.56989082127984,11.942997645586729,0.05491093587007009,176,False,False,False,False,False,False,False,False,False,False,False,False,False,False,False,False,0,False,
50,368,1,0,0,1,0,0,0,0,1,0,0,0,111,0.3016304347826087,240,255,240,0.6521739130434783,15,0.000160878524184227,0.02149940375238657,0.02397605124861002,True,True,0,33,0,0.1233108639717102,0.0007724935957316793,0.002608947168656284,0.09892523288726807,0.0483790097681654,0.047577926875711773,22.315873752348125,14.399022684301599,0.03772993582485797,368,False,False,False,False,False,False,False,False,False,False,False,False,False,False,False,False,0,False,
51,351,1,0,0,1,0,0,0,0,1,0,0,0,106,0.301994301994302,226,240,226,0.6438746438746439,14,0.006988195702433586,0.03252686373889446,0.02507118694484234,True,True,0,33,0,0.08678638935089111,0.0008811875248594553,0.0023554365194096896,0.17185084521770477,0.07367533815623377,0.07360821815849052,19.30292635317892,11.428303942404455,0.19940535399787038,18,False,False,False,False,False,False,True,False,False,False,False,False,False,False,False,False,1,False,hold_slip
52,346,1,0,0,1,0,0,0,0,1,0,0,0,96,0.2774566473988439,230,244,230,0.6647398843930635,14,0.0010167397558689117,0.024317418225109577,0.022079440765082836,True,True,0,34,0,0.10857415199279785,0.0006497302481158888,0.002235920833805443,0.07620025984942913,0.04300687406018783,0.04065435512170075,15.833349914522842,13.491056658080197,0.07721248512368721,391,False,False,False,False,False,False,False,False,False,False,False,False,False,False,False,False,0,False,
53,346,1,0,0,1,0,0,0,0,1,0,0,0,96,0.2774566473988439,230,244,230,0.6647398843930635,14,0.002013128250837326,0.028510382398962975,0.025158547796308994,True,True,0,34,0,0.10857406258583069,0.000854740070506442,0.0024365824929202446,0.09503570944070816,0.05001716010440812,0.04800939156917628,16.911329911323264,13.490428193457774,0.06283544269206406,303,False,False,False,False,False,False,False,False,False,False,False,False,False,False,False,False,0,False,
54,351,1,0,0,1,0,0,0,0,1,0,0,0,106,0.301994301994302,226,240,226,0.6438746438746439,14,0.002145882695913315,0.025980363599956036,0.021896200254559517,True,True,0,33,0,0.0681384801864624,0.0005780673683207892,0.0019591653299216795,0.07073187828063965,0.047320573596132606,0.04721600378578794,16.434743718244135,11.512558963207994,0.054228822469353136,395,False,False,False,False,False,False,False,False,False,False,False,False,False,False,False,False,0,False,
55,372,1,0,0,1,0,0,0,0,1,0,0,0,126,0.3387096774193548,256,270,256,0.6881720430107527,14,0.0010813772678375244,0.029665119014680386,0.026185271330177784,True,True,0,32,0,0.07045042514801025,0.0005992222423257056,0.0021396591234895406,0.04168434254825115,0.035613787118509634,0.034667403962270006,18.092198194004595,13.317605244410515,0.028933603750343574,257,False,False,False,False,False,False,False,False,False,True,False,False,False,False,False,False,1,False,timing_outlier
56,343,1,0,0,1,0,0,0,0,1,0,0,0,100,0.2915451895043732,223,239,223,0.6501457725947521,16,0.001195378601551056,0.028392331674695015,0.02607522439211607,True,True,0,0,0,0.10600519180297852,0.0009687789208943031,0.0027539963819530012,0.13355520367622375,0.056388156459321194,0.05628593759604308,20.494504314265214,13.094602916273288,0.06397452061792093,3,False,False,False,False,False,False,False,False,False,False,False,False,False,False,False,False,0,False,
57,343,1,0,0,1,0,0,0,0,1,0,0,0,100,0.2915451895043732,223,239,223,0.6501457725947521,16,0.000909050926566124,0.025683332234621048,0.02119477093219757,True,True,0,0,0,0.10762259364128113,0.0008837466003929709,0.002660427645654601,0.09808051586151123,0.04938232066822061,0.04926556786198387,19.863721263406205,13.075501077226363,0.027440512281174875,23,False,False,False,False,False,False,False,False,False,False,False,False,False,False,False,False,0,False,
58,358,1,0,0,1,0,0,0,0,1,0,0,0,101,0.28212290502793297,235,249,235,0.6564245810055865,14,0.0017515476793050766,0.022645345889031887,0.025253161787986755,True,True,0,31,0,0.0958051085472107,0.0007942148369527721,0.0026064430661186027,0.05959511920809746,0.03329620406699308,0.033090276187711716,20.514862043084577,13.895275597948057,0.06738696954296938,387,False,False,False,False,False,False,False,False,False,False,False,False,False,False,False,False,0,False,
59,385,1,0,0,1,0,0,0,0,1,0,0,0,110,0.2857142857142857,264,278,264,0.6857142857142857,14,0.0009595863521099091,0.02949345763772726,0.020829901099205017,True,True,0,31,0,0.08413410186767578,0.0005625927116556436,0.001992554545165628,0.058245399966835976,0.03482628437789996,0.03442369981653848,18.509021593797655,14.870837755959656,0.09576383327216208,29,False,False,False,False,False,False,False,False,False,False,False,False,False,False,False,False,0,False,
60,368,2,0,1,2,1,0,0,0,1,1,0,0,111,0.3016304347826087,240,255,240,0.6521739130434783,15,0.0028284769505262375,0.024805809371173382,0.0278168972581625,True,True,0,33,0,0.1270281970500946,0.0017078383581320214,0.004236241998786463,0.20224298164248466,0.08896741720254599,0.08853435414196123,30.712290431114525,14.604569127957802,0.2529281873386735,127,True,False,False,False,False,True,False,False,False,False,False,False,False,False,False,False,2,False,"right_pre_grasp_close,gripper_twitch"
61,343,1,0,0,1,0,0,0,0,1,0,0,0,100,0.2915451895043732,223,239,223,0.6501457725947521,16,0.0011829603463411331,0.025748714804649353,0.026285219937562943,True,True,0,0,0,0.10657310485839844,0.0008654921069762936,0.0027761878299807467,0.10257232747972012,0.04487806383591087,0.04474956084527378,19.422140304610366,13.15145834966097,0.027888806560406303,48,False,False,False,False,False,False,False,False,False,False,False,False,False,False,False,False,0,False,
62,356,1,0,0,1,0,0,0,0,1,0,0,0,89,0.25,231,245,231,0.648876404494382,14,0.002411831170320511,0.028578181751072407,0.024537108838558197,True,True,0,34,0,0.09968924522399902,0.000712293111052088,0.002462395369849023,0.06321207340806723,0.04590837944208939,0.04376125695035229,18.641246076091193,14.590786463872064,0.06697573863462017,268,False,False,False,False,False,False,False,False,False,False,False,False,False,False,False,False,0,False,
63,356,2,0,0,1,0,0,0,0,2,0,0,0,30,0.08426966292134831,231,245,231,0.648876404494382,14,0.0009316988289356232,0.024496275931596756,0.021986771374940872,True,True,0,29,3,0.09156513214111328,0.0006948837173853913,0.0024094680500962693,0.12147331051528454,0.05122496683184394,0.0493098928593382,17.893165845773183,14.557344129367266,0.1184657934335537,381,False,True,False,False,False,False,False,False,False,True,False,False,False,False,False,False,2,True,"right_regrasp,timing_outlier"
64,383,1,0,0,1,0,0,0,0,1,0,0,0,125,0.3263707571801567,245,264,245,0.639686684073107,19,0.0022456329315900803,0.026956604793667793,0.0247651357203722,True,True,0,32,0,0.10800284147262573,0.0007296137966682781,0.0023359930295321634,0.03865203633904457,0.028652480725936905,0.026776600588720792,20.320763740688562,13.043298091302859,0.03267341640360549,373,False,False,False,False,False,False,False,False,False,False,False,False,False,False,False,False,0,False,
65,343,1,0,0,1,0,0,0,0,1,0,0,0,100,0.2915451895043732,223,239,223,0.6501457725947521,16,0.0017196927219629288,0.02390085905790329,0.026599280536174774,True,True,0,0,0,0.10703420639038086,0.00090423083241973,0.0028336019861982266,0.049339598044753075,0.015772470539259578,0.015403032464309775,19.72391747380607,13.249247322441079,0.050100366329090394,258,False,False,False,False,False,False,False,False,False,False,False,False,False,False,False,False,0,False,
66,383,1,0,0,1,0,0,0,0,1,0,0,0,125,0.3263707571801567,245,264,245,0.639686684073107,19,0.001856386661529541,0.021849820390343666,0.023657540790736675,True,True,0,32,0,0.1078844666481018,0.0007151306862922014,0.0023531898684417585,0.048332810401916504,0.01847467061640799,0.015405685370098458,21.076175889000297,13.020509844325716,0.04141919485663937,179,False,False,False,False,False,False,False,False,False,False,False,False,False,False,False,False,0,False,
67,356,2,1,0,1,0,0,0,0,1,1,0,0,89,0.25,231,245,231,0.648876404494382,14,0.0008177217096090317,0.026031438261270523,0.023095224052667618,True,True,0,34,0,0.09185254573822021,0.0006930100559900689,0.002422333269951708,0.1140613742172718,0.052731119017672044,0.0508727748381371,18.057778620684985,14.554990961391013,0.13755974569991108,63,True,False,False,False,False,True,False,False,False,False,False,False,False,False,False,False,2,False,"right_pre_grasp_close,gripper_twitch"
68,372,1,0,0,1,0,0,0,0,1,0,0,0,126,0.3387096774193548,256,270,256,0.6881720430107527,14,0.0005888752639293671,0.02187761478126049,0.02165680192410946,True,True,0,32,0,0.07180869579315186,0.0006007956310987283,0.002185939153096052,0.02955523319542408,0.012367555139506067,0.009297498840516939,18.37413834873587,13.349540043804154,0.09982398627912259,168,False,False,False,False,False,False,False,False,False,True,False,False,False,False,False,False,1,False,timing_outlier
69,343,1,0,0,1,0,0,0,0,1,0,0,0,100,0.2915451895043732,223,239,223,0.6501457725947521,16,0.0004417784512042999,0.025341900065541267,0.024213919416069984,True,True,0,0,0,0.10566520690917969,0.0007021365251051691,0.002421008096025662,0.03167280461639166,0.030334888348432072,0.03014445277819137,17.937941786192823,13.120288366801105,0.08010101218172785,276,False,False,False,False,False,False,False,False,False,False,False,False,False,False,False,False,0,False,
70,368,1,0,0,1,0,0,0,0,1,0,0,0,111,0.3016304347826087,240,255,240,0.6521739130434783,15,0.002323795109987259,0.02385962288826704,0.02764946687966585,True,True,0,33,0,0.12329709529876709,0.0015941122864882888,0.0035540960069281456,0.08910250663757324,0.030079762482890165,0.028773645070957213,25.316259634666494,14.425864988341345,0.13225891734430842,314,False,False,False,False,False,False,False,False,False,False,False,False,False,False,False,False,0,False,
71,358,1,0,0,1,0,0,0,0,1,0,0,0,101,0.28212290502793297,235,249,235,0.6564245810055865,14,0.00027784332633018494,0.021441019140183926,0.024811234325170517,True,True,0,31,0,0.1060599684715271,0.0008349904087476737,0.0026797027225860678,0.10969269275665283,0.04325066259228251,0.043092330960156466,20.721465445123613,13.945744671189459,0.050494212845701075,345,False,False,False,False,False,False,False,False,False,False,False,False,False,False,False,False,0,False,
72,346,1,0,0,1,0,0,0,0,1,0,0,0,96,0.2774566473988439,230,244,230,0.6647398843930635,14,0.0006696712225675583,0.023297037929296494,0.021536821499466896,True,True,0,34,0,0.10857415199279785,0.0006920107337426241,0.0022851682550439774,0.06171906366944313,0.03877321515234049,0.036146197409716356,16.643684901064262,13.483443251097924,0.10668834381692838,391,False,False,False,False,False,False,False,False,False,False,False,False,False,False,False,False,0,False,
73,356,1,0,0,1,0,0,0,0,1,0,0,0,89,0.25,231,245,231,0.648876404494382,14,0.0013738088309764862,0.028183463029563427,0.024903133511543274,True,True,0,34,0,0.0921928882598877,0.0006222659676586093,0.002283984993415065,0.028020381927490234,0.015250333502950474,0.006327794151765238,17.607636645436287,14.544777123548556,0.03144659799121271,40,False,False,False,False,False,False,False,False,False,False,False,False,False,False,False,False,0,False,
74,358,1,0,0,1,0,0,0,0,1,0,0,0,101,0.28212290502793297,235,249,235,0.6564245810055865,14,0.017304394394159317,0.02413367573171854,0.028162922710180283,True,True,0,0,0,0.1577521488070488,0.0016167232783248961,0.0038522097106580304,0.09455077163875103,0.041858361636361134,0.04169474321528535,30.06821228325134,14.354225190792931,0.4009258113982,210,False,False,False,False,False,False,True,False,False,False,False,False,False,False,False,False,1,False,hold_slip
75,372,1,0,0,1,0,0,0,0,1,0,0,0,126,0.3387096774193548,256,270,256,0.6881720430107527,14,0.00025704875588417053,0.021429668180644512,0.021457171998918056,True,True,0,32,0,0.07180869579315186,0.0007122817750906482,0.0023131240722872692,0.09368467330932617,0.03389736634953916,0.032901649046750844,19.13201166986255,13.356418443094299,0.08252824948851507,112,False,False,False,False,False,False,False,False,False,True,False,False,False,False,False,False,1,False,timing_outlier
76,346,1,0,0,1,0,0,0,0,1,0,0,0,96,0.2774566473988439,230,244,230,0.6647398843930635,14,0.0008516740053892136,0.024461987428367138,0.02513900212943554,True,True,0,34,0,0.10857415199279785,0.0006974425298729344,0.0023280555538700474,0.06255543231964111,0.025853256039144915,0.02171580580494499,15.918508715229109,13.456489361109561,0.09234588302343269,338,False,False,False,False,False,False,False,False,False,False,False,False,False,False,False,False,0,False,
77,368,1,0,0,1,0,0,0,0,1,0,0,0,111,0.3016304347826087,240,255,240,0.6521739130434783,15,0.0007713735103607178,0.024085178039968014,0.026339556090533733,True,True,0,33,0,0.1233108639717102,0.0008893736679507645,0.0027446017987507528,0.1561121940612793,0.06932252871523915,0.06876586018597812,23.67327520204708,14.370824863537564,0.07535531599455576,229,False,False,False,False,False,False,False,False,False,False,False,False,False,False,False,False,0,False,
78,346,1,0,0,1,0,0,0,0,1,0,0,0,96,0.2774566473988439,230,244,230,0.6647398843930635,14,0.002660183236002922,0.027732801623642445,0.021046078763902187,True,True,0,34,0,0.10857406258583069,0.0008336990922576048,0.002444893222895359,0.06859958171844482,0.05038126569760666,0.04838860720485078,17.02682173687208,13.447905884109787,0.0786638596036643,310,False,False,False,False,False,False,False,False,False,False,False,False,False,False,False,False,0,False,
79,343,1,0,0,1,0,0,0,0,1,0,0,0,100,0.2915451895043732,223,239,223,0.6501457725947521,16,0.005436491221189499,0.0212688185274601,0.02114675845950842,True,True,0,0,0,0.11374659836292267,0.001667639788307304,0.0035833917500323617,0.10427999496459961,0.05053896813357451,0.05042489347724226,21.937857509167316,13.147708503413014,0.17421365158473062,331,False,False,False,False,False,False,True,False,False,False,False,False,False,False,False,False,1,False,hold_slip
80,346,1,0,0,1,0,0,0,0,1,0,0,0,96,0.2774566473988439,230,244,230,0.6647398843930635,14,0.0007124505937099457,0.02440897934138775,0.02471078932285309,True,True,0,34,0,0.10857415199279785,0.000777224155201565,0.0024684999747979167,0.09575486183166504,0.05030665823558857,0.04831092254102389,16.858690392575227,13.451873619793332,0.05285817444891562,273,False,False,False,False,False,False,False,False,False,False,False,False,False,False,False,False,0,False,
81,346,1,0,0,1,0,0,0,0,1,0,0,0,96,0.2774566473988439,230,244,230,0.6647398843930635,14,0.000701000913977623,0.023630782030522823,0.02442013192921877,True,True,0,34,0,0.10857418179512024,0.0008436318208756994,0.0024924827586420887,0.14210200309753418,0.05639145844438732,0.054618512973327656,16.972146327607334,13.474857991895988,0.03689340796526045,360,False,False,False,False,False,False,False,False,False,False,False,False,False,False,False,False,0,False,
82,358,1,0,0,1,0,0,0,0,1,0,0,0,101,0.28212290502793297,235,249,235,0.6564245810055865,14,0.00043516233563423157,0.021817732602357864,0.024954287335276604,True,True,0,31,0,0.10650652647018433,0.0008447254318432995,0.002707147384409022,0.11522901058197021,0.04580062377453051,0.04565113701808843,21.109219030477107,13.917020549299195,0.0697147698024648,177,False,False,False,False,False,False,False,False,False,False,False,False,False,False,False,False,0,False,
83,351,1,0,0,1,0,0,0,0,1,0,0,0,106,0.301994301994302,226,240,226,0.6438746438746439,14,0.0023924503475427628,0.02590268850326538,0.022027455270290375,True,True,0,33,0,0.06834626197814941,0.0005753724709460612,0.001957415921467461,0.0645899772644043,0.049171550689782045,0.04907092545765103,16.239661578089,11.505539784498978,0.09967229718443338,160,False,False,False,False,False,False,False,False,False,False,False,False,False,False,False,False,0,False,
84,346,1,0,0,1,0,0,0,0,1,0,0,0,96,0.2774566473988439,230,244,230,0.6647398843930635,14,0.007621929049491882,0.02507652249187231,0.02460209745913744,True,True,0,34,0,0.11418407410383224,0.00146697768004524,0.003238692593806157,0.09355269744992256,0.04855375954816289,0.046482824141754975,19.298095934913817,13.47491979591723,0.1947252305954512,336,False,False,False,False,False,False,True,False,False,False,False,False,False,False,False,False,1,False,hold_slip
85,358,1,0,0,1,0,0,0,0,1,0,0,0,101,0.28212290502793297,235,249,235,0.6564245810055865,14,0.0026635359972715378,0.0236261747777462,0.027023494243621826,True,True,0,31,0,0.11616732180118561,0.0016947105138848749,0.0037450079051933693,0.09409916400909424,0.035557113301183836,0.03536435322781146,25.362561651352735,13.899957311950857,0.0640121198776956,24,False,False,False,False,False,False,False,False,False,False,False,False,False,False,False,False,0,False,
86,356,1,0,0,1,0,0,0,0,1,0,0,0,89,0.25,231,245,231,0.648876404494382,14,0.0004873834550380707,0.021382886916399002,0.02385599911212921,True,True,0,34,0,0.09243917465209961,0.0007289921492084782,0.002492793093167405,0.10320425033569336,0.04577969064469025,0.04362623502434562,19.059453272842802,14.577079247159418,0.058770298022786285,33,False,False,False,False,False,False,False,False,False,False,False,False,False,False,False,False,0,False,
87,372,1,0,0,1,0,0,0,0,1,0,0,0,126,0.3387096774193548,256,270,256,0.6881720430107527,14,0.000634361058473587,0.02475519198924303,0.022704857401549816,True,True,0,32,0,0.07180869579315186,0.0006356711145440542,0.0022369740929147996,0.09445784240961075,0.04358170011238345,0.04281181670107465,18.59707416780293,13.351425495646254,0.0679937539999137,349,False,False,False,False,False,False,False,False,False,True,False,False,False,False,False,False,1,False,timing_outlier
88,343,1,0,0,1,0,0,0,0,1,0,0,0,100,0.2915451895043732,223,239,223,0.6501457725947521,16,0.001145295798778534,0.024791669100522995,0.025940679013729095,True,True,0,0,0,0.10260963439941406,0.0006752995900904711,0.0024488873561363724,0.03943315055221319,0.024503128285054167,0.024266970926314458,18.222378134261817,13.19525836862158,0.045817474064883526,379,False,False,False,False,False,False,False,False,False,False,False,False,False,False,False,False,0,False,
89,372,1,0,0,1,0,0,0,0,1,0,0,0,126,0.3387096774193548,256,270,256,0.6881720430107527,14,0.001116907224059105,0.023516051471233368,0.02494672406464815,True,True,0,32,0,0.08038729429244995,0.0007483331865134718,0.002418235133764137,0.1053922176361084,0.03678240497760865,0.03586687023560183,19.789093098373996,13.388626401494548,0.11512722178847624,75,False,False,False,False,False,False,False,False,False,True,False,False,False,False,False,False,1,False,timing_outlier
90,372,1,0,0,1,0,0,0,0,1,0,0,0,126,0.3387096774193548,256,270,256,0.6881720430107527,14,0.0008929818868637085,0.027820582501590252,0.02397220302373171,True,True,0,1,0,0.07180869579315186,0.0006576512859419927,0.0022396922741716816,0.08033969439566135,0.039102144730261405,0.03824218596088619,19.168384403921664,13.28503979062225,0.068754899971148,204,False,False,False,False,False,False,False,False,False,True,False,False,False,False,False,False,1,False,timing_outlier
91,346,1,0,0,1,0,0,0,0,1,0,0,0,96,0.2774566473988439,230,244,230,0.6647398843930635,14,0.0005319658666849136,0.023239050060510635,0.022045296616852283,True,True,0,34,0,0.10857415199279785,0.0006839813175824207,0.0022693709714580895,0.06475131958723068,0.032275184512795756,0.029066697598239648,15.952844511251897,13.488961746086716,0.06679737913487054,149,False,False,False,False,False,False,False,False,False,False,False,False,False,False,False,False,0,False,
92,343,1,0,0,1,0,0,0,0,1,0,0,0,100,0.2915451895043732,223,239,223,0.6501457725947521,16,0.001541750505566597,0.026302151381969452,0.022028302773833275,True,True,0,0,0,0.10622581839561462,0.0008780327172214495,0.0026824810942853725,0.0902332067489624,0.056817234765207364,0.056715789235004546,19.88289937825175,13.12354853830766,0.07924408449114798,23,False,False,False,False,False,False,False,False,False,False,False,False,False,False,False,False,0,False,
93,351,1,0,0,1,0,0,0,0,1,0,0,0,106,0.301994301994302,226,240,226,0.6438746438746439,14,0.0030399002134799957,0.0244154566898942,0.026411475613713264,True,True,0,33,0,0.07860434055328369,0.0005735163120526171,0.002106402977634036,0.05139358714222908,0.034564395586446695,0.0344210948444252,16.930604053661227,11.439647785911802,0.10025444651706623,28,False,False,False,False,False,False,False,False,False,False,False,False,False,False,False,False,0,False,
94,358,1,0,0,1,0,0,0,0,1,0,0,0,101,0.28212290502793297,235,249,235,0.6564245810055865,14,0.0005292706191539764,0.025468415580689907,0.02246975712478161,True,True,0,31,0,0.0921703577041626,0.0006387159627732954,0.002368478330474315,0.08737461268901825,0.04687772489960959,0.046731683734610625,19.10297017393168,13.91482967461343,0.026703875049069684,181,False,False,False,False,False,False,False,False,False,False,False,False,False,False,False,False,0,False,
95,372,1,0,0,1,0,0,0,0,1,0,0,0,126,0.3387096774193548,256,270,256,0.6881720430107527,14,0.0008939765393733978,0.024600375443696976,0.025085841305553913,True,True,0,32,0,0.07180869579315186,0.0006472096984757494,0.002333541987311967,0.057482123374938965,0.0303295992863683,0.02921252569416693,19.02935273386538,13.490065733720257,0.04615970796800012,377,False,False,False,False,False,False,False,False,False,True,False,False,False,False,False,False,1,False,timing_outlier
96,368,2,0,0,1,0,0,0,0,2,0,0,0,111,0.3016304347826087,240,255,240,0.6521739130434783,15,0.0010310355573892593,0.024019087664783,0.0271958839148283,True,True,0,0,0,0.16800551861524582,0.0016604156276655336,0.004193374453664303,0.1476505994796753,0.06326140401449529,0.06265090404397636,33.07479503309878,14.741901066488936,0.11629564696485817,295,False,True,False,False,False,False,False,False,False,False,False,False,True,False,False,False,2,True,"right_regrasp,action_spike"
97,356,1,0,0,1,0,0,0,0,1,0,0,0,89,0.25,231,245,231,0.648876404494382,14,0.001595042645931244,0.02746276743710041,0.022715920582413673,True,True,0,34,0,0.09683656692504883,0.0006647911419505764,0.0024050087963512403,0.05060973297804594,0.039857755330297215,0.03736454157146501,18.09788443677826,14.572175614943262,0.04677578851232143,17,False,False,False,False,False,False,False,False,False,False,False,False,False,False,False,False,0,False,
98,372,1,0,0,1,0,0,0,0,1,0,0,0,126,0.3387096774193548,256,270,256,0.6881720430107527,14,0.0003380049020051956,0.028133707121014595,0.024392399936914444,True,True,0,32,0,0.07180869579315186,0.0006443451869432099,0.0022088930443777757,0.05800652503967285,0.029594549651232534,0.02844862797429708,18.570246076211333,13.263307424444065,0.06245753805006239,332,False,False,False,False,False,False,False,False,False,True,False,False,False,False,False,False,1,False,timing_outlier
99,372,1,0,0,1,0,0,0,0,1,0,0,0,126,0.3387096774193548,256,270,256,0.6881720430107527,14,0.00041279010474681854,0.024424458853900433,0.02402945887297392,True,True,0,0,0,0.07180869579315186,0.0006354827264151762,0.002276546179812724,0.05256714392453432,0.024528946473212365,0.023133445044921604,18.819424722343683,13.345469992789731,0.14251496880107334,141,False,False,False,False,False,False,False,False,False,True,False,False,False,False,False,False,1,False,timing_outlier
100,346,1,0,0,1,0,0,0,0,1,0,0,0,96,0.2774566473988439,230,244,230,0.6647398843930635,14,0.0007684752345085144,0.02554669976234436,0.022769748233258724,True,True,0,34,0,0.10857400298118591,0.0006991159259633192,0.0022688600762996417,0.03989262692630291,0.038238262845659086,0.035571760138995254,15.895442838431336,13.49140814189741,0.04794702292567296,334,False,False,False,False,False,False,False,False,False,False,False,False,False,False,False,False,0,False,
101,358,1,0,0,1,0,0,0,0,1,0,0,0,101,0.28212290502793297,235,249,235,0.6564245810055865,14,0.0001547485589981079,0.024253872223198414,0.027888914570212364,True,True,0,31,0,0.10419410467147827,0.0008046934962173439,0.0027074148841856644,0.09007728099822998,0.03620231809170432,0.03601301165025131,20.455945794587024,13.968750972941052,0.0996337257163765,46,False,False,False,False,False,False,False,False,False,False,False,False,False,False,False,False,0,False,
102,351,2,0,0,1,0,0,0,0,2,0,0,0,39,0.1111111111111111,226,240,226,0.6438746438746439,14,0.002650190144777298,0.025742841884493828,0.02199597656726837,True,True,0,3,0,0.06709647178649902,0.0005252069931425694,0.0019181685169448372,0.06355303339660168,0.036606454500917145,0.0364711781981369,15.812759239925072,11.540266272437293,0.14662072965306852,12,False,True,False,False,False,False,False,False,False,True,False,False,False,False,False,False,2,True,"right_regrasp,timing_outlier"
103,383,1,0,0,1,0,0,0,0,1,0,0,0,125,0.3263707571801567,245,264,245,0.639686684073107,19,0.003708845004439354,0.026601001620292664,0.02515478152781725,True,True,0,32,0,0.1085696816444397,0.000739393026928985,0.0023525519840063426,0.04493243806064129,0.03420227107781644,0.03264685335860312,20.652922091074288,13.043716994143324,0.06706081118897865,64,False,False,False,False,False,False,False,False,False,False,False,False,False,False,False,False,0,False,
104,346,1,0,0,1,0,0,0,0,1,0,0,0,96,0.2774566473988439,230,244,230,0.6647398843930635,14,0.001191241666674614,0.028724628500640392,0.025780626572668552,True,True,0,34,0,0.10857400298118591,0.000748902871005701,0.0023247443009361633,0.05096853896975517,0.046430298196616496,0.04426011708704834,16.296143889194354,13.488769818897708,0.060908969935156966,264,False,False,False,False,False,False,False,False,False,False,False,False,False,False,False,False,0,False,
105,343,1,0,0,1,0,0,0,0,1,0,0,0,100,0.2915451895043732,223,239,223,0.6501457725947521,16,0.0036194119602441788,0.021406957879662514,0.022806099615991116,True,True,0,0,0,0.11986809968948364,0.0019088770940703732,0.0039286468586949225,0.19237911701202393,0.08688866351457233,0.08682236134506675,24.550010409109973,13.158770231442759,0.05712106589470271,289,False,False,False,False,False,False,False,False,False,False,False,False,False,False,False,False,0,False,
106,385,1,0,0,1,0,0,0,0,1,0,0,0,110,0.2857142857142857,264,278,264,0.6857142857142857,14,0.0005741715431213379,0.025400470942258835,0.02091950736939907,True,True,0,31,0,0.08419978618621826,0.0006483026519710328,0.0021322474867263943,0.12252644822001457,0.052364775684695414,0.052097895907582105,18.78732824139297,14.905339782118972,0.04109511957138434,42,False,False,False,False,False,False,False,False,False,False,False,False,False,False,False,False,0,False,
107,351,1,0,0,1,0,0,0,0,1,0,0,0,106,0.301994301994302,239,246,239,0.6809116809116809,7,0.001038532704114914,0.035828474909067154,0.027876876294612885,True,True,0,33,0,0.11297890543937683,0.0010610954675117318,0.002610191446156817,0.1930791139602661,0.08334492404652884,0.08328559714833171,20.45873350112015,11.500771158811403,0.08798142540037149,297,False,False,False,False,False,False,False,False,False,False,False,False,False,False,False,False,0,False,
108,343,1,0,0,1,0,0,0,0,1,0,0,0,100,0.2915451895043732,223,239,223,0.6501457725947521,16,0.000559711828827858,0.022318696603178978,0.022420866414904594,True,True,0,0,0,0.10492706298828125,0.0008393353430170423,0.0026423361635916067,0.10486018657684326,0.04723474123570155,0.04711266668093045,19.276106267934665,13.176171166240238,0.08700135812899339,114,False,False,False,False,False,False,False,False,False,False,False,False,False,False,False,False,0,False,
109,343,1,0,0,1,0,0,0,0,1,0,0,0,100,0.2915451895043732,223,239,223,0.6501457725947521,16,0.006148736923933029,0.0214595478028059,0.02107289247214794,True,True,0,0,0,0.1051931083202362,0.0017410639295915651,0.00362570716074177,0.1902480125427246,0.07935310035032479,0.07928049645022088,22.735916505099112,13.12241419032216,0.04845495014807582,185,False,False,False,False,False,False,True,False,False,False,False,False,False,False,False,False,1,False,hold_slip
110,383,1,0,0,1,0,0,0,0,1,0,0,0,125,0.3263707571801567,245,264,245,0.639686684073107,19,0.002915775403380394,0.024217134341597557,0.02638825122267008,True,True,0,32,0,0.1152508556842804,0.001662600186694858,0.003380126006536654,0.07370328903198242,0.038420192142541026,0.03704231163963,25.569366967421956,13.063203056139173,0.12488188375116396,350,False,False,False,False,False,False,False,False,False,False,False,False,False,False,False,False,0,False,
111,351,1,0,0,1,0,0,0,0,1,0,0,0,106,0.301994301994302,226,240,226,0.6438746438746439,14,0.004598528146743774,0.02831292152404785,0.021307464689016342,True,True,0,33,0,0.08075058460235596,0.0006192657906563486,0.002049636895854765,0.10386577621102333,0.04945686456366991,0.0493568210129231,17.267880843486637,11.474077677412424,0.0788947096714925,386,False,False,False,False,False,False,False,False,False,False,False,False,False,False,False,False,0,False,
112,372,1,0,0,1,0,0,1,0,1,0,0,0,126,0.3387096774193548,256,270,256,0.6881720430107527,14,0.00048515573143959045,0.021472821943461895,0.021846978925168514,True,True,0,32,0,0.07913851737976074,0.0007448225689184565,0.002366722590772365,0.12086224555969238,0.04755641769328451,0.04685189354101748,19.4478811416775,13.333191710240499,0.07000362091466299,175,False,False,False,False,False,True,False,False,False,True,False,False,False,False,False,False,2,False,"gripper_twitch,timing_outlier"
113,385,1,0,0,2,1,0,0,0,1,0,0,0,110,0.2857142857142857,264,278,264,0.6857142857142857,14,0.0035968665033578873,0.021824875846505165,0.022143885493278503,True,True,0,31,0,0.12540185451507568,0.0015799077117110566,0.003852199257266373,0.2054828777909279,0.09331762948758374,0.09316813295687935,27.673043101163785,15.488286056905054,0.10699662585718483,14,False,False,False,False,False,True,False,False,False,False,False,False,False,False,False,False,1,False,gripper_twitch
114,343,1,0,0,1,0,0,0,0,1,0,0,0,100,0.2915451895043732,223,239,223,0.6501457725947521,16,0.00047761574387550354,0.022652853280305862,0.022330651059746742,True,True,0,0,0,0.10522472858428955,0.0009591202283085112,0.0027786513404324544,0.11999855563044548,0.05466768175827323,0.0545622397909819,20.667012974852696,13.177462123450823,0.08700135812899339,108,False,False,False,False,False,False,False,False,False,False,False,False,False,False,False,False,0,False,
115,368,1,0,0,1,0,0,0,0,1,0,0,0,111,0.3016304347826087,240,255,240,0.6521739130434783,15,0.0011253785341978073,0.023975330404937267,0.02292020060122013,True,True,0,33,0,0.1233108639717102,0.0007484033117494143,0.002571865406128514,0.13984647765755653,0.05539477146329414,0.05469653777994472,21.039693407481536,14.351424547712668,0.2245137080512394,326,False,False,False,False,False,False,False,False,False,False,False,False,False,False,False,False,0,False,
116,356,1,0,0,1,0,0,0,0,1,0,0,0,89,0.25,231,245,231,0.648876404494382,14,0.0003493204712867737,0.021480546332895756,0.025126133114099503,True,True,0,34,0,0.09161853790283203,0.0006522145539901128,0.002343264239661729,0.04568517208099365,0.020038374259589164,0.014456996570632024,17.992582183564082,14.62842265362633,0.0745454717768775,26,False,False,False,False,False,False,False,False,False,False,False,False,False,False,False,False,0,False,
117,346,1,0,0,1,0,0,0,0,1,0,0,0,96,0.2774566473988439,230,244,230,0.6647398843930635,14,0.0003884062170982361,0.03250803425908089,0.021041893400251865,True,True,0,34,0,0.10857409238815308,0.0009379314373074443,0.002698528797340613,0.06397577002644539,0.05643696647926855,0.05466549697308697,17.75489999796264,13.434505671830266,0.41991666445847786,232,False,False,False,False,False,False,False,False,False,False,False,False,False,False,False,False,0,False,
118,356,1,0,0,1,0,0,0,0,1,0,0,0,89,0.25,231,245,231,0.648876404494382,14,0.0017316602170467377,0.0242422828450799,0.028733590617775917,True,True,0,34,0,0.09158706665039062,0.0006738802646563651,0.0024422929018685278,0.0760955810546875,0.03425077052628043,0.031314271323468805,18.7087281816639,14.582134479016531,0.11548853468339708,184,False,False,False,False,False,False,False,False,False,False,False,False,False,False,False,False,0,False,
119,351,1,0,0,1,0,0,0,0,1,0,0,0,106,0.301994301994302,226,240,226,0.6438746438746439,14,0.0011826753616333008,0.025782668963074684,0.021722467616200447,True,True,0,33,0,0.07635557651519775,0.0006315527196139596,0.0021522894597624793,0.06110835075378418,0.03799789214488835,0.03786758687171797,17.220299873966724,11.473227947077248,0.2734546280639865,230,False,False,False,False,False,False,False,False,False,False,False,False,False,False,False,False,0,False,
120,346,1,0,0,1,0,0,0,0,1,0,0,0,96,0.2774566473988439,230,244,230,0.6647398843930635,14,0.0005458090454339981,0.026182708330452442,0.025406151078641415,True,True,0,3,0,0.10857409238815308,0.0007514317578337286,0.002343025311028841,0.048975586891174316,0.038590836364589105,0.03595049408910805,16.24678743153345,13.494551797266467,0.0839049344966704,100,False,False,False,False,False,False,False,False,False,False,False,False,False,False,False,False,0,False,
121,346,1,0,0,1,0,0,0,0,1,0,0,0,96,0.2774566473988439,230,244,230,0.6647398843930635,14,0.00033736415207386017,0.021473834291100502,0.022016005590558052,True,True,0,34,0,0.10857415199279785,0.000810920159431433,0.002472490267986807,0.11605823040008545,0.05429708487896186,0.05245339646091269,17.01037680148147,13.495558744398295,0.06520565375390959,251,False,False,False,False,False,False,False,False,False,False,False,False,False,False,False,False,0,False,
122,343,1,0,0,1,0,0,0,0,1,0,0,0,100,0.2915451895043732,223,239,223,0.6501457725947521,16,0.0015330389142036438,0.023943955078721046,0.025771724991500378,True,True,0,0,0,0.10509335994720459,0.000873124872521556,0.002811895396627464,0.11594827845692635,0.0535713698074252,0.05346376572248421,19.7335461115581,13.185289150918834,0.10170017238661513,22,False,False,False,False,False,False,False,False,False,False,False,False,False,False,False,False,0,False,
123,385,1,0,0,1,0,0,0,0,1,0,0,0,110,0.2857142857142857,264,278,264,0.6857142857142857,14,0.0026905573904514313,0.02873298991471529,0.02078104577958584,True,True,0,31,0,0.08405166864395142,0.0005750858281547503,0.002035667673255091,0.059390660375356674,0.041987647326162,0.04165433414994113,18.87752869353045,14.802536176044669,0.07846152591148207,272,False,False,False,False,False,False,False,False,False,False,False,False,False,False,False,False,0,False,
124,351,1,0,0,1,0,0,0,0,1,0,0,0,106,0.301994301994302,226,240,226,0.6438746438746439,14,0.0006102826446294785,0.026130574755370617,0.021415242925286293,True,True,0,33,0,0.11527854204177856,0.0008830118152928693,0.00234901030984363,0.13335824012756348,0.06684218119672752,0.0667681923910532,19.05271315621212,11.514945995615562,0.12388584272958432,343,False,False,False,False,False,False,False,False,False,False,False,False,False,False,False,False,0,False,
125,368,1,0,0,1,0,0,0,0,1,0,0,0,111,0.3016304347826087,240,255,240,0.6521739130434783,15,0.00396043062210083,0.024571211077272892,0.02486381307244301,True,True,0,33,0,0.12331092357635498,0.0008320534178421567,0.002792958378059613,0.13323112577199936,0.058400537941692254,0.05773866444178779,22.519115719012916,14.286168312231894,0.17419896512428737,128,False,False,False,False,False,False,False,False,False,False,False,False,False,False,False,False,0,False,
126,383,1,0,0,1,0,0,0,0,1,0,0,0,125,0.3263707571801567,245,264,245,0.639686684073107,19,0.0009751394391059875,0.023428039625287056,0.02181034628301859,True,True,0,32,0,0.0936117172241211,0.0007993287337753479,0.0024145465109054074,0.08661706000566483,0.04571251936684775,0.0445607014554543,19.89889614097774,13.04491353748017,0.13548146992669363,393,False,False,False,False,False,False,False,False,False,False,False,False,False,False,False,False,0,False,
127,368,2,0,0,2,1,0,0,0,2,0,0,0,26,0.07065217391304347,240,255,240,0.6521739130434783,15,0.004290211945772171,0.024033461697399616,0.02712540328502655,True,True,0,33,0,0.1264679729938507,0.001639806412906499,0.004184748335880056,0.1950138807296753,0.08782432862352461,0.0873856008608694,30.89091732128145,14.797974504050217,0.08230731504928768,267,False,True,False,False,False,True,False,False,False,True,False,False,False,False,False,False,3,True,"right_regrasp,gripper_twitch,timing_outlier"
128,368,1,0,0,1,0,0,0,0,1,0,0,0,111,0.3016304347826087,240,255,240,0.6521739130434783,15,0.004201842471957207,0.024658902548253536,0.02918113674968481,True,True,0,33,0,0.12324506044387817,0.0007758927694183511,0.0026865151410029988,0.10605061054229736,0.04738557155524419,0.04656740202394268,22.25377847836353,14.276354249901487,0.17419896512428737,125,False,False,False,False,False,False,False,False,False,False,False,False,False,False,False,False,0,False,
129,356,1,0,0,1,0,0,0,0,1,0,0,0,89,0.25,231,245,231,0.648876404494382,14,0.00019782967865467072,0.02164318971335888,0.023190252482891083,True,True,0,34,0,0.09737586975097656,0.0009478389274532902,0.0029522065501425177,0.15016034618020058,0.08047650535884147,0.07927128245239597,22.08760233130306,14.584253426466603,0.29670030797483415,361,False,False,False,False,False,False,False,False,False,False,False,False,False,False,False,False,0,False,
130,385,1,0,0,1,0,0,0,0,1,0,0,0,110,0.2857142857142857,264,278,264,0.6857142857142857,14,0.0008851271122694016,0.028465338982641697,0.020930098369717598,True,True,0,31,0,0.08403360843658447,0.0006208205697241273,0.0021471018767406013,0.0671241283416748,0.053443861665156286,0.05318239723041031,19.317988588036428,14.878324059762235,0.07871911544986739,123,False,False,False,False,False,False,False,False,False,False,False,False,False,False,False,False,0,False,
131,362,2,1,0,1,0,0,1,0,1,0,1,0,103,0.2845303867403315,245,258,245,0.6767955801104972,13,0.0045093148946762085,0.021938469260931015,0.02622300200164318,True,True,0,31,0,0.10776090621948242,0.0015762819318391051,0.0038385540635280306,0.1444387435913086,0.07126940169423843,0.07031282571223181,25.783040785769117,11.921099147293717,0.3088352409858021,21,False,False,True,False,False,True,False,False,False,False,False,False,False,False,False,False,2,True,"right_post_release_close,gripper_twitch"
132,356,2,0,0,1,0,0,0,0,2,0,0,0,30,0.08426966292134831,231,245,231,0.648876404494382,14,0.0004743468016386032,0.023756693117320538,0.026381874457001686,True,True,0,34,0,0.09746581315994263,0.0008258439473410599,0.0026531052608279094,0.1730726957321167,0.07290109852474178,0.07156841812552522,20.31985401629936,14.543128256045748,0.0447198297706039,280,False,True,False,False,False,False,False,False,False,True,False,False,False,False,False,False,2,True,"right_regrasp,timing_outlier"
133,356,1,0,0,1,0,0,0,0,1,0,0,0,89,0.25,231,245,231,0.648876404494382,14,0.0012166853994131088,0.02542147971689701,0.02235572598874569,True,True,0,34,0,0.09142744541168213,0.0007087831918690937,0.0024004068077546556,0.059270408004522324,0.042603075349852804,0.04028014816433942,18.55262883368414,14.552795631287154,0.04228643633014075,144,False,False,False,False,False,False,False,False,False,False,False,False,False,False,False,False,0,False,
134,385,1,0,0,1,0,0,0,0,1,0,0,0,110,0.2857142857142857,264,278,264,0.6857142857142857,14,0.0024013184010982513,0.021985954605042934,0.02255733497440815,True,True,0,31,0,0.12635883688926697,0.0013646811578375134,0.0031918802972141884,0.11133301258087158,0.06259996490137502,0.062376891804114265,24.523539767098555,14.941055084629625,0.060945017031893915,261,False,False,False,False,False,False,False,False,False,False,False,False,False,False,False,False,0,False,
135,385,2,0,0,2,1,1,1,0,2,0,0,0,37,0.09610389610389611,264,278,264,0.6857142857142857,14,0.005260426551103592,0.02477431669831276,0.024586092680692673,True,True,0,31,0,0.12284010648727417,0.0015194010598726948,0.00369798649985024,0.19291794300079346,0.08696290776697332,0.0868024674348368,27.637538159116957,16.11578040356835,0.17087811146803866,186,False,True,False,False,False,True,True,False,False,True,False,False,False,False,False,False,4,True,"right_regrasp,gripper_twitch,hold_slip,timing_outlier"
136,368,1,0,0,1,0,0,0,0,1,0,0,0,111,0.3016304347826087,240,255,240,0.6521739130434783,15,0.00398932583630085,0.02712400071322918,0.02759081032127142,True,True,0,33,0,0.1233108639717102,0.000878993033575931,0.0027307293201963784,0.13923215866088867,0.05621364071842453,0.05552570524056808,23.404617320746183,14.459406791356741,0.16855917110587196,326,False,False,False,False,False,False,False,False,False,False,False,False,False,False,False,False,0,False,
137,372,2,0,0,1,0,0,0,0,2,0,0,0,38,0.10215053763440861,256,270,256,0.6881720430107527,14,0.0010233893990516663,0.025683138519525528,0.02197618968784809,True,True,0,32,0,0.07180869579315186,0.0006149258377856166,0.00218927204141514,0.07679716497659683,0.04355438351519534,0.042784008554007776,18.18159244954586,13.253113204329566,0.10991307943446084,223,False,True,False,False,False,False,False,False,False,True,False,False,False,False,False,False,2,True,"right_regrasp,timing_outlier"
138,346,1,0,0,1,0,0,0,0,1,0,0,0,96,0.2774566473988439,230,244,230,0.6647398843930635,14,0.0010631196200847626,0.023575584404170513,0.025404597632586956,True,True,0,34,0,0.10857421159744263,0.0008182527223332128,0.002495176491422993,0.08081042766571045,0.04237536689027292,0.039985711110567215,16.832544253207743,13.494546118527069,0.05847184182561088,9,False,False,False,False,False,False,False,False,False,False,False,False,False,False,False,False,0,False,
139,351,1,0,0,1,0,0,0,0,1,0,0,0,106,0.301994301994302,226,240,226,0.6438746438746439,14,0.0008955541998147964,0.02168911974877119,0.023055583238601685,True,True,0,33,0,0.07818138599395752,0.0005142590554775404,0.0019081554295783518,0.034957051277160645,0.007936734476430694,0.007287392001388615,15.88377890875563,11.51752920128638,0.08772817690198682,218,False,False,False,False,False,False,False,False,False,False,False,False,False,False,False,False,0,False,
140,358,1,0,0,1,0,0,0,0,1,0,0,0,101,0.28212290502793297,235,249,235,0.6564245810055865,14,0.0022623613476753235,0.02342395856976509,0.02420627884566784,True,True,0,31,0,0.11453726887702942,0.0008366722934775808,0.0027356532220178167,0.0599137544631958,0.01800561833744309,0.017621902979583704,21.20890690619126,13.895253998576663,0.056046215136517516,25,False,False,False,False,False,False,False,False,False,False,False,False,False,False,False,False,0,False,
141,372,1,0,0,1,0,0,0,0,1,0,0,0,126,0.3387096774193548,256,270,256,0.6881720430107527,14,0.0007659811526536942,0.025550070218741894,0.023663117550313473,True,True,0,3,0,0.07180869579315186,0.0006499529837328227,0.0022526020341392945,0.07863280177116394,0.03261903938782384,0.031583046008026104,18.8631943333894,13.366485600075976,0.1104122310455407,274,False,False,False,False,False,False,False,False,False,True,False,False,False,False,False,False,1,False,timing_outlier
142,356,1,0,0,1,0,0,0,0,1,0,0,0,89,0.25,231,245,231,0.648876404494382,14,0.0005560070276260376,0.03244701400399208,0.021667923778295517,True,True,0,34,0,0.10668390989303589,0.0009873292371496698,0.002780875607556394,0.10047042369842529,0.05192535572261901,0.05003709497759061,19.845829831509036,14.59340143186273,0.2145336448407953,16,False,False,False,False,False,False,False,False,False,False,False,False,False,False,False,False,0,False,
143,358,1,0,0,1,0,0,0,0,1,0,0,0,101,0.28212290502793297,235,249,235,0.6564245810055865,14,0.0001963842660188675,0.02450052835047245,0.02761354111135006,True,True,0,31,0,0.09882664680480957,0.0007281092750936658,0.002613110368412247,0.038320002146065235,0.024147319713725825,0.023862569481618825,19.905667083337903,13.935384097741917,0.11977648144890934,209,False,False,False,False,False,False,False,False,False,False,False,False,False,False,False,False,0,False,
144,356,1,0,0,1,0,0,0,0,1,0,0,0,89,0.25,231,245,231,0.648876404494382,14,0.0009776335209608078,0.025147140957415104,0.022987496107816696,True,True,0,34,0,0.09136271476745605,0.0006732594684241047,0.002355649598668983,0.059254469349980354,0.039154249558600356,0.0366131610950633,18.15841772800195,14.539622717595194,0.04228643633014075,133,False,False,False,False,False,False,False,False,False,False,False,False,False,False,False,False,0,False,
145,343,1,0,0,1,0,0,0,0,1,0,0,0,100,0.2915451895043732,223,239,223,0.6501457725947521,16,0.0011014025658369064,0.02783014625310898,0.02584901638329029,True,True,0,0,0,0.10488474369049072,0.001114036892196913,0.0031163066442354845,0.18194980919361115,0.07782237099881767,0.07774833766751793,21.62764972317632,13.157886189146666,0.12226048475661572,305,False,False,False,False,False,False,False,False,False,False,False,False,False,False,False,False,0,False,
146,343,1,0,0,1,0,0,0,0,1,0,0,0,100,0.2915451895043732,223,239,223,0.6501457725947521,16,0.0008451566100120544,0.022314323112368584,0.022508788853883743,True,True,0,0,0,0.10637140274047852,0.0007736673155811432,0.0025135266930745824,0.0394371347501874,0.01827426224079845,0.01795637053054546,18.23074454278685,13.199309136602096,0.0861347886789984,69,False,False,False,False,False,False,False,False,False,False,False,False,False,False,False,False,0,False,
147,351,1,0,0,1,0,0,0,0,1,0,0,0,106,0.301994301994302,226,240,226,0.6438746438746439,14,0.0020485706627368927,0.03475969471037388,0.022055940702557564,True,True,0,33,0,0.11223605275154114,0.0010794089991066605,0.002612941008019389,0.2011939287185669,0.09020847717816693,0.09015366705152043,20.26180885932081,11.588525508181192,0.11078076002982111,107,False,False,False,False,False,False,False,False,False,False,False,False,False,False,False,False,0,False,
148,372,1,0,0,1,0,0,0,0,1,0,0,0,126,0.3387096774193548,256,270,256,0.6881720430107527,14,0.0010565202683210373,0.02511080913245678,0.02284052036702633,True,True,0,4,0,0.07180869579315186,0.0006123541491148951,0.0021878767514112783,0.06192968599498272,0.03810525205152796,0.03722226885173937,18.516075850464404,13.327854271694378,0.05180829364091053,223,False,False,False,False,False,False,False,False,False,True,False,False,False,False,False,False,1,False,timing_outlier
149,346,1,0,0,1,0,0,0,0,1,0,0,0,96,0.2774566473988439,230,244,230,0.6647398843930635,14,0.000799247995018959,0.023143774829804897,0.022015082649886608,True,True,0,34,0,0.10857400298118591,0.0007305296348782458,0.002349438945453758,0.0781412273645401,0.04282639772946737,0.04046338735715323,16.412366899545304,13.484748985487386,0.06679737913487054,91,False,False,False,False,False,False,False,False,False,False,False,False,False,False,False,False,0,False,
150,372,1,0,0,1,0,0,0,0,1,0,0,0,126,0.3387096774193548,256,270,256,0.6881720430107527,14,0.0012799445539712906,0.029012697748839855,0.02512160036712885,True,True,0,32,0,0.07180869579315186,0.0006659898188699589,0.002232933674274504,0.047995688393712044,0.02426554293306378,0.022853963297359437,18.77385816257447,13.390013144533441,0.1396926013009637,257,False,False,False,False,False,False,False,False,False,True,False,False,False,False,False,False,1,False,timing_outlier
151,383,1,0,0,1,0,0,0,0,1,0,0,0,125,0.3263707571801567,245,264,245,0.639686684073107,19,0.002540692687034607,0.03279513865709305,0.021445785649120808,True,True,0,32,0,0.1151033490896225,0.0014624336089202438,0.003294602904558052,0.2157731056213379,0.09350236791829575,0.09294468512866152,23.39681322536785,13.076930856128456,0.1399685166967924,7,False,False,False,False,False,False,False,False,False,False,False,False,False,False,False,False,0,False,
152,351,1,0,0,1,0,0,0,0,1,0,0,0,106,0.301994301994302,226,240,226,0.6438746438746439,14,0.005102043971419334,0.026968427002429962,0.024615298956632614,True,True,0,33,0,0.07587957382202148,0.0005997599078352491,0.0020734597441184393,0.08166938088834286,0.05031644598751947,0.05021811490734696,16.717313792556524,11.454463745292742,0.06538010219242318,356,False,False,False,False,False,False,True,False,False,False,False,False,False,False,False,False,1,False,hold_slip
153,343,1,0,0,1,0,0,0,0,1,0,0,0,100,0.2915451895043732,223,239,223,0.6501457725947521,16,0.007102852687239647,0.021939612925052643,0.021608086302876472,True,True,0,0,0,0.11418695747852325,0.0017147372570180707,0.0036437910317688063,0.1480105146765709,0.06718784349722048,0.06710207817938102,23.313297602693524,13.129399024066515,0.1576579079302908,198,False,False,False,False,False,False,True,False,False,False,False,False,False,False,False,False,1,False,hold_slip
154,368,1,0,0,1,0,0,0,0,1,0,0,0,111,0.3016304347826087,240,255,240,0.6521739130434783,15,0.0009364206343889236,0.0236358055844903,0.02564519178122282,True,True,0,33,0,0.1233108639717102,0.0008216619372368709,0.0026560973259734852,0.11867022514343262,0.0438877580768946,0.04300309115236207,22.76085548021365,14.358083651502966,0.03194919823663592,255,False,False,False,False,False,False,False,False,False,False,False,False,False,False,False,False,0,False,
155,362,1,0,0,1,0,0,0,0,1,0,0,0,103,0.2845303867403315,245,258,245,0.6767955801104972,13,0.0030859243124723434,0.028506621718406677,0.025367368012666702,True,True,0,32,0,0.10476619005203247,0.0007050288691937888,0.0023288398273647913,0.05801355838775635,0.03835952315014145,0.03655159173128046,19.36875712330712,11.925414818804711,0.036041562083611894,363,False,False,False,False,False,False,False,False,False,False,False,False,False,False,False,False,0,False,
156,372,1,0,0,1,0,0,0,0,1,0,0,0,126,0.3387096774193548,256,270,256,0.6881720430107527,14,0.00038199126720428467,0.029318444430828094,0.02607605792582035,True,True,0,0,0,0.07180869579315186,0.0006972192448319311,0.0022721224538991285,0.07116199284791946,0.04421265036751067,0.04345394708286501,19.36482893768698,13.37695170770894,0.05821845546201002,352,False,False,False,False,False,False,False,False,False,True,False,False,False,False,False,False,1,False,timing_outlier
157,383,2,1,0,1,0,0,3,0,1,1,0,0,125,0.3263707571801567,245,264,245,0.639686684073107,19,0.0011745579540729523,0.02395668625831604,0.021030315198004246,True,True,0,32,0,0.09292618930339813,0.0009455853528887743,0.0025855719119016627,0.05844772607088089,0.04224776336228882,0.04099872188804976,20.51900619975504,13.007468139549019,0.031014002715349192,178,True,False,False,False,False,True,False,False,False,False,False,False,False,False,False,False,2,False,"right_pre_grasp_close,gripper_twitch"
158,351,1,0,0,1,0,0,0,0,1,0,0,0,106,0.301994301994302,226,240,226,0.6438746438746439,14,0.0010582953691482544,0.033635130152106285,0.022036347538232803,True,True,0,33,0,0.11462545394897461,0.0012079366303690397,0.002713557411453778,0.1875540018081665,0.08418985850327278,0.08413112743113355,21.051045133266598,11.498619710822823,0.04581204983383007,330,False,False,False,False,False,False,False,False,False,False,False,False,False,False,False,False,0,False,
159,358,1,0,0,1,0,0,0,0,1,0,0,0,101,0.28212290502793297,235,249,235,0.6564245810055865,14,0.003819376230239868,0.02381955925375223,0.026702584698796272,True,True,0,1,29,0.11195129156112671,0.0017021882750862115,0.0036453916571877474,0.04793156124651432,0.0260893066961312,0.02582597717014771,23.84673924944218,13.91083362174686,0.042999284498188114,390,False,False,False,False,False,False,False,False,False,False,False,False,False,False,False,False,0,False,
160,351,1,0,0,1,0,0,0,0,1,0,0,0,106,0.301994301994302,226,240,226,0.6438746438746439,14,0.0015439130365848541,0.02591353189200163,0.02244832180440426,True,True,0,33,0,0.0686570405960083,0.0005916818327113162,0.0019458306146125138,0.08710038661956787,0.04649640352017445,0.046389975946786496,16.425083399983123,11.511013128852937,0.06579684781485187,358,False,False,False,False,False,False,False,False,False,False,False,False,False,False,False,False,0,False,
161,356,1,0,0,1,0,0,0,0,1,0,0,0,89,0.25,231,245,231,0.648876404494382,14,0.001857031136751175,0.030530721880495548,0.024667581543326378,True,True,0,34,0,0.0979316234588623,0.0006300143567717468,0.002293059060347217,0.035624049603939056,0.026528913555018845,0.022610872634322703,17.635099188461027,14.522865183942486,0.03949234919919162,250,False,False,False,False,False,False,False,False,False,False,False,False,False,False,False,False,0,False,
162,358,1,0,0,1,0,0,0,0,1,0,0,0,101,0.28212290502793297,235,249,235,0.6564245810055865,14,0.0063822511583566666,0.030138869769871235,0.026068538427352905,True,True,0,31,0,0.11558741331100464,0.0008624571943665125,0.0027646641073327946,0.051883237436413765,0.03551020549659861,0.035317189402879395,21.094471100717783,13.897065999131883,0.10408999866788954,270,False,False,False,False,False,False,True,False,False,False,False,False,False,False,False,False,1,False,hold_slip
163,372,2,0,0,1,0,0,0,0,2,0,0,0,35,0.09408602150537634,256,270,256,0.6881720430107527,14,0.0006362162530422211,0.024989821016788483,0.023152251727879047,True,True,0,32,0,0.07180869579315186,0.0006492727558088954,0.002269673549568996,0.09739105217158794,0.05302588365695057,0.05239495588471422,18.818397698458284,13.37679703039612,0.504271833609138,99,False,True,False,False,False,False,False,False,False,True,False,False,False,False,False,False,2,True,"right_regrasp,timing_outlier"
164,351,1,0,0,1,0,0,0,0,1,0,0,0,106,0.301994301994302,226,240,226,0.6438746438746439,14,0.004566654562950134,0.030836408957839012,0.025905564427375793,True,True,0,33,0,0.07974255084991455,0.0006064833579967491,0.0020917121190827206,0.09804079309105873,0.04000198264354564,0.039878226433068285,17.14263292006217,11.429056181863416,0.08409997464659162,192,False,False,False,False,False,False,False,False,False,False,False,False,False,False,False,False,0,False,
165,383,1,0,0,1,0,0,1,0,1,0,0,0,125,0.3263707571801567,245,264,245,0.639686684073107,19,0.0007638167589902878,0.021960923448204994,0.021346813067793846,True,True,0,32,0,0.10154840350151062,0.0008196073023817246,0.0024426524616706752,0.08388364315032959,0.06063924512252314,0.05977574538529103,21.214480911280134,13.01693217785214,0.2577385014140924,178,False,False,False,False,False,True,False,False,False,False,False,False,False,False,False,False,1,False,gripper_twitch
166,346,1,0,0,1,0,0,0,0,1,0,0,0,96,0.2774566473988439,230,244,230,0.6647398843930635,14,0.0007832851260900497,0.024213665165007114,0.025165763683617115,True,True,0,34,0,0.10857418179512024,0.0008328233815338407,0.002546014628409858,0.1350783184170723,0.06113582182156691,0.0595044039019876,18.19266800303012,13.454732371130376,0.17166927717365496,322,False,False,False,False,False,False,False,False,False,False,False,False,False,False,False,False,0,False,
167,351,1,0,0,1,0,0,0,0,1,0,0,0,106,0.301994301994302,226,240,226,0.6438746438746439,14,0.00509028322994709,0.02511751465499401,0.025928877294063568,True,True,0,33,0,0.07787644863128662,0.0006407255991150544,0.0021379412426648166,0.11885913088917732,0.04927147562349144,0.04917105488139186,17.03188177011907,11.443563900014851,0.09495081289444576,0,False,False,False,False,False,False,True,False,False,False,False,False,False,False,False,False,1,False,hold_slip
168,372,1,0,0,1,0,0,0,0,1,0,0,0,126,0.3387096774193548,256,270,256,0.6881720430107527,14,0.000996192917227745,0.02842345181852579,0.02401991467922926,True,True,0,0,0,0.07180869579315186,0.000625603912036131,0.0021718743901952293,0.04941072501242161,0.016826599066252335,0.014718067152214478,18.827818824622227,13.283097844287113,0.08550962884574552,375,False,False,False,False,False,False,False,False,False,True,False,False,False,False,False,False,1,False,timing_outlier
169,358,1,0,0,1,0,0,0,0,1,0,0,0,101,0.28212290502793297,235,249,235,0.6564245810055865,14,0.0004323311150074005,0.021478059701621532,0.024986039847135544,True,True,0,31,0,0.09277260303497314,0.0006666067908980519,0.002446248437826696,0.029610227793455124,0.017458030055097877,0.017062004170462948,19.685876946197823,13.902468576590763,0.09071879834585278,209,False,False,False,False,False,False,False,False,False,False,False,False,False,False,False,False,0,False,
170,385,1,0,0,1,0,0,0,0,1,0,0,0,110,0.2857142857142857,264,278,264,0.6857142857142857,14,0.0008536782115697861,0.02639639936387539,0.022318050265312195,True,True,0,31,0,0.08417809009552002,0.0006072838566231496,0.002102470043821971,0.06353120133280754,0.037180022064020615,0.036803193695246775,18.93653473401571,14.908303251948382,0.04135033725127508,31,False,False,False,False,False,False,False,False,False,False,False,False,False,False,False,False,0,False,
171,368,1,0,0,1,0,0,0,0,1,0,0,0,111,0.3016304347826087,240,255,240,0.6521739130434783,15,0.0008902009576559067,0.02469416707754135,0.026153103448450565,True,True,0,3,0,0.12331092357635498,0.0007352640765248819,0.0026253669943500915,0.06243538856506348,0.0465892259172281,0.04575681928640639,21.94505237438716,14.359429159070714,0.10191985330208096,368,False,False,False,False,False,False,False,False,False,False,False,False,False,False,False,False,0,False,
172,343,1,0,0,1,0,0,0,0,1,0,0,0,100,0.2915451895043732,223,239,223,0.6501457725947521,16,0.0008415672928094864,0.025018759071826935,0.02278085332363844,True,True,0,0,0,0.10575079917907715,0.0009025722827778479,0.0027117647570662306,0.12429553270339966,0.05955725544371072,0.059460484846427034,20.490607910687686,13.096084991353564,0.03587094984424612,3,False,False,False,False,False,False,False,False,False,False,False,False,False,False,False,False,0,False,
173,368,1,0,0,1,0,0,0,0,1,0,0,0,111,0.3016304347826087,240,255,240,0.6521739130434783,15,0.01055457629263401,0.02441852819174528,0.026660139672458172,True,True,0,33,0,0.12328237295150757,0.001665618510255633,0.0035439836888468716,0.04828738607466221,0.020377857324444422,0.018395314859434905,24.478278738264635,14.370541186406626,0.12585591157166315,41,False,False,False,False,False,False,True,False,False,False,False,False,False,False,False,False,1,False,hold_slip
174,368,1,0,0,1,0,0,0,0,1,0,0,0,111,0.3016304347826087,240,255,240,0.6521739130434783,15,0.001049090176820755,0.027301857247948647,0.02126135118305683,True,True,0,33,0,0.1233108639717102,0.0007287030796861102,0.002480583978630761,0.062226034700870514,0.04158636304281686,0.04065164364169421,21.008560364251025,14.264283221084042,0.14091952067860172,307,False,False,False,False,False,False,False,False,False,False,False,False,False,False,False,False,0,False,
175,372,1,0,0,1,0,0,0,0,1,0,0,0,126,0.3387096774193548,256,270,256,0.6881720430107527,14,0.0003162119537591934,0.02153695747256279,0.021327552385628223,True,True,0,32,0,0.07572579383850098,0.0007317198286618447,0.0023724234982712895,0.10974180698394775,0.04483214691639917,0.04408410667910024,19.526627266779542,13.323026734120504,0.05837997316805411,337,False,False,False,False,False,False,False,False,False,True,False,False,False,False,False,False,1,False,timing_outlier
176,362,1,0,0,1,0,0,0,0,1,0,0,0,103,0.2845303867403315,245,258,245,0.6767955801104972,13,0.003948967903852463,0.022899433970451355,0.02547641098499298,True,True,0,32,0,0.1046183705329895,0.0008487537889671354,0.0025580940476969917,0.16450949758291245,0.06576742903465166,0.06472959573187456,19.651961909723468,11.872809387743473,0.05491093587007009,49,False,False,False,False,False,False,False,False,False,False,False,False,False,False,False,False,0,False,
177,358,1,0,0,1,0,0,0,0,1,0,0,0,101,0.28212290502793297,235,249,235,0.6564245810055865,14,0.0013890042901039124,0.022286588326096535,0.02498779445886612,True,True,0,31,0,0.10893166065216064,0.0008531885728340078,0.002686414605321767,0.0997171401977539,0.035717221141276165,0.035525329822016,20.8791861301288,13.902173334583495,0.05973828459764769,71,False,False,False,False,False,False,False,False,False,False,False,False,False,False,False,False,0,False,
178,383,2,1,0,1,0,0,3,0,1,1,0,0,125,0.3263707571801567,245,264,245,0.639686684073107,19,0.0011701751500368118,0.024687213823199272,0.02101883478462696,True,True,0,32,0,0.09274977445602417,0.0009547518407715577,0.002581941914316067,0.05837869644165039,0.043505949563072424,0.04229408155667053,20.532324764762052,12.987590114149498,0.031014002715349192,157,True,False,False,False,False,True,False,False,False,False,False,False,False,False,False,False,2,False,"right_pre_grasp_close,gripper_twitch"
179,383,1,0,0,1,0,0,0,0,1,0,0,0,125,0.3263707571801567,245,264,245,0.639686684073107,19,0.0014438554644584656,0.02224835194647312,0.023129062727093697,True,True,0,32,0,0.10884946584701538,0.0007282190979395351,0.0023852670299026463,0.055817604064941406,0.021607004382370343,0.019049522978738027,21.319419260136783,13.010671332041966,0.04141919485663937,66,False,False,False,False,False,False,False,False,False,False,False,False,False,False,False,False,0,False,
180,351,1,0,0,1,0,0,0,0,1,0,0,0,106,0.301994301994302,226,240,226,0.6438746438746439,14,0.005226617678999901,0.02539875265210867,0.025517437607049942,True,True,0,33,0,0.07633888721466064,0.0005960808905165059,0.00208225223234895,0.07817837782204151,0.0497979059209419,0.04969854889374054,16.242880737408996,11.47542969911592,0.11477822889630228,0,False,False,False,False,False,False,True,False,False,False,False,False,False,False,False,False,1,False,hold_slip
181,358,1,0,0,1,0,0,0,0,1,0,0,0,101,0.28212290502793297,235,249,235,0.6564245810055865,14,0.0005565471947193146,0.023125971667468548,0.024321556091308594,True,True,0,31,0,0.0921703577041626,0.0006404200040261246,0.00235379640049114,0.08750792592763901,0.04402802479060161,0.043872498673656876,19.13166270311922,13.91590200268547,0.026703875049069684,94,False,False,False,False,False,False,False,False,False,False,False,False,False,False,False,False,0,False,
182,358,1,0,0,1,0,0,0,0,1,0,0,0,101,0.28212290502793297,235,249,235,0.6564245810055865,14,0.0009894613176584244,0.02553973626345396,0.02773679979145527,True,True,0,31,0,0.10735845565795898,0.0007334458569236721,0.002503649988437853,0.01838351273909211,0.008986536921572232,0.008190666563288682,19.93091019021813,13.89670784966438,0.10069148961645705,240,False,False,False,False,False,False,False,False,False,False,False,False,False,False,False,False,0,False,
183,358,1,0,0,1,0,0,0,0,1,0,0,0,101,0.28212290502793297,235,249,235,0.6564245810055865,14,0.00013699941337108612,0.021564736030995846,0.024655092507600784,True,True,0,31,0,0.10272055864334106,0.0007540971701537735,0.0025939466452734664,0.05523157864809036,0.03520471954137015,0.03501001929297846,20.289057274327206,13.88320328851114,0.09543055393721453,209,False,False,False,False,False,False,False,False,False,False,False,False,False,False,False,False,0,False,
184,356,1,0,0,1,0,0,0,0,1,0,0,0,89,0.25,231,245,231,0.648876404494382,14,0.000536622479557991,0.023629801347851753,0.026308264583349228,True,True,0,34,0,0.09233808517456055,0.0007027287373749822,0.0024424019369640223,0.08181464672088623,0.028771953530019292,0.025205031577236525,18.789239015895873,14.552968045987654,0.09905925899986474,271,False,False,False,False,False,False,False,False,False,False,False,False,False,False,False,False,0,False,
185,343,1,0,0,1,0,0,0,0,1,0,0,0,100,0.2915451895043732,223,239,223,0.6501457725947521,16,0.006582222878932953,0.021686702966690063,0.021312338300049305,True,True,0,0,0,0.10512220859527588,0.001778742822966615,0.003697516889571776,0.2034825086593628,0.08524070259659335,0.08517311759789967,22.901866332729696,13.123386282270076,0.04845495014807582,109,False,False,False,False,False,False,True,False,False,False,False,False,False,False,False,False,1,False,hold_slip
186,385,1,0,0,2,1,0,0,0,1,0,0,0,110,0.2857142857142857,264,278,264,0.6857142857142857,14,0.003822093829512596,0.02249661087989807,0.02277735434472561,True,True,0,4,0,0.12382292747497559,0.0015304026077160224,0.0037515609003393245,0.15981097146868706,0.07341760452767257,0.0732274926518075,26.979761959508323,16.245975467660173,0.17087811146803866,135,False,False,False,False,False,True,False,False,False,False,False,False,False,False,False,False,1,False,gripper_twitch
187,356,1,0,0,1,0,0,0,0,1,0,0,0,89,0.25,231,245,231,0.648876404494382,14,0.0013115741312503815,0.029004455544054508,0.025701353326439857,True,True,0,34,0,0.0962982177734375,0.0006998296431164581,0.0024155862838582745,0.04692382179200649,0.03488682377862516,0.03200872975044069,18.256134774012025,14.596601516357623,0.07941189833225863,17,False,False,False,False,False,False,False,False,False,False,False,False,False,False,False,False,0,False,
188,343,1,0,0,1,0,0,0,0,1,0,0,0,100,0.2915451895043732,223,239,223,0.6501457725947521,16,0.0020433738827705383,0.029132146388292313,0.026296875439584255,True,True,0,0,0,0.10629796981811523,0.0007579118722731767,0.002501441059045799,0.05292455852031708,0.03998278763587751,0.03983849757860415,18.385759607772343,13.099470035056584,0.08836879673916406,32,False,False,False,False,False,False,False,False,False,False,False,False,False,False,False,False,0,False,
189,343,1,0,0,1,0,0,0,0,1,0,0,0,100,0.2915451895043732,223,239,223,0.6501457725947521,16,0.00254172645509243,0.023721469566226006,0.02339600119739771,True,True,0,0,0,0.1108541488647461,0.0009788142220544045,0.002929414903339425,0.06482291221618652,0.044726922024640785,0.044597983541669974,21.618329495191574,13.126909121288918,0.32494928972942,32,False,False,False,False,False,False,False,False,False,False,False,False,False,False,False,False,0,False,
190,372,1,0,0,1,0,0,0,0,1,0,0,0,126,0.3387096774193548,256,270,256,0.6881720430107527,14,0.0009220000356435776,0.024463257752358913,0.024391084909439087,True,True,0,32,0,0.07180869579315186,0.0006171577152975108,0.0022758729777376074,0.04270613193511963,0.016992271593136567,0.014907191501272357,18.53506018780172,13.364035578626499,0.06725875712321121,377,False,False,False,False,False,False,False,False,False,True,False,False,False,False,False,False,1,False,timing_outlier
191,385,1,0,0,1,0,0,0,0,1,0,0,0,110,0.2857142857142857,264,278,264,0.6857142857142857,14,0.001100536435842514,0.02603722084313631,0.022902444005012512,True,True,0,31,0,0.08422702550888062,0.0006032129970576123,0.002112031504738625,0.08114793710410595,0.045550976440222136,0.04524392202436107,18.66180290118791,14.918901176650252,0.10434136529107334,42,False,False,False,False,False,False,False,False,False,False,False,False,False,False,False,False,0,False,
192,351,1,0,0,1,0,0,0,0,1,0,0,0,106,0.301994301994302,226,240,226,0.6438746438746439,14,0.0037714019417762756,0.027202021330595016,0.021320590749382973,True,True,0,33,0,0.0799490213394165,0.0005557387175154232,0.0019627495495063026,0.07958922162652016,0.034941808240738004,0.03480006165461558,16.572755373839755,11.48617327871034,0.08409997464659162,164,False,False,False,False,False,False,False,False,False,False,False,False,False,False,False,False,0,False,
193,362,1,0,0,1,0,0,0,0,1,0,0,0,103,0.2845303867403315,245,258,245,0.6767955801104972,13,0.0006709583103656769,0.02569829486310482,0.02530861645936966,True,True,0,32,0,0.10482925176620483,0.0006971503691172898,0.002320430562023339,0.07741824723780155,0.03880575906743934,0.037019626937397986,18.91262763535724,11.933598271105438,0.05385383650175918,300,False,False,False,False,False,False,False,False,False,False,False,False,False,False,False,False,0,False,
194,351,1,0,0,1,0,0,0,0,1,0,0,0,106,0.301994301994302,226,240,226,0.6438746438746439,14,0.004643913358449936,0.022026972845196724,0.02316383458673954,True,True,0,33,0,0.07723450660705566,0.0005109364990130285,0.0019277582219576882,0.03575647249817848,0.01958661975349105,0.019332614965399404,16.028002379462123,11.52358989865752,0.026030436574176346,8,False,False,False,False,False,False,False,False,False,False,False,False,False,False,False,False,0,False,
195,368,1,0,0,1,0,0,1,0,1,0,0,0,111,0.3016304347826087,240,255,240,0.6521739130434783,15,0.0007041431963443756,0.024107609875500202,0.0275097219273448,True,True,0,33,0,0.1233108639717102,0.0009786888067020165,0.0028814524151870263,0.18300986289978027,0.09613194075563306,0.09573129359351035,24.615709070959383,14.386521780194016,0.03829935095623759,231,False,False,False,False,False,True,False,False,False,False,False,False,False,False,False,False,1,False,gripper_twitch
196,372,1,0,0,1,0,0,0,0,1,0,0,0,126,0.3387096774193548,256,270,256,0.6881720430107527,14,0.001100076362490654,0.025426028296351433,0.02299264445900917,True,True,0,32,0,0.10803711414337158,0.0008609750410171594,0.0025326296783466764,0.07489848136901855,0.04368640432241314,0.042918399168445795,20.356922174255487,13.316529100942716,0.05219466335979933,256,False,False,False,False,False,False,False,False,False,True,False,False,False,False,False,False,1,False,timing_outlier
197,368,1,0,0,1,0,0,0,0,1,0,0,0,111,0.3016304347826087,240,255,240,0.6521739130434783,15,0.00031706131994724274,0.021471748128533363,0.023028098046779633,True,True,0,33,0,0.12331098318099976,0.0007719132382901997,0.0025576615359543275,0.10983848571777344,0.04212136072285831,0.04119878115657652,21.666940442635678,14.363053906112327,0.04039767877385462,282,False,False,False,False,False,False,False,False,False,False,False,False,False,False,False,False,0,False,
198,343,1,0,0,1,0,0,0,0,1,0,0,0,100,0.2915451895043732,223,239,223,0.6501457725947521,16,0.005561361089348793,0.02423190511763096,0.027908031828701496,True,True,0,0,0,0.11419212818145752,0.001819026013175625,0.004048272054051764,0.19626027718186378,0.08282441791406446,0.08275485958533416,24.285728212445463,13.422568516252795,0.1198261237270102,105,False,False,False,False,False,False,True,False,False,False,False,False,False,False,False,False,1,False,hold_slip
199,343,1,0,0,1,0,0,0,0,1,0,0,0,100,0.2915451895043732,223,239,223,0.6501457725947521,16,0.000987514853477478,0.021674657240509987,0.021991489455103874,True,True,0,0,0,0.10520076751708984,0.0007383234986349963,0.0025775905751752003,0.03943343833088875,0.02471657055141751,0.024482472138408914,18.827761710854247,13.175481746788137,0.04468713997758487,379,False,False,False,False,False,False,False,False,False,False,False,False,False,False,False,False,0,False,
200,372,1,0,0,1,0,0,0,0,1,0,0,0,126,0.3387096774193548,256,270,256,0.6881720430107527,14,0.0005074366927146912,0.029087545350193977,0.023995259776711464,True,True,0,28,0,0.07224023342132568,0.0006565503996713436,0.0022061598659796422,0.06053688656538725,0.04054750945984726,0.039718856830944844,18.86741164047271,13.304368609977246,0.10619620818303632,90,False,False,False,False,False,False,False,False,False,True,False,False,False,False,False,False,1,False,timing_outlier
201,343,1,0,0,1,0,0,0,0,1,0,0,0,100,0.2915451895043732,223,239,223,0.6501457725947521,16,0.0014623068273067474,0.024961382150650024,0.025793077424168587,True,True,0,0,0,0.10835051536560059,0.0008977179155857214,0.0027764952841449696,0.0491215456277132,0.02545698162016795,0.025229754168329472,19.707205337355845,13.172223476110958,0.049423856663854474,342,False,False,False,False,False,False,False,False,False,False,False,False,False,False,False,False,0,False,
202,368,1,0,0,1,0,0,0,0,1,0,0,0,111,0.3016304347826087,240,255,240,0.6521739130434783,15,0.00019141659140586853,0.03264510631561279,0.02204269263893366,True,True,0,33,0,0.12331080436706543,0.0007623159242882121,0.0025533897569578034,0.08264017105102539,0.045460698450981725,0.044607237566267485,21.309652346735675,14.47213385241048,0.20832461161728116,307,False,False,False,False,False,False,False,False,False,False,False,False,False,False,False,False,0,False,
203,372,1,0,0,1,0,0,0,0,1,0,0,0,126,0.3387096774193548,256,270,256,0.6881720430107527,14,0.0007820017635822296,0.029477654956281185,0.025989314541220665,True,True,0,0,0,0.07180869579315186,0.0006007444508727941,0.0021409080459236962,0.0550667317584157,0.02768393496199635,0.026455383564422848,18.46198757737875,13.34463511681679,0.06577190161711849,260,False,False,False,False,False,False,False,False,False,True,False,False,False,False,False,False,1,False,timing_outlier
204,372,1,0,0,1,0,0,0,0,1,0,0,0,126,0.3387096774193548,256,270,256,0.6881720430107527,14,0.0007100235670804977,0.02799552772194147,0.02453691605478525,True,True,0,0,0,0.07180869579315186,0.0006263635676317677,0.0021946785585041017,0.06786516681313515,0.031170842908312152,0.03008502139230359,18.920993390493095,13.391509163840965,0.068754899971148,90,False,False,False,False,False,False,False,False,False,True,False,False,False,False,False,False,1,False,timing_outlier
205,356,1,0,0,1,0,0,0,0,1,0,0,0,89,0.25,231,245,231,0.648876404494382,14,0.001079002395272255,0.025077314116060734,0.02245674841105938,True,True,0,34,0,0.091530442237854,0.0006514665482773492,0.0023429046074687826,0.06241186149418354,0.042504129055643415,0.04017548124982066,17.83653070902801,14.548890230536927,0.033431763221510126,235,False,False,False,False,False,False,False,False,False,False,False,False,False,False,False,False,0,False,
206,351,1,0,0,1,0,0,0,0,1,0,0,0,106,0.301994301994302,226,240,226,0.6438746438746439,14,0.0037719178944826126,0.02394730504602194,0.026276320219039917,True,True,0,33,0,0.07999932765960693,0.0005593911641119765,0.0021115504911807764,0.0463758148252964,0.019575063667820084,0.019320906956759278,16.83619675040245,11.468518761743326,0.06225177512261294,226,False,False,False,False,False,False,False,False,False,False,False,False,False,False,False,False,0,False,
207,343,1,0,0,1,0,0,0,0,1,0,0,0,100,0.2915451895043732,223,239,223,0.6501457725947521,16,0.0010532531887292862,0.024366820231080055,0.022342569194734097,True,True,0,0,0,0.10524508357048035,0.0008744991515724226,0.0026481536042492885,0.07724857330322266,0.043404584259117036,0.043271705731246134,19.90878695698757,13.111482804059051,0.035321564486382115,23,False,False,False,False,False,False,False,False,False,False,False,False,False,False,False,False,0,False,
208,343,1,0,0,1,0,0,0,0,1,0,0,0,100,0.2915451895043732,223,239,223,0.6501457725947521,16,0.0004986263811588287,0.024857880547642708,0.024642362259328365,True,True,0,0,0,0.10401952266693115,0.0006761777696454331,0.002403941716727037,0.05434815399348736,0.028137949550518883,0.02793253993270779,18.032578494865447,13.134092571097426,0.08264368850694953,69,False,False,False,False,False,False,False,False,False,False,False,False,False,False,False,False,0,False,
209,358,1,0,0,1,0,0,0,0,1,0,0,0,101,0.28212290502793297,235,249,235,0.6564245810055865,14,0.00016405247151851654,0.021474309265613556,0.02471635304391384,True,True,0,31,0,0.103493332862854,0.0007577426227976842,0.002611081554338877,0.04740462452173233,0.029953039268804528,0.029723958927887456,20.475467331008986,13.88895129787852,0.09071879834585278,169,False,False,False,False,False,False,False,False,False,False,False,False,False,False,False,False,0,False,
210,358,1,0,0,1,0,0,0,0,1,0,0,0,101,0.28212290502793297,235,249,235,0.6564245810055865,14,0.011718928813934326,0.02375548519194126,0.026378095149993896,True,True,0,0,0,0.1684628501534462,0.001662459390317334,0.003922117506569694,0.06154930591583252,0.02620260224774431,0.025940422846624712,29.754950760787324,13.987270785699366,0.2641429137699355,351,False,False,False,False,False,False,True,False,False,False,False,False,True,False,False,False,2,False,"hold_slip,action_spike"
211,343,1,0,0,1,0,0,0,0,1,0,0,0,100,0.2915451895043732,223,239,223,0.6501457725947521,16,0.0014873798936605453,0.020729415118694305,0.021837388165295124,True,True,0,0,0,0.11517688632011414,0.000868995692332368,0.0027597393766810078,0.05546240136027336,0.03800612574181409,0.03785430194954536,20.817628359160153,13.149094685097225,0.15406037714326612,259,False,False,False,False,False,False,False,False,False,False,False,False,False,False,False,False,0,False,
212,358,1,0,0,1,0,0,0,0,1,0,0,0,101,0.28212290502793297,235,249,235,0.6564245810055865,14,0.00025463663041591644,0.021311367861926556,0.024068670347332954,True,True,0,31,0,0.10281038284301758,0.0008473633209033129,0.002672598095865497,0.13395953178405762,0.05524333728557977,0.05511946559389453,20.774938803515397,13.932338690094184,0.0726192305111183,71,False,False,False,False,False,False,False,False,False,False,False,False,False,False,False,False,0,False,
213,372,1,0,0,1,0,0,0,0,1,0,0,0,126,0.3387096774193548,256,270,256,0.6881720430107527,14,0.0020313430577516556,0.028886237181723118,0.025282123126089573,True,True,0,32,0,0.10746091604232788,0.0009286638528825116,0.002604108452931525,0.11989577300846577,0.057577373216213576,0.056996850536146636,21.45823573977532,13.350710339094803,0.09301464350844069,389,False,False,False,False,False,False,False,False,False,True,False,False,False,False,False,False,1,False,timing_outlier
214,346,1,0,0,1,0,0,0,0,1,0,0,0,96,0.2774566473988439,230,244,230,0.6647398843930635,14,0.0015047341585159302,0.02597677055746317,0.022369641810655594,True,True,0,34,0,0.10857406258583069,0.0007783302289786809,0.0023551440349547552,0.09011263027787209,0.040825391929298786,0.03833924882041058,17.11269432422705,13.467117935637361,0.1334807797767959,53,False,False,False,False,False,False,False,False,False,False,False,False,False,False,False,False,0,False,
215,343,1,0,0,1,0,0,0,0,1,0,0,0,100,0.2915451895043732,223,239,223,0.6501457725947521,16,0.0017544087022542953,0.023830464109778404,0.02619099337607622,True,True,0,0,0,0.1067192554473877,0.0008975816687173664,0.002886276382821345,0.09020507335662842,0.04076842303622363,0.04062692332733626,20.38481000578031,13.20415935467463,0.0776187019320652,248,False,False,False,False,False,False,False,False,False,False,False,False,False,False,False,False,0,False,
216,343,1,0,0,1,0,0,0,0,1,0,0,0,100,0.2915451895043732,223,239,223,0.6501457725947521,16,0.004618896171450615,0.02076631411910057,0.021212926134467125,True,True,0,0,0,0.11784270405769348,0.0016293564513638298,0.003591011565250051,0.16060590744018555,0.07272437986373338,0.07264515130928807,23.210356970048224,13.146242458489724,0.05117134092409659,331,False,False,False,False,False,False,False,False,False,False,False,False,False,False,False,False,0,False,
217,356,1,0,0,1,0,0,0,0,1,0,0,0,89,0.25,231,245,231,0.648876404494382,14,0.0005707293748855591,0.02862122654914856,0.024590859189629555,True,True,0,34,0,0.09455347061157227,0.0006317336379908527,0.0023178983389206,0.04442420043051243,0.03696168558471178,0.03425834946606435,17.932075856544543,14.535320143506397,0.13685847144039834,161,False,False,False,False,False,False,False,False,False,False,False,False,False,False,False,False,0,False,
218,351,1,0,0,1,0,0,0,0,1,0,0,0,106,0.301994301994302,226,240,226,0.6438746438746439,14,0.0003070514649152756,0.021810163743793964,0.0240885391831398,True,True,0,33,0,0.08130538463592529,0.0005258678678397596,0.0019324391191834626,0.04394710063934326,0.011265611430458964,0.010817963252601055,16.08307247236371,11.499402142653707,0.08772817690198682,139,False,False,False,False,False,False,False,False,False,False,False,False,False,False,False,False,0,False,
219,372,1,0,0,1,0,0,0,0,1,0,0,0,126,0.3387096774193548,256,270,256,0.6881720430107527,14,0.0007288064807653427,0.023674089461565018,0.02340011205524206,True,True,0,32,0,0.08573651313781738,0.0007703381480093542,0.002470840534406965,0.12203705310821533,0.04710137205845012,0.04638993764114408,20.18051892146468,13.292686395354394,0.04252286327290313,347,False,False,False,False,False,False,False,False,False,True,False,False,False,False,False,False,1,False,timing_outlier
220,346,1,0,0,1,0,0,0,0,1,0,0,0,96,0.2774566473988439,230,244,230,0.6647398843930635,14,0.0013305861502885818,0.0265604667365551,0.022669286467134953,True,True,0,34,0,0.10857418179512024,0.0008742317044244358,0.002492290767722215,0.05705871619284153,0.04417481065178985,0.041887937047006565,17.121009533107554,13.491048328098259,0.025204471843734897,310,False,False,False,False,False,False,False,False,False,False,False,False,False,False,False,False,0,False,
221,343,1,0,0,1,0,0,0,1,1,0,0,0,100,0.2915451895043732,223,239,223,0.6501457725947521,16,0.000607416033744812,0.02521534077823162,0.02458636276423931,True,True,0,0,0,0.10439777374267578,0.0008224133904012025,0.0025881323616230504,0.0756620392203331,0.04824095706577555,0.048121435149076436,19.30700859427452,13.126943345065229,0.11579046447205021,286,False,False,False,False,False,True,False,False,False,False,False,False,False,False,False,False,1,False,gripper_twitch
222,351,1,0,0,1,0,0,0,0,1,0,0,0,106,0.301994301994302,226,240,226,0.6438746438746439,14,0.003951352089643478,0.024629083462059498,0.022810500115156174,True,True,0,33,0,0.07811784744262695,0.0007742638510323643,0.0022061204266961166,0.1441187709569931,0.06617569183391307,0.06610095701069364,17.98041569814086,11.500487626472022,0.055953106231630884,18,False,False,False,False,False,False,False,False,False,False,False,False,False,False,False,False,0,False,
223,372,1,0,0,1,0,0,1,0,1,0,0,0,126,0.3387096774193548,256,270,256,0.6881720430107527,14,0.000864783301949501,0.025295441038906574,0.0228555491194129,True,True,0,32,0,0.07180869579315186,0.000606537789625424,0.0021785283979998066,0.06723705679178238,0.03961752693690874,0.03876900185918359,18.22971519269049,13.334319990310178,0.05180829364091053,148,False,False,False,False,False,True,False,False,False,True,False,False,False,False,False,False,2,False,"gripper_twitch,timing_outlier"
224,362,2,1,0,1,0,0,0,0,1,0,1,0,103,0.2845303867403315,245,258,245,0.6767955801104972,13,0.002853933721780777,0.024825552478432655,0.029211927205324173,True,True,0,31,0,0.11270016431808472,0.0013449628752591918,0.0031983779235134164,0.08675503730773926,0.04201724431883482,0.040373440055717684,22.269601650834375,11.95674902247265,0.2069491004045566,21,False,False,True,False,False,True,False,False,False,False,False,False,False,False,False,False,2,True,"right_post_release_close,gripper_twitch"
225,346,1,0,0,1,0,0,0,0,1,0,0,0,96,0.2774566473988439,230,244,230,0.6647398843930635,14,0.0004873201251029968,0.023429269902408123,0.02158773597329855,True,True,0,34,0,0.10857391357421875,0.0006699948368638276,0.002283669642688428,0.07663286663591862,0.042285532997531516,0.03989049604627431,16.035214998293668,13.488033406538307,0.037713462325084136,391,False,False,False,False,False,False,False,False,False,False,False,False,False,False,False,False,0,False,
226,351,1,0,0,1,0,0,0,0,1,0,0,0,106,0.301994301994302,226,240,226,0.6438746438746439,14,0.003685329109430313,0.023911943659186363,0.025328410789370537,True,True,0,33,0,0.08068668842315674,0.000560396305451073,0.002099783240519173,0.046601613983511925,0.019064246825310695,0.018803186832260857,16.58374086022377,11.428845765592996,0.06225177512261294,206,False,False,False,False,False,False,False,False,False,False,False,False,False,False,False,False,0,False,
227,358,1,0,0,1,0,0,0,0,1,0,0,0,101,0.28212290502793297,235,249,235,0.6564245810055865,14,0.0008908864110708237,0.02249649353325367,0.02285080775618553,True,True,0,31,0,0.0921703577041626,0.0007108647739039709,0.002525530711119311,0.09307361580431461,0.053713980597612676,0.05358657373399521,19.75702352717053,13.897560145909665,0.0902974388445497,317,False,False,False,False,False,False,False,False,False,False,False,False,False,False,False,False,0,False,
228,346,1,0,0,1,0,0,0,0,1,0,0,0,96,0.2774566473988439,230,244,230,0.6647398843930635,14,0.000644732266664505,0.02449869643896818,0.02401637751609087,True,True,0,34,0,0.10857406258583069,0.0006732319094065834,0.0022623143109973833,0.03553938865661621,0.023570900318787294,0.018941296570475486,15.672430786769837,13.459358662352315,0.0868095204096756,348,False,False,False,False,False,False,False,False,False,False,False,False,False,False,False,False,0,False,
229,368,1,0,0,1,0,0,0,0,1,0,0,0,111,0.3016304347826087,240,255,240,0.6521739130434783,15,0.00040040910243988037,0.02157838549464941,0.023773019202053547,True,True,0,33,0,0.12331098318099976,0.0008069237844036902,0.0026280039132276093,0.1268904209136963,0.057111279009760256,0.056434286827894045,22.426924833096564,14.329367358339368,0.049592574428900554,341,False,False,False,False,False,False,False,False,False,False,False,False,False,False,False,False,0,False,
230,351,1,0,0,1,0,0,0,0,1,0,0,0,106,0.301994301994302,226,240,226,0.6438746438746439,14,0.0006215870380401611,0.03542698919773102,0.025330960750579834,True,True,0,33,0,0.08416235446929932,0.0006061569569038688,0.00207129505811745,0.04960255604237318,0.040748247026524714,0.04062676413113921,16.449352603405714,11.413095618132502,0.07054139470733356,319,False,False,False,False,False,False,False,False,False,False,False,False,False,False,False,False,0,False,
231,368,1,0,0,1,0,0,0,0,1,0,0,0,111,0.3016304347826087,240,255,240,0.6521739130434783,15,0.000591205433011055,0.02405414916574955,0.026185739785432816,True,True,0,33,0,0.1233108639717102,0.0009702321903886374,0.0028525122846321995,0.17823565006256104,0.09147840835869847,0.09105728820628872,24.29830882398528,14.314527024849667,0.03829935095623759,195,False,False,False,False,False,False,False,False,False,False,False,False,False,False,False,False,0,False,
232,346,1,0,0,1,0,0,0,0,1,0,0,0,96,0.2774566473988439,230,244,230,0.6647398843930635,14,0.0005863122642040253,0.03265834413468838,0.021911361254751682,True,True,0,34,0,0.10857406258583069,0.000910897974324437,0.002580152186087607,0.05909254960715771,0.051489102214193484,0.04954102361433567,17.189381570904516,13.447158614857472,0.10854726952594454,269,False,False,False,False,False,False,False,False,False,False,False,False,False,False,False,False,0,False,
233,343,1,0,0,1,0,0,0,0,1,0,0,0,100,0.2915451895043732,223,239,223,0.6501457725947521,16,0.0007558055222034454,0.022245876491069794,0.022220876067876816,True,True,0,0,0,0.10438203811645508,0.0007237579972587223,0.00252255922393025,0.0479014627635479,0.030476770282809252,0.030287226830066412,18.242125496268272,13.168842716724612,0.026373021168582762,241,False,False,False,False,False,False,False,False,False,False,False,False,False,False,False,False,0,False,
234,356,1,0,0,1,0,0,0,0,1,0,0,0,89,0.25,231,245,231,0.648876404494382,14,0.00047297030687332153,0.02586698904633522,0.024218790233135223,True,True,0,34,0,0.09867942333221436,0.0006511936440900572,0.002333130701352776,0.05600222386419773,0.026430759635346145,0.022495629837311598,18.096822830004385,14.561361328291241,0.15130095305414468,217,False,False,False,False,False,False,False,False,False,False,False,False,False,False,False,False,0,False,
235,356,1,0,0,1,0,0,0,0,1,0,0,0,89,0.25,231,245,231,0.648876404494382,14,0.0008501950651407242,0.02446729503571987,0.022169973701238632,True,True,0,34,0,0.09158885478973389,0.0006610544565896974,0.0023633139665898907,0.064992256462574,0.04655174239373063,0.044435717916650776,17.939308462460758,14.538332192052621,0.033431763221510126,205,False,False,False,False,False,False,False,False,False,False,False,False,False,False,False,False,0,False,
236,372,1,0,0,1,0,0,0,0,1,0,0,0,126,0.3387096774193548,256,270,256,0.6881720430107527,14,0.0009037796407938004,0.024598061107099056,0.02292561810463667,True,True,0,32,0,0.10687282681465149,0.0008703304718784847,0.002553090067100657,0.06347215175628662,0.03909631694373721,0.038236227103701594,20.33104904089123,13.305190519611642,0.08406740465899856,196,False,False,False,False,False,False,False,False,False,True,False,False,False,False,False,False,1,False,timing_outlier
237,351,1,0,0,1,0,0,0,0,1,0,0,0,106,0.301994301994302,226,240,226,0.6438746438746439,14,0.003880200907588005,0.03326423652470112,0.024712704122066498,True,True,0,33,0,0.11471691727638245,0.001142668427248929,0.002650539894028284,0.1768665313720703,0.07786362296844397,0.07780011638683154,20.553834018472116,11.470189094630769,0.09436817434156285,43,False,False,False,False,False,False,False,False,False,False,False,False,False,False,False,False,0,False,
238,346,1,0,0,1,0,0,0,0,1,0,0,0,96,0.2774566473988439,230,244,230,0.6647398843930635,14,0.0006085075438022614,0.021486708894371986,0.022166159003973007,True,True,0,34,0,0.10857415199279785,0.0007942726973429884,0.002394234962231387,0.12253010272979736,0.05104935414213261,0.049083825566691226,16.382574961098726,13.49965732927376,0.08864860841323796,81,False,False,False,False,False,False,False,False,False,False,False,False,False,False,False,False,0,False,
239,356,1,0,0,1,0,0,0,0,1,0,0,0,89,0.25,231,245,231,0.648876404494382,14,0.0005526170134544373,0.023933554999530315,0.027025070041418076,True,True,0,34,0,0.09451484680175781,0.0007500266234135016,0.002564998417406187,0.12014508247375488,0.046707734949933785,0.044599112222432936,19.44725681917771,14.548953429621179,0.09069199776641829,86,False,False,False,False,False,False,False,False,False,False,False,False,False,False,False,False,0,False,
240,358,1,0,0,1,0,0,0,0,1,0,0,0,101,0.28212290502793297,235,249,235,0.6564245810055865,14,0.0008694063872098923,0.026973693631589413,0.027201805263757706,True,True,0,31,0,0.10998478531837463,0.0008089154198010281,0.002645808883390295,0.04202461242675781,0.010776500972181916,0.010122358722730197,20.574453488574363,13.883188182575395,0.08366791171852994,140,False,False,False,False,False,False,False,False,False,False,False,False,False,False,False,False,0,False,
241,343,1,0,0,1,0,0,0,0,1,0,0,0,100,0.2915451895043732,223,239,223,0.6501457725947521,16,0.000827765092253685,0.022550756111741066,0.022656417451798916,True,True,0,0,0,0.10463953018188477,0.0007265750685156684,0.0025297077529495325,0.041573246009647846,0.030994027622249003,0.030807666747637734,18.249790078261867,13.140569186536595,0.026373021168582762,233,False,False,False,False,False,False,False,False,False,False,False,False,False,False,False,False,0,False,
242,383,1,0,0,1,0,0,0,0,1,0,0,0,125,0.3263707571801567,245,264,245,0.639686684073107,19,0.0025386735796928406,0.024850282818078995,0.027387060225009918,True,True,0,2,0,0.09842026233673096,0.0009783930003964972,0.002587890584448146,0.15746935084462166,0.06900701086036948,0.06824946325958064,21.022752170035915,13.064562975923764,0.31448961077313087,126,False,False,False,False,False,False,False,False,False,False,False,False,False,False,False,False,0,False,
243,358,1,0,0,1,0,0,0,0,1,0,0,0,101,0.28212290502793297,235,249,235,0.6564245810055865,14,0.0013738330453634262,0.025300544686615467,0.023615185171365738,True,True,0,2,0,0.09217041730880737,0.0008551151746843171,0.00263260127801176,0.05636442266404629,0.03500716317041175,0.03481135800493895,20.248843591650257,13.913661176833557,0.030642649757318913,372,False,False,False,False,False,False,False,False,False,False,False,False,False,False,False,False,0,False,
244,346,1,0,0,1,0,0,0,0,1,0,0,0,96,0.2774566473988439,230,244,230,0.6647398843930635,14,0.0004940591752529144,0.022112655453383923,0.02201459463685751,True,True,0,34,0,0.10857415199279785,0.0006560147744406647,0.002239467330554311,0.02843331266194582,0.01638814785437487,0.008470936431667471,15.617113557062112,13.521155874463147,0.08926175254118537,348,False,False,False,False,False,False,False,False,False,False,False,False,False,False,False,False,0,False,
245,372,1,0,0,1,0,0,0,0,1,0,0,0,126,0.3387096774193548,256,270,256,0.6881720430107527,14,0.000756971538066864,0.02888596337288618,0.02574932388961315,True,True,0,0,0,0.07180869579315186,0.0006507452715709663,0.0022367692944107605,0.06763984821736813,0.04098224223106013,0.04016256021278996,19.10161144193262,13.327856542258814,0.10766672797569438,274,False,False,False,False,False,False,False,False,False,True,False,False,False,False,False,False,1,False,timing_outlier
246,356,1,0,0,1,0,0,0,0,1,0,0,0,89,0.25,231,245,231,0.648876404494382,14,0.000904422253370285,0.025157148949801922,0.02412419579923153,True,True,0,34,0,0.0938347578048706,0.0006670019698473332,0.0023875836022347963,0.043452197685837746,0.03242176147321156,0.029302541253306447,18.291127537027933,14.575746023620013,0.056236960104547255,284,False,False,False,False,False,False,False,False,False,False,False,False,False,False,False,False,0,False,
247,372,1,0,0,1,0,0,0,0,1,0,0,0,126,0.3387096774193548,256,270,256,0.6881720430107527,14,0.0009518396109342575,0.025664223358035088,0.02273857779800892,True,True,0,1,0,0.08695745468139648,0.000763478232078542,0.002338074973506518,0.05773993395268917,0.04173159162855735,0.04092692028986995,19.544848117046058,13.348332241359458,0.09309410187647875,148,False,False,False,False,False,False,False,False,False,True,False,False,False,False,False,False,1,False,timing_outlier
248,343,1,0,0,1,0,0,0,0,1,0,0,0,100,0.2915451895043732,223,239,223,0.6501457725947521,16,0.0014347787946462631,0.024309128522872925,0.02644379250705242,True,True,0,0,0,0.10683298110961914,0.0009253744890969074,0.002911381270687366,0.09829628467559814,0.03401010789417195,0.033840360830788827,20.481610673014075,13.219940745853819,0.0776187019320652,215,False,False,False,False,False,False,False,False,False,False,False,False,False,False,False,False,0,False,
249,372,1,0,0,1,0,0,0,0,1,0,0,0,126,0.3387096774193548,256,270,256,0.6881720430107527,14,0.0006643757224082947,0.023450580425560474,0.023070532828569412,True,True,0,32,0,0.11138021945953369,0.0009215604872532333,0.002677540261242186,0.08346021175384521,0.049954457656745804,0.04928422571513426,20.79983555806666,13.342701049703464,0.1277277045289975,236,False,False,False,False,False,False,False,False,False,True,False,False,False,False,False,False,1,False,timing_outlier
250,356,1,0,0,1,0,0,0,0,1,0,0,0,89,0.25,231,245,231,0.648876404494382,14,0.0008647460490465164,0.026710976846516132,0.024107325822114944,True,True,0,31,0,0.09909045696258545,0.0006525602116478915,0.0023587654498495206,0.044367008842527866,0.0325352063402834,0.029428013158905548,17.931173241580836,14.565104863664601,0.03949234919919162,161,False,False,False,False,False,False,False,False,False,False,False,False,False,False,False,False,0,False,
251,346,1,0,0,1,0,0,0,0,1,0,0,0,96,0.2774566473988439,230,244,230,0.6647398843930635,14,0.0007353033870458603,0.023644084110856056,0.02494810987263918,True,True,0,34,0,0.10857400298118591,0.000846182915777466,0.0025464067412046066,0.1211174726486206,0.054536764338211925,0.05270146144476606,17.384977359324694,13.482252851696103,0.06236293843759163,360,False,False,False,False,False,False,False,False,False,False,False,False,False,False,False,False,0,False,
252,383,2,1,0,1,0,0,3,0,1,1,0,0,125,0.3263707571801567,245,264,245,0.639686684073107,19,0.000454070046544075,0.02414608560502529,0.021220624446868896,True,True,0,32,0,0.0970582515001297,0.0009183211094651671,0.002604920184803715,0.06271851994097233,0.038629809805135536,0.03725968186818887,21.084444748856185,12.986474277480738,0.11204616326574332,157,True,False,False,False,False,True,False,False,False,False,False,False,False,False,False,False,2,False,"right_pre_grasp_close,gripper_twitch"
253,372,1,0,0,1,0,0,0,0,1,0,0,0,126,0.3387096774193548,256,270,256,0.6881720430107527,14,0.000462876632809639,0.02150996681302786,0.021324829198420048,True,True,0,32,0,0.07180869579315186,0.0006652958678420735,0.0022779711137902374,0.06486594676971436,0.022147431734192657,0.0205911582234078,18.92270703613758,13.330755369453982,0.1110426880981103,75,False,False,False,False,False,False,False,False,False,True,False,False,False,False,False,False,1,False,timing_outlier
254,356,1,0,0,1,0,0,0,0,1,0,0,0,89,0.25,231,245,231,0.648876404494382,14,0.0007076505571603775,0.029658272862434387,0.02471909299492836,True,True,0,34,0,0.0926429033279419,0.0007041984200531584,0.002459426916478149,0.06811857223510742,0.05007020035836583,0.04802398229559808,18.69310576285352,14.556971369427629,0.14932213445431955,362,False,False,False,False,False,False,False,False,False,False,False,False,False,False,False,False,0,False,
255,368,1,0,0,1,0,0,0,0,1,0,0,0,111,0.3016304347826087,240,255,240,0.6521739130434783,15,0.001235341653227806,0.0237084049731493,0.026539796963334084,True,True,0,33,0,0.1233108639717102,0.0008324712584413859,0.0026607471498313806,0.12472140789031982,0.04818718464908933,0.04738285875765374,22.94205966804293,14.37633969784656,0.03194919823663592,154,False,False,False,False,False,False,False,False,False,False,False,False,False,False,False,False,0,False,
256,372,1,0,0,1,0,0,0,0,1,0,0,0,126,0.3387096774193548,256,270,256,0.6881720430107527,14,0.0018557235598564148,0.025719279423356056,0.021586524322628975,True,True,0,32,0,0.10749408602714539,0.0008625693478903444,0.0025362938721261376,0.08128905296325684,0.04892507284815699,0.04824054122580052,20.362723790628365,13.296641653119877,0.05219466335973127,196,False,False,False,False,False,False,False,False,False,True,False,False,False,False,False,False,1,False,timing_outlier
257,372,1,0,0,1,0,0,0,0,1,0,0,0,126,0.3387096774193548,256,270,256,0.6881720430107527,14,0.000944923609495163,0.029453331604599953,0.026821793988347054,True,True,0,32,0,0.07141107320785522,0.0006037029800051914,0.0021406061589896454,0.04002536926418543,0.034505882411109697,0.03352824161106604,18.109349153004587,13.389041031543456,0.028933603750343574,55,False,False,False,False,False,False,False,False,False,True,False,False,False,False,False,False,1,False,timing_outlier
258,343,1,0,0,1,0,0,0,0,1,0,0,0,100,0.2915451895043732,223,239,223,0.6501457725947521,16,0.0017329324036836624,0.02371501736342907,0.02577893901616335,True,True,0,0,0,0.10699737071990967,0.0008550983088572298,0.002739994330731891,0.048825329169631004,0.02199236743592605,0.02172893940397345,19.55642942589475,13.191898223827593,0.050100366329090394,65,False,False,False,False,False,False,False,False,False,False,False,False,False,False,False,False,0,False,
259,343,1,0,0,1,0,0,0,0,1,0,0,0,100,0.2915451895043732,223,239,223,0.6501457725947521,16,0.0010246075689792633,0.023781035095453262,0.021669507026672363,True,True,0,0,0,0.10801202058792114,0.0009156500850400294,0.002747323357209349,0.09758472442626953,0.04923984187746798,0.04912275043503589,20.110495224204897,13.113481697975658,0.08451390559795953,57,False,False,False,False,False,False,False,False,False,False,False,False,False,False,False,False,0,False,
260,372,1,0,0,1,0,0,0,0,1,0,0,0,126,0.3387096774193548,256,270,256,0.6881720430107527,14,0.00034706108272075653,0.029296633787453175,0.02668369747698307,True,True,0,0,0,0.07180869579315186,0.0005854215648676817,0.0021210564903943103,0.04043302498757839,0.021742946005051642,0.020155464905064382,18.19451623596251,13.407177792578295,0.06577190161711849,203,False,False,False,False,False,False,False,False,False,True,False,False,False,False,False,False,1,False,timing_outlier
261,385,1,0,0,1,0,0,0,0,1,0,0,0,110,0.2857142857142857,264,278,264,0.6857142857142857,14,0.0035208147019147873,0.021730554290115833,0.02340039424598217,True,True,0,31,0,0.12771913409233093,0.0013710791427108597,0.0032150146458873492,0.12672555446624756,0.06354189128177326,0.06332213651759933,24.98431530678863,14.935379141235899,0.060945017031893915,134,False,False,False,False,False,False,False,False,False,False,False,False,False,False,False,False,0,False,
262,343,1,0,0,1,0,0,0,1,1,0,0,0,100,0.2915451895043732,223,239,223,0.6501457725947521,16,0.0012447293847799301,0.027232684195041656,0.0256438460201025,True,True,0,0,0,0.10767465829849243,0.0008887520544584215,0.0027036711772474666,0.08691653236746788,0.050415800063991684,0.05030125162154267,19.423539660754614,13.132753790661809,0.11652962358613259,48,False,False,False,False,False,True,False,False,False,False,False,False,False,False,False,False,1,False,gripper_twitch
263,368,2,0,0,1,0,0,0,0,2,0,0,0,24,0.06521739130434782,240,255,240,0.6521739130434783,15,0.003262728452682495,0.02364387270063162,0.023811151273548603,True,True,0,33,0,0.12331098318099976,0.0010156791326148941,0.0031791431993750405,0.19949370622634888,0.0790630882937001,0.0785754571744877,24.734971770783886,14.331977845708025,0.2433758064640876,285,False,True,False,False,False,False,False,False,False,True,False,False,False,False,False,False,2,True,"right_regrasp,timing_outlier"
264,346,1,0,0,1,0,0,0,0,1,0,0,0,96,0.2774566473988439,230,244,230,0.6647398843930635,14,0.001672474667429924,0.028334250673651695,0.024580026976764202,True,True,0,34,0,0.10800611972808838,0.0007513912456364333,0.0023414576179097268,0.05438016727566719,0.04874752686668423,0.04688878762808417,16.385843482101336,13.469620932241014,0.060908969935156966,104,False,False,False,False,False,False,False,False,False,False,False,False,False,False,False,False,0,False,
265,385,2,0,0,1,0,0,0,0,2,0,0,0,29,0.07532467532467532,264,278,264,0.6857142857142857,14,0.00040413253009319305,0.023572481237351894,0.0209028422832489,True,True,0,31,0,0.10000580549240112,0.0008333189343157319,0.002365723856647895,0.18761808797717094,0.08112774650736726,0.08095574271694647,20.64443647209555,14.920809323251888,0.0715562326558319,312,False,True,False,False,False,False,False,False,False,True,False,False,False,False,False,False,2,True,"right_regrasp,timing_outlier"
266,346,1,0,0,1,0,0,0,0,1,0,0,0,96,0.2774566473988439,230,244,230,0.6647398843930635,14,0.0008089169859886169,0.024446128867566586,0.02417909074574709,True,True,0,34,0,0.10857415199279785,0.0007953948599707697,0.002495975702179713,0.11954760551452637,0.06016207913971562,0.05850351391451547,17.59085440635681,13.461567734586424,0.12855815957273248,322,False,False,False,False,False,False,False,False,False,False,False,False,False,False,False,False,0,False,
267,368,2,1,0,2,1,0,0,0,1,1,0,0,111,0.3016304347826087,240,255,240,0.6521739130434783,15,0.004029110074043274,0.023600551299750805,0.02644821349531412,True,True,0,33,0,0.12587273120880127,0.0016088609713245546,0.00416394171147044,0.18857765197753906,0.08301470366799073,0.08255041831951336,30.5194923130839,14.72851746166998,0.08230731504928768,127,True,False,False,False,False,True,False,False,False,False,False,False,False,False,False,False,2,False,"right_pre_grasp_close,gripper_twitch"
268,356,1,0,0,1,0,0,0,0,1,0,0,0,89,0.25,231,245,231,0.648876404494382,14,0.00020996853709220886,0.03525376133620739,0.024682529270648956,True,True,0,34,0,0.09643340110778809,0.0007271888889422029,0.002468515098716559,0.0692492239177227,0.0455040814152851,0.04333693265939337,18.746978542767465,14.570442822172481,0.06697573863462017,62,False,False,False,False,False,False,False,False,False,False,False,False,False,False,False,False,0,False,
269,346,1,0,0,1,0,0,0,0,1,0,0,0,96,0.2774566473988439,230,244,230,0.6647398843930635,14,0.000987635925412178,0.02661763969808817,0.022347688674926758,True,True,0,34,0,0.10857421159744263,0.0008957880338817062,0.0025257143980888562,0.05870727263391018,0.04559230373102877,0.043380220532344915,17.162827697524335,13.476555962683051,0.04421417130059626,310,False,False,False,False,False,False,False,False,False,False,False,False,False,False,False,False,0,False,
270,358,1,0,0,1,0,0,0,0,1,0,0,0,101,0.28212290502793297,235,249,235,0.6564245810055865,14,0.003358142450451851,0.027503088116645813,0.027049658820033073,True,True,0,31,0,0.11258107423782349,0.0008348969545873397,0.0026774564164471475,0.04858594946563244,0.025608266692592023,0.025339938751052896,20.85811230354011,13.901363872282673,0.10408999866788954,162,False,False,False,False,False,False,False,False,False,False,False,False,False,False,False,False,0,False,
271,356,1,0,0,1,0,0,0,0,1,0,0,0,89,0.25,231,245,231,0.648876404494382,14,0.00034567713737487793,0.021423122845590115,0.02314786985516548,True,True,0,2,0,0.09185552597045898,0.0006950233518231914,0.00241282465991093,0.08061480522155762,0.029821666384076063,0.026396971280793425,18.427706365357153,14.585230081516784,0.09552135828533066,116,False,False,False,False,False,False,False,False,False,False,False,False,False,False,False,False,0,False,
272,385,1,0,0,1,0,0,0,0,1,0,0,0,110,0.2857142857142857,264,278,264,0.6857142857142857,14,0.0023657064884901047,0.027024859562516212,0.022111468017101288,True,True,0,31,0,0.08412587642669678,0.0006291887312690558,0.002172951478034396,0.06184235028922558,0.04412986857394653,0.04381285571430589,19.098940951347785,14.949823298484262,0.06318565622346674,170,False,False,False,False,False,False,False,False,False,False,False,False,False,False,False,False,0,False,
273,346,1,0,0,1,0,0,0,0,1,0,0,0,96,0.2774566473988439,230,244,230,0.6647398843930635,14,0.0007950477302074432,0.024379925802350044,0.02536565624177456,True,True,0,34,0,0.10857415199279785,0.0008147533505484115,0.0025198128057042444,0.12020420283079147,0.06088211590910131,0.05924371199968606,17.123912030016072,13.460326925604022,0.05285817444891562,80,False,False,False,False,False,False,False,False,False,False,False,False,False,False,False,False,0,False,
274,372,1,0,0,1,0,0,0,0,1,0,0,0,126,0.3387096774193548,256,270,256,0.6881720430107527,14,0.0004127826541662216,0.02467898465692997,0.022321591153740883,True,True,0,32,0,0.07180869579315186,0.0006309506871593299,0.0022222276629920283,0.05865100212395191,0.03225781129001715,0.031209829441748774,18.772342613898218,13.413772322652221,0.10766672797569438,245,False,False,False,False,False,False,False,False,False,True,False,False,False,False,False,False,1,False,timing_outlier
275,368,1,0,0,1,0,0,0,2,1,0,0,0,111,0.3016304347826087,240,255,240,0.6521739130434783,15,0.00040471553802490234,0.02086705807596445,0.023181390017271042,True,True,0,33,0,0.10035109519958496,0.0011035067113117924,0.0034806156484649773,0.2011757791042328,0.0824986677692708,0.08203146178965028,25.82269602175802,16.06231248920085,0.6162774252427721,285,False,False,False,False,False,True,False,False,False,False,False,False,False,False,False,False,1,False,gripper_twitch
276,343,1,0,0,1,0,0,0,0,1,0,0,0,100,0.2915451895043732,223,239,223,0.6501457725947521,16,0.0006349477916955948,0.02257312647998333,0.02289465069770813,True,True,0,0,0,0.1080467700958252,0.0008866457743687237,0.0026519428840034065,0.03924278821796179,0.03149982518267182,0.031316474398048945,19.132417468819767,13.153128872043453,0.059245082894611355,15,False,False,False,False,False,False,False,False,False,False,False,False,False,False,False,False,0,False,
277,351,2,0,0,1,0,0,0,0,2,0,0,0,39,0.1111111111111111,226,240,226,0.6438746438746439,14,0.0013982709497213364,0.023765592835843563,0.02608669549226761,True,True,0,33,0,0.07989001274108887,0.0006177588634415568,0.002187136238031153,0.09009337425231934,0.02926735401043135,0.029097978259742564,17.100515950471163,11.483227552671451,0.17504600203435883,218,False,True,False,False,False,False,False,False,False,True,False,False,False,False,False,False,2,True,"right_regrasp,timing_outlier"
278,372,1,0,0,1,0,0,0,0,1,0,0,0,126,0.3387096774193548,256,270,256,0.6881720430107527,14,0.0006426535546779633,0.026928585022687912,0.022354193963110447,True,True,0,32,0,0.10921472311019897,0.000986794277685362,0.002639737621123414,0.15648707374930382,0.07264133677456719,0.07218206753035533,21.71062509990117,13.352071765890287,0.23494653160141193,389,False,False,False,False,False,False,False,False,False,True,False,False,False,False,False,False,1,False,timing_outlier
279,368,3,0,0,1,0,0,0,0,3,0,0,0,29,0.07880434782608696,240,255,240,0.6521739130434783,15,0.00029704906046390533,0.02148488722741604,0.024852276779711246,True,True,0,0,0,0.1638394370675087,0.001803721871082169,0.0043394168530401876,0.19164424389600754,0.08754047512833925,0.08710031759607835,34.73011502553709,15.656082030502148,0.3029551968956333,96,False,True,False,False,False,False,False,False,False,True,False,False,True,False,False,False,3,True,"right_regrasp,timing_outlier,action_spike"
280,356,2,0,0,1,0,0,0,0,2,0,0,0,30,0.08426966292134831,231,245,231,0.648876404494382,14,0.0006401222199201584,0.023615687154233456,0.025877276435494423,True,True,0,34,0,0.09934580326080322,0.0008486277817127207,0.002696428060459329,0.18246960639953613,0.07931150089481322,0.07808829925836429,20.682876271079294,14.542478226416279,0.0447198297706039,132,False,True,False,False,False,False,False,False,False,True,False,False,False,False,False,False,2,True,"right_regrasp,timing_outlier"
281,351,1,0,0,1,0,0,0,0,1,0,0,0,106,0.301994301994302,226,240,226,0.6438746438746439,14,0.00419832207262516,0.029019847512245178,0.02416372485458851,True,True,0,33,0,0.07958221435546875,0.0004964278836397671,0.0018610396265080918,0.03053924860432744,0.01876638874651654,0.018501126306739325,15.748767935088836,11.465024023375008,0.10471988884187464,319,False,False,False,False,False,False,False,False,False,False,False,False,False,False,False,False,0,False,
282,368,1,0,0,1,0,0,0,0,1,0,0,0,111,0.3016304347826087,240,255,240,0.6521739130434783,15,0.00027115270495414734,0.021403532475233078,0.02433328703045845,True,True,0,2,0,0.12331098318099976,0.0007654039306860401,0.002541936789423667,0.098319411277771,0.036226887552976664,0.03514993487075544,21.570215396990534,14.419470814158558,0.04004552005479568,346,False,False,False,False,False,False,False,False,False,False,False,False,False,False,False,False,0,False,
283,356,1,0,0,1,0,0,0,0,1,0,0,0,89,0.25,231,245,231,0.648876404494382,14,0.0044602565467357635,0.02579624578356743,0.024086596444249153,True,True,0,34,0,0.10687911510467529,0.0012174153419293853,0.0031837153589794375,0.1158750057220459,0.05846130597734065,0.0567907792115247,21.77488531451627,14.664638595480938,0.3572068185166602,142,False,False,False,False,False,False,False,False,False,False,False,False,False,False,False,False,0,False,
284,356,1,0,0,1,0,0,0,0,1,0,0,0,89,0.25,231,245,231,0.648876404494382,14,0.0007810406386852264,0.027519458904862404,0.025400109589099884,True,True,0,2,0,0.09251666069030762,0.0006687437909818075,0.002381958960104494,0.05688834190368652,0.030997220301977588,0.027718152415434048,18.206791510951007,14.5616450526868,0.056236960104547255,246,False,False,False,False,False,False,False,False,False,False,False,False,False,False,False,False,0,False,
285,368,2,1,0,1,0,0,0,0,1,1,0,0,111,0.3016304347826087,240,255,240,0.6521739130434783,15,0.0010126475244760513,0.02391024585813284,0.022079800255596638,True,True,0,33,0,0.1233108639717102,0.0009348122047156959,0.0028643684905653257,0.17128575593233109,0.06768248332958382,0.06711221266879618,24.017251901794225,14.345944174667238,0.2433758064640876,263,True,False,False,False,False,True,False,False,False,False,False,False,False,False,False,False,2,False,"right_pre_grasp_close,gripper_twitch"
286,343,1,0,0,1,0,0,0,0,1,0,0,0,100,0.2915451895043732,223,239,223,0.6501457725947521,16,0.0005062799900770187,0.025301994755864143,0.024263164028525352,True,True,0,0,0,0.10426521301269531,0.0008471074276551207,0.0026143199484594854,0.10292921960353851,0.04959940555530658,0.04948316495157263,20.298781763296574,13.118712286814116,0.04185902034012968,3,False,False,False,False,False,False,False,False,False,False,False,False,False,False,False,False,0,False,
287,346,1,0,0,1,0,0,0,0,1,0,0,0,96,0.2774566473988439,230,244,230,0.6647398843930635,14,0.0007868688553571701,0.024524202570319176,0.022451601922512054,True,True,0,34,0,0.10857415199279785,0.0006612082161810677,0.0021883565120079307,0.028849806170910597,0.022948261690743845,0.018160619167841195,15.397578142466955,13.47440487703716,0.032474275168806806,348,False,False,False,False,False,False,False,False,False,False,False,False,False,False,False,False,0,False,
288,351,1,0,0,1,0,0,0,0,1,0,0,0,106,0.301994301994302,226,240,226,0.6438746438746439,14,0.0027103200554847717,0.025611507706344128,0.022095095366239548,True,True,0,33,0,0.06879019737243652,0.0005226764853725733,0.0018979795624033372,0.059959398582577705,0.035512673078903524,0.03537321412087992,15.789222260471433,11.515676071692724,0.10637328560011874,83,False,False,False,False,False,False,False,False,False,False,False,False,False,False,False,False,0,False,
289,343,1,0,0,1,0,0,0,0,1,0,0,0,100,0.2915451895043732,223,239,223,0.6501457725947521,16,0.0026534833014011383,0.024403054267168045,0.02406916581094265,True,True,0,0,0,0.11840008199214935,0.001920188944375452,0.003935589388317602,0.1790478229522705,0.08142341225035017,0.08135265603946341,24.143261499507844,13.170118060806999,0.05712106589470271,105,False,False,False,False,False,False,False,False,False,False,False,False,False,False,False,False,0,False,
290,351,1,0,0,1,0,0,0,0,1,0,0,0,106,0.301994301994302,226,240,226,0.6438746438746439,14,0.0006002821028232574,0.024429552257061005,0.025146041065454483,True,True,0,33,0,0.07300126552581787,0.0004965513545738452,0.00194019612710653,0.021818876266479492,0.012224529459739765,0.011813274251645247,16.112614857032895,11.526144930918235,0.09101487176248677,344,False,False,False,False,False,False,False,False,False,False,False,False,False,False,False,False,0,False,
291,385,1,0,0,2,1,0,0,0,1,0,0,0,110,0.2857142857142857,264,278,264,0.6857142857142857,14,0.004732392728328705,0.024184776470065117,0.024944176897406578,True,True,0,31,0,0.12439727783203125,0.0014868418049432163,0.003645268418297033,0.19410228729248047,0.08836161685496857,0.08820372077590072,27.8888259449418,15.723398151421861,0.08611487685297277,14,False,False,False,False,False,True,False,False,False,False,False,False,False,False,False,False,1,False,gripper_twitch
292,368,1,0,0,1,0,0,0,2,1,0,0,0,111,0.3016304347826087,240,255,240,0.6521739130434783,15,0.014536958187818527,0.024219821207225323,0.023238892666995525,True,True,0,33,0,0.12605731189250946,0.0018110990770837077,0.0042768525482278575,0.15183543041348457,0.072852566455216,0.0723230736262916,29.906010521219287,14.309388442183263,0.410920677508143,60,False,False,False,False,False,True,True,False,False,False,False,False,False,False,False,False,2,False,"gripper_twitch,hold_slip"
293,385,1,0,0,2,1,0,0,1,1,0,0,0,110,0.2857142857142857,264,278,264,0.6857142857142857,14,0.0012712962925434113,0.025287745520472527,0.022885026410222054,True,True,0,31,0,0.09322404861450195,0.0008963688953834531,0.00271415097675607,0.20157209038734436,0.08150819126157313,0.08133699200377391,21.640282813459635,15.234936778149859,0.23127817988299038,339,False,False,False,False,False,True,False,False,False,False,False,False,False,False,False,False,1,False,gripper_twitch
294,356,1,0,0,1,0,0,0,0,1,0,0,0,89,0.25,231,245,231,0.648876404494382,14,0.0017610397189855576,0.024242631159722805,0.028235511854290962,True,True,0,34,0,0.09185492992401123,0.0008320192147123774,0.002671561177694036,0.16603605449199677,0.07822752292453504,0.07698710054148393,19.930929492227733,14.626419741951395,0.14715251536907184,11,False,False,False,False,False,False,False,False,False,False,False,False,False,False,False,False,0,False,
295,368,1,0,0,1,0,0,0,1,1,0,0,0,111,0.3016304347826087,240,255,240,0.6521739130434783,15,0.01105840690433979,0.02450978010892868,0.02485979814082384,True,True,0,0,0,0.16201519221067429,0.0016140285993452275,0.004026244013355684,0.1346912384033203,0.05865786545264029,0.05799892860305598,32.65676014027122,14.532209965502261,0.11629564696485054,96,False,False,False,False,False,True,True,False,False,False,False,False,True,False,False,False,3,False,"gripper_twitch,hold_slip,action_spike"
296,383,1,0,0,1,0,0,0,0,1,0,0,0,125,0.3263707571801567,245,264,245,0.639686684073107,19,0.0032648947089910507,0.020816218107938766,0.021106667816638947,True,True,0,32,0,0.11395589634776115,0.001274128911838968,0.0029720864715660537,0.1584479808807373,0.07025843403517062,0.06951452539154762,22.357767096385942,13.065173134935321,0.11975906006554526,7,False,False,False,False,False,False,False,False,False,False,False,False,False,False,False,False,0,False,
297,351,1,0,0,1,0,0,0,0,1,0,0,0,106,0.301994301994302,226,240,226,0.6438746438746439,14,0.00025942549109458923,0.03556584380567074,0.024648811668157578,True,True,0,33,0,0.1140785813331604,0.0009996375673094367,0.002466603467718664,0.17806577682495117,0.07713435675701602,0.07707024925580014,19.981259715394117,11.483638316683937,0.08798142540038159,107,False,False,False,False,False,False,False,False,False,False,False,False,False,False,False,False,0,False,
298,356,2,0,1,1,0,0,0,0,1,1,0,0,89,0.25,231,245,231,0.648876404494382,14,0.0006689503788948059,0.02364987414330244,0.02591582201421261,True,True,0,34,0,0.09790748357772827,0.0008582934914791121,0.0027810309620921107,0.1784120798110962,0.0783806753537967,0.0771427156366249,21.202067183330655,14.539088944264222,0.2724974800100545,321,True,False,False,False,False,False,False,False,False,False,False,False,False,False,False,False,1,False,right_pre_grasp_close
299,383,1,0,0,1,0,0,0,0,1,0,0,0,125,0.3263707571801567,245,264,245,0.639686684073107,19,0.001003531739115715,0.02485668659210205,0.021785893477499485,True,True,0,32,0,0.0982624888420105,0.0008527603332961336,0.002486743864916071,0.086945915594697,0.0416669620680857,0.04039996801138572,20.240492179058492,13.04548688189243,0.21761710880971555,126,False,False,False,False,False,False,False,False,False,False,False,False,False,False,False,False,0,False,
300,362,1,0,0,1,0,0,0,0,1,0,0,0,103,0.2845303867403315,245,258,245,0.6767955801104972,13,0.0006345082074403763,0.025700639933347702,0.025226978585124016,True,True,0,32,0,0.10487240552902222,0.0006907829165170142,0.002283590836851852,0.08920838870108128,0.03853923480949852,0.03674014781523932,18.638282716559843,11.92284133285284,0.05385383650175918,193,False,False,False,False,False,False,False,False,False,False,False,False,False,False,False,False,0,False,
301,346,1,0,0,1,0,0,0,0,1,0,0,0,96,0.2774566473988439,230,244,230,0.6647398843930635,14,0.0007593166083097458,0.023694477044045925,0.024789820425212383,True,True,0,34,0,0.10857394337654114,0.0008449310450205461,0.002530566012204981,0.13137614727020264,0.0546949891669268,0.05286517959775356,17.02147576760035,13.479970294734812,0.09025912009355166,9,False,False,False,False,False,False,False,False,False,False,False,False,False,False,False,False,0,False,
302,351,1,0,0,1,0,0,0,0,1,0,0,0,106,0.301994301994302,226,240,226,0.6438746438746439,14,0.003953844308853149,0.028787635266780853,0.024118416011333466,True,True,0,33,0,0.07935905456542969,0.0006352622142319276,0.002053654770200837,0.09935483895242214,0.053176821581582503,0.05308378925389556,17.00393127463758,11.445017314807046,0.02927268211453972,399,False,False,False,False,False,False,False,False,False,False,False,False,False,False,False,False,0,False,
303,346,1,0,0,1,0,0,0,0,1,0,0,0,96,0.2774566473988439,230,244,230,0.6647398843930635,14,0.00037779659032821655,0.03521205298602581,0.024092410691082478,True,True,0,34,0,0.1085740327835083,0.0009000407410266384,0.0025012533251318556,0.10342749767005444,0.055994331922288025,0.05420839954615764,17.02969615056645,13.425380874294206,0.06283544269206406,53,False,False,False,False,False,False,False,False,False,False,False,False,False,False,False,False,0,False,
304,343,1,0,0,1,0,0,0,0,1,0,0,0,100,0.2915451895043732,223,239,223,0.6501457725947521,16,0.0012250486761331558,0.02474282681941986,0.021454266272485256,True,True,0,0,0,0.10572528839111328,0.0009097877955759098,0.0027146606047621395,0.11719980463385582,0.05983926817238332,0.05974295437615365,20.361911482730648,13.129167532664724,0.03719580250404947,172,False,False,False,False,False,False,False,False,False,False,False,False,False,False,False,False,0,False,
305,343,1,0,0,1,0,0,0,0,1,0,0,0,100,0.2915451895043732,223,239,223,0.6501457725947521,16,0.0011467784643173218,0.027074100449681282,0.024132151156663895,True,True,0,0,0,0.10452747344970703,0.0010086874395343456,0.0028783500479846592,0.1368619203567505,0.0676904104436287,0.06760528269456231,21.17524140135083,13.090416607796215,0.12226048475661572,145,False,False,False,False,False,False,False,False,False,False,False,False,False,False,False,False,0,False,
306,346,1,0,0,1,0,0,0,0,1,0,0,0,96,0.2774566473988439,230,244,230,0.6647398843930635,14,0.00033927150070667267,0.021411210298538208,0.021811860613524914,True,True,0,34,0,0.10857406258583069,0.0007575646379212127,0.0024020733478859516,0.09222006797790527,0.042543183293963734,0.04016351352554075,16.35037282644771,13.511124212280265,0.06786028031276974,9,False,False,False,False,False,False,False,False,False,False,False,False,False,False,False,False,0,False,
307,368,1,0,0,1,0,0,0,0,1,0,0,0,111,0.3016304347826087,240,255,240,0.6521739130434783,15,0.0012236535549163818,0.029674037359654903,0.021629225462675095,True,True,0,33,0,0.12331098318099976,0.0008433263825998119,0.002659697047865251,0.057207219302654266,0.045662076564009946,0.0448124511244346,21.707193231472047,14.234194391043275,0.14091952067860172,174,False,False,False,False,False,False,False,False,False,False,False,False,False,False,False,False,0,False,
308,368,1,0,0,1,0,0,0,0,1,0,0,0,111,0.3016304347826087,240,255,240,0.6521739130434783,15,0.0010908916592597961,0.02438249345868826,0.02601517830044031,True,True,0,1,0,0.12331080436706543,0.0007880226539564531,0.0026351294362145995,0.12180674076080322,0.05232389334973056,0.05158410951946647,21.769742279779166,14.294460916062235,0.10698999409449518,197,False,False,False,False,False,False,False,False,False,False,False,False,False,False,False,False,0,False,
309,346,1,0,0,1,0,0,0,0,1,0,0,0,96,0.2774566473988439,230,244,230,0.6647398843930635,14,0.0006771944463253021,0.02565394714474678,0.023152359761297703,True,True,0,34,0,0.10857412219047546,0.0006955965814993488,0.0022664483028378484,0.04426923207938671,0.04482101639803657,0.04256887225292165,15.949487321311608,13.519678855300299,0.06139509466645813,35,False,False,False,False,False,False,False,False,False,False,False,False,False,False,False,False,0,False,
310,346,1,0,0,1,0,0,0,0,1,0,0,0,96,0.2774566473988439,230,244,230,0.6647398843930635,14,0.0011163502931594849,0.02722474653273821,0.02131395973265171,True,True,0,34,0,0.10857412219047546,0.0008698933039682933,0.002479216612635837,0.05743238516151905,0.046092325844275354,0.04390544243789548,17.07685006693646,13.454607836189098,0.025204471843734897,220,False,False,False,False,False,False,False,False,False,False,False,False,False,False,False,False,0,False,
311,372,1,0,0,1,0,0,0,0,1,0,0,0,126,0.3387096774193548,256,270,256,0.6881720430107527,14,0.0005862154066562653,0.024511180818080902,0.02424467634409666,True,True,0,32,0,0.07180869579315186,0.0006421620026564881,0.00232623739171405,0.04940486513078213,0.03290698388366855,0.03188034900813842,18.95167369581759,13.388094160422042,0.05385731408683223,95,False,False,False,False,False,False,False,False,False,True,False,False,False,False,False,False,1,False,timing_outlier
312,385,2,0,0,1,0,0,0,0,2,0,0,0,28,0.07272727272727272,264,278,264,0.6857142857142857,14,0.0004994310438632965,0.02358083799481392,0.021064894273877144,True,True,0,31,0,0.0854441225528717,0.0008062745307161643,0.002292070912998175,0.16511625796556473,0.06959681055899654,0.0693962323579144,19.56533606594894,14.935173314232088,0.0715562326558319,265,False,True,False,False,False,False,False,False,False,True,False,False,False,False,False,False,2,True,"right_regrasp,timing_outlier"
313,372,1,0,0,1,0,0,0,0,1,0,0,0,126,0.3387096774193548,256,270,256,0.6881720430107527,14,0.0005777813494205475,0.021643162705004215,0.02140477765351534,True,True,0,32,0,0.07180869579315186,0.0006584168700822742,0.002289514223676834,0.052613748237490654,0.03406091448861334,0.033070121867953876,19.024562233127654,13.30099458591576,0.12636150507728877,253,False,False,False,False,False,False,False,False,False,True,False,False,False,False,False,False,1,False,timing_outlier
314,368,1,0,0,1,0,0,0,0,1,0,0,0,111,0.3016304347826087,240,255,240,0.6521739130434783,15,0.004032367840409279,0.024897200986742973,0.027234761975705624,True,True,0,4,0,0.12329930067062378,0.0016670208705888605,0.003515857398960579,0.05424630641937256,0.017869164492725707,0.015570407165852238,24.74143624689168,14.427744465749129,0.10244845716429654,4,False,False,False,False,False,False,False,False,False,False,False,False,False,False,False,False,0,False,
315,346,1,0,0,1,0,0,0,0,1,0,0,0,96,0.2774566473988439,230,244,230,0.6647398843930635,14,0.001249382272362709,0.0318236593157053,0.024237525649368763,True,True,0,34,0,0.1085740327835083,0.0007443801917594882,0.0022819409140572375,0.05554731283336878,0.03649177280217037,0.03368731001694437,15.89031164482003,13.448230701484135,0.08767523679221283,287,False,False,False,False,False,False,False,False,False,False,False,False,False,False,False,False,0,False,
316,368,1,0,0,2,1,0,0,0,1,0,0,0,111,0.3016304347826087,240,255,240,0.6521739130434783,15,0.004423340782523155,0.02175805624574423,0.0245211198925972,True,True,0,33,0,0.1255868375301361,0.0016354281805675938,0.004166710802289201,0.18112912774085999,0.08583908181446158,0.08539015462213523,29.477450548074557,14.441633884911425,0.20974508950620546,44,False,False,False,False,False,True,False,False,False,False,False,False,False,False,False,False,1,False,gripper_twitch
317,358,1,0,0,1,0,0,0,0,1,0,0,0,101,0.28212290502793297,235,249,235,0.6564245810055865,14,0.0012210216373205185,0.02311103418469429,0.02333184890449047,True,True,0,31,0,0.0921703577041626,0.0007262380107636347,0.0025616312515575053,0.06875774636864662,0.0537135799413721,0.053586172125151516,19.944322102237493,13.919306061667157,0.0902974388445497,227,False,False,False,False,False,False,False,False,False,False,False,False,False,False,False,False,0,False,
318,356,1,0,0,1,0,0,0,0,1,0,0,0,89,0.25,231,245,231,0.648876404494382,14,0.0010177455842494965,0.025200472213327885,0.02657984010875225,True,True,0,34,0,0.09196746349334717,0.0006385658310962823,0.0023690617030364997,0.042490383610129356,0.03439786489542577,0.03147509199732171,18.307257996173576,14.561448557593394,0.08839082228285568,116,False,False,False,False,False,False,False,False,False,False,False,False,False,False,False,False,0,False,
319,351,1,0,0,1,0,0,0,0,1,0,0,0,106,0.301994301994302,226,240,226,0.6438746438746439,14,0.0008499026298522949,0.03462529741227627,0.024650240316987038,True,True,0,33,0,0.08354592323303223,0.000587991407054578,0.0020582125125842214,0.0461408756673336,0.029290795213708174,0.029121555801226155,16.43328513141023,11.465016618632944,0.06181799690108843,394,False,False,False,False,False,False,False,False,False,False,False,False,False,False,False,False,0,False,
320,343,1,0,0,1,0,0,0,0,1,0,0,0,100,0.2915451895043732,223,239,223,0.6501457725947521,16,0.007707403972744942,0.0211473535746336,0.02124347072094679,True,True,0,0,0,0.10749365389347076,0.0016633917704191917,0.003630929272248787,0.17970240116119385,0.07744858635182862,0.07737419537598711,23.019296516281656,13.162207919289358,0.10175225714552921,109,False,False,False,False,False,False,True,False,False,False,False,False,False,False,False,False,1,False,hold_slip
321,356,2,0,0,1,0,0,0,0,2,0,0,0,29,0.08146067415730338,231,245,231,0.648876404494382,14,0.001605641096830368,0.024403694085776806,0.027778740972280502,True,True,0,34,0,0.09242630004882812,0.0008521981881618555,0.0027102628144802104,0.18096338957548141,0.07903900950072676,0.07781152440179974,20.509000667370856,14.584660066175275,0.272497480010048,298,False,True,False,False,False,False,False,False,False,True,False,False,False,False,False,False,2,True,"right_regrasp,timing_outlier"
322,346,1,0,0,1,0,0,0,0,1,0,0,0,96,0.2774566473988439,230,244,230,0.6647398843930635,14,0.0005015097558498383,0.023859567008912563,0.024866357445716858,True,True,0,34,0,0.10857412219047546,0.0008877527694381909,0.002629707984296736,0.1347193717956543,0.0642400580458943,0.06268947624340444,18.557248966768384,13.49053968860244,0.12855815957273248,266,False,False,False,False,False,False,False,False,False,False,False,False,False,False,False,False,0,False,
323,356,1,0,0,1,0,0,0,0,1,0,0,0,89,0.25,231,245,231,0.648876404494382,14,0.0006774608045816422,0.028758271597325802,0.02461325004696846,True,True,0,34,0,0.09475910663604736,0.0006368938766408521,0.0023242398346578546,0.041176035068929195,0.0345419997646843,0.031632547393773885,17.745263437667745,14.539874429116026,0.04133439610312508,250,False,False,False,False,False,False,False,False,False,False,False,False,False,False,False,False,0,False,
324,356,2,1,0,1,0,0,0,0,1,1,0,0,89,0.25,231,245,231,0.648876404494382,14,0.0012053139507770538,0.024733463302254677,0.027563584968447685,True,True,0,34,0,0.09197258949279785,0.0007669359517209067,0.002565988617947043,0.1289920061826706,0.05737247255294816,0.055669281598694005,19.235131627880037,14.550310773134697,0.1433723280902427,118,True,False,False,False,False,True,False,False,False,False,False,False,False,False,False,False,2,False,"right_pre_grasp_close,gripper_twitch"
325,343,1,0,0,1,0,0,0,0,1,0,0,0,100,0.2915451895043732,223,239,223,0.6501457725947521,16,0.0012589842081069946,0.024258460849523544,0.02536444365978241,True,True,0,0,0,0.10792392492294312,0.000901823618791804,0.002756506769664207,0.05038679763674736,0.015155543557440192,0.01477068321731383,19.64775733521674,13.178569149808027,0.019210865337213265,342,False,False,False,False,False,False,False,False,False,False,False,False,False,False,False,False,0,False,
326,368,1,0,0,1,0,0,0,0,1,0,0,0,111,0.3016304347826087,240,255,240,0.6521739130434783,15,0.0005292128771543503,0.021700291894376278,0.023343180306255817,True,True,0,33,0,0.12331080436706543,0.0007737599541759123,0.002568442508019515,0.10252726078033447,0.03921486986271412,0.03822219980576652,21.682830514968373,14.31015086323896,0.0774945873636704,346,False,False,False,False,False,False,False,False,False,False,False,False,False,False,False,False,0,False,
327,343,1,0,0,1,0,0,0,0,1,0,0,0,100,0.2915451895043732,223,239,223,0.6501457725947521,16,0.0012552812695503235,0.024692190811038017,0.025913074612617493,True,True,0,0,0,0.10533499717712402,0.0007398716080872922,0.0025560504596818094,0.06768143177032471,0.025823859560087026,0.025599888764677625,18.93502243841067,13.200924326083623,0.10356865618678944,215,False,False,False,False,False,False,False,False,False,False,False,False,False,False,False,False,0,False,
328,351,1,0,0,1,0,0,0,0,1,0,0,0,106,0.301994301994302,226,240,226,0.6438746438746439,14,0.005419565364718437,0.02455065306276083,0.025264635682106018,True,True,0,33,0,0.07738816738128662,0.0005688683256676994,0.0020773868764626968,0.07724427804350853,0.03131708245120585,0.031158850769695667,16.471252744086087,11.421091541007627,0.12116349927019629,167,False,False,False,False,False,False,True,False,False,False,False,False,False,False,False,False,1,False,hold_slip
329,362,1,0,0,1,0,0,0,0,1,0,0,0,103,0.2845303867403315,245,258,245,0.6767955801104972,13,0.0007948111742734909,0.02636566013097763,0.025315165519714355,True,True,0,32,0,0.10492098331451416,0.0007318648300972408,0.002344162231839468,0.0641731470823288,0.03723209392341755,0.03536657545912748,19.11355877470396,11.932983484934084,0.15568390603489554,13,False,False,False,False,False,False,False,False,False,False,False,False,False,False,False,False,0,False,
330,351,1,0,0,1,0,0,0,0,1,0,0,0,106,0.301994301994302,226,240,226,0.6438746438746439,14,0.002572275698184967,0.02862983290106058,0.023207886144518852,True,True,0,33,0,0.11435866355895996,0.0012027310061285652,0.002636812490884634,0.1834791898727417,0.08349309674498905,0.08343387520726002,20.83817629236728,11.505082326562842,0.04581204983383007,158,False,False,False,False,False,False,False,False,False,False,False,False,False,False,False,False,0,False,
331,343,1,0,0,1,0,0,0,0,1,0,0,0,100,0.2915451895043732,223,239,223,0.6501457725947521,16,0.005556510761380196,0.020745685324072838,0.021395991556346416,True,True,0,0,0,0.11706223338842392,0.001675864618758267,0.0036087104258821943,0.14944922924041748,0.06795008792562057,0.0678652859073351,22.89417266874557,13.1737460315926,0.05117134092409659,216,False,False,False,False,False,False,True,False,False,False,False,False,False,False,False,False,1,False,hold_slip
332,372,1,0,0,1,0,0,0,0,1,0,0,0,126,0.3387096774193548,256,270,256,0.6881720430107527,14,0.000330854207277298,0.028786977753043175,0.024567823857069016,True,True,0,32,0,0.07180869579315186,0.0006527909736598625,0.002211874901948104,0.0580897331237793,0.03742802207626139,0.03652867231507054,18.673994296230376,13.301860290295735,0.05337448734915521,396,False,False,False,False,False,False,False,False,False,True,False,False,False,False,False,False,1,False,timing_outlier
333,358,1,0,0,1,0,0,0,0,1,0,0,0,101,0.28212290502793297,235,249,235,0.6564245810055865,14,0.0018275212496519089,0.02378861792385578,0.027233107015490532,True,True,0,31,0,0.11148881912231445,0.0017148218484708897,0.0036980577816981765,0.12237286567687988,0.043686283718562695,0.04352953661649697,24.697026808553346,13.920527482550824,0.18517996719121121,85,False,False,False,False,False,False,False,False,False,False,False,False,False,False,False,False,0,False,
334,346,1,0,0,1,0,0,0,0,1,0,0,0,96,0.2774566473988439,230,244,230,0.6647398843930635,14,0.0005086604505777359,0.025790978223085403,0.02487250231206417,True,True,0,34,0,0.10857400298118591,0.0006705508099169655,0.0022207611222255998,0.03492927737534046,0.035956206883337866,0.033106407044103905,15.565683932189131,13.482824926133617,0.04794702292567296,100,False,False,False,False,False,False,False,False,False,False,False,False,False,False,False,False,0,False,
335,368,1,0,0,1,0,0,0,0,1,0,0,0,111,0.3016304347826087,240,255,240,0.6521739130434783,15,0.0005442462861537933,0.02406634483486414,0.026714266277849674,True,True,0,33,0,0.12331092357635498,0.0008794413772383596,0.002739081734635681,0.1041259765625,0.0587960619705068,0.05813869144452779,23.451579315238632,14.359824413768365,0.06839551636553845,368,False,False,False,False,False,False,False,False,False,False,False,False,False,False,False,False,0,False,
336,346,1,0,0,1,0,0,0,0,1,0,0,0,96,0.2774566473988439,230,244,230,0.6647398843930635,14,0.004085933789610863,0.02517361007630825,0.02607201784849167,True,True,0,34,0,0.11757543683052063,0.0013519704879352348,0.003337227573413445,0.11475968174636364,0.057918060663545934,0.05619330142426841,19.96384131133641,13.599950569725479,0.1947252305954512,84,False,False,False,False,False,False,False,False,False,False,False,False,False,False,False,False,0,False,
337,372,1,0,0,1,0,0,0,0,1,0,0,0,126,0.3387096774193548,256,270,256,0.6881720430107527,14,0.00039339251816272736,0.021586202085018158,0.02128548175096512,True,True,0,32,0,0.0732526183128357,0.0007313471773849668,0.002386438698000497,0.10362589359283447,0.04856384136688469,0.04787414493093983,19.657923775725067,13.34578107175912,0.05837997316805411,175,False,False,False,False,False,False,False,False,False,True,False,False,False,False,False,False,1,False,timing_outlier
338,346,1,0,0,1,0,0,0,0,1,0,0,0,96,0.2774566473988439,230,244,230,0.6647398843930635,14,0.0009068790823221207,0.023652520030736923,0.02498454973101616,True,True,0,34,0,0.10857409238815308,0.0007884063748489426,0.0024194514891012955,0.08129525184631348,0.029009059854044318,0.02539115845226494,16.555852265679277,13.474330975892371,0.09234588302343269,76,False,False,False,False,False,False,False,False,False,False,False,False,False,False,False,False,0,False,
339,385,1,0,0,1,0,0,0,0,1,0,0,0,110,0.2857142857142857,264,278,264,0.6857142857142857,14,0.0010133571922779083,0.025860506109893322,0.021411919966340065,True,True,0,31,0,0.08483874797821045,0.0007585854137387958,0.0023431710233955036,0.1661762334406376,0.06664366029865258,0.06643416653718925,20.700356083922088,14.915480257295712,0.23127817988299038,293,False,False,False,False,False,False,False,False,False,False,False,False,False,False,False,False,0,False,
340,383,1,0,0,1,0,0,0,0,1,0,0,0,125,0.3263707571801567,245,264,245,0.639686684073107,19,0.002446318045258522,0.02591761201620102,0.024297703057527542,True,True,0,32,0,0.09702414274215698,0.0006410126201510576,0.0022195364034671935,0.0437941113486886,0.026386119537049786,0.024336166328351255,18.902993225492537,13.047999872389482,0.1480546013378622,373,False,False,False,False,False,False,False,False,False,False,False,False,False,False,False,False,0,False,
341,368,1,0,0,1,0,0,0,0,1,0,0,0,111,0.3016304347826087,240,255,240,0.6521739130434783,15,0.0003753434866666794,0.021530267782509327,0.02396292332559824,True,True,0,33,0,0.12331092357635498,0.0007719055148067682,0.0025889643723329024,0.11256980895996094,0.048899642209590394,0.04810722968399124,22.178207729477435,14.393868327242672,0.00743697162214605,38,False,False,False,False,False,False,False,False,False,False,False,False,False,False,True,False,1,False,near_duplicate
342,343,1,0,0,1,0,0,0,0,1,0,0,0,100,0.2915451895043732,223,239,223,0.6501457725947521,16,0.001642417162656784,0.02472694218158722,0.026020219549536705,True,True,0,0,0,0.108265221118927,0.0009018599032783935,0.002755746499909006,0.050100233405828476,0.016628125799521897,0.016278118742333075,19.76400691375602,13.159167414181866,0.019210865337213265,325,False,False,False,False,False,False,False,False,False,False,False,False,False,False,False,False,0,False,
343,351,1,0,0,1,0,0,0,0,1,0,0,0,106,0.301994301994302,226,240,226,0.6438746438746439,14,0.0010855887085199356,0.026001709513366222,0.02133602648973465,True,True,0,33,0,0.11449125409126282,0.0010206965646464893,0.00249486975284527,0.1732015609741211,0.07419141826079806,0.07412476557521933,19.21589721926648,11.517543673573527,0.12388584272958432,124,False,False,False,False,False,False,False,False,False,False,False,False,False,False,False,False,0,False,
344,351,1,0,0,1,0,0,0,0,1,0,0,0,106,0.301994301994302,226,240,226,0.6438746438746439,14,0.0009780749678611755,0.024468520656228065,0.025391845032572746,True,True,0,33,0,0.076163649559021,0.0005424324071387676,0.002044682912505128,0.04374551773071289,0.02924618917872133,0.029076690140215335,16.67688726889901,11.522467916656751,0.09101487176248677,290,False,False,False,False,False,False,False,False,False,False,False,False,False,False,False,False,0,False,
345,358,1,0,0,1,0,0,0,0,1,0,0,0,101,0.28212290502793297,235,249,235,0.6564245810055865,14,0.0008930079638957977,0.021703354083001614,0.024935776367783546,True,True,0,31,0,0.10789632797241211,0.0008457987975274491,0.0026826807484013364,0.09548866748809814,0.0409697329800994,0.04080255130955463,20.823615896282718,13.92067210537789,0.050494212845701075,71,False,False,False,False,False,False,False,False,False,False,False,False,False,False,False,False,0,False,
346,368,1,0,0,1,0,0,0,0,1,0,0,0,111,0.3016304347826087,240,255,240,0.6521739130434783,15,0.0003447476774454117,0.021573996171355247,0.023918830789625645,True,True,0,33,0,0.12331098318099976,0.0007657944519109188,0.002548817097444414,0.09145677089691162,0.03300300141166842,0.03181711240544813,21.64564759656787,14.401502279666602,0.04004552005479568,282,False,False,False,False,False,False,False,False,False,False,False,False,False,False,False,False,0,False,
347,372,1,0,0,1,0,0,0,0,1,0,0,0,126,0.3387096774193548,256,270,256,0.6881720430107527,14,0.00042922236025333405,0.023687410168349743,0.023519056849181652,True,True,0,32,0,0.08864456415176392,0.0007856612069046857,0.002490061571755797,0.13419878482818604,0.05366420341735441,0.053040869082056755,20.317180547863245,13.315244343568338,0.04252286327290313,219,False,False,False,False,False,False,False,False,False,True,False,False,False,False,False,False,1,False,timing_outlier
348,346,1,0,0,1,0,0,0,0,1,0,0,0,96,0.2774566473988439,230,244,230,0.6647398843930635,14,0.0017415303736925125,0.028178575448691845,0.024635356850922108,True,True,0,34,0,0.10857415199279785,0.000630668106082513,0.002133254129951847,0.016823464538902044,0.020264578059926142,0.014623217767623495,15.05645102262497,13.477583620449877,0.032474275168806806,287,False,False,False,False,False,False,False,False,False,False,False,False,False,False,False,False,0,False,
349,372,1,0,0,1,0,0,0,0,1,0,0,0,126,0.3387096774193548,256,270,256,0.6881720430107527,14,0.0009442027658224106,0.02434394881129265,0.022392332553863525,True,True,0,32,0,0.07180869579315186,0.0006088889353916417,0.0021841010536426835,0.0759129524230957,0.03630055365705423,0.03537254953165469,18.332113101147115,13.30823336327012,0.0679937539999137,87,False,False,False,False,False,False,False,False,False,True,False,False,False,False,False,False,1,False,timing_outlier
350,383,1,0,0,1,0,0,0,0,1,0,0,0,125,0.3263707571801567,245,264,245,0.639686684073107,19,0.004062313586473465,0.02294689230620861,0.024260498583316803,True,True,0,3,0,0.11858494579792023,0.0015180306105784132,0.003227894229216406,0.05665862560272217,0.035237670468222605,0.033730032721074325,24.579002009624674,13.05206914342125,0.12488188375116396,110,False,False,False,False,False,False,False,False,False,False,False,False,False,False,False,False,0,False,
351,358,1,0,0,1,0,0,0,0,1,0,0,0,101,0.28212290502793297,235,249,235,0.6564245810055865,14,0.003027433529496193,0.02351745031774044,0.027076466009020805,True,True,0,31,0,0.13948847725987434,0.0016887403683106398,0.003820450781122305,0.04845372401177883,0.013855462645207296,0.013353015315685408,27.188504247569654,13.909667688392801,0.1908558736280682,85,False,False,False,False,False,False,False,False,False,False,False,False,False,False,False,False,0,False,
352,372,1,0,0,1,0,0,0,0,1,0,0,0,126,0.3387096774193548,256,270,256,0.6881720430107527,14,0.00033847615122795105,0.025495199486613274,0.022770963609218597,True,True,0,0,0,0.07180863618850708,0.0007495960043413602,0.0023263232594335367,0.08939206972718239,0.046968762163996924,0.04625528817096269,19.802999211940914,13.334436923447356,0.05821845546201002,156,False,False,False,False,False,False,False,False,False,True,False,False,False,False,False,False,1,False,timing_outlier
353,358,1,0,0,1,0,0,0,0,1,0,0,0,101,0.28212290502793297,235,249,235,0.6564245810055865,14,0.0009528733789920807,0.026269104331731796,0.02362809143960476,True,True,0,31,0,0.0921703577041626,0.0008312444618331237,0.0026088128282107407,0.056282397359609604,0.03755075571390363,0.037368281036106815,20.149192591744395,13.913530235586222,0.05971224544854457,243,False,False,False,False,False,False,False,False,False,False,False,False,False,False,False,False,0,False,
354,358,1,0,0,1,0,0,0,0,1,0,0,0,101,0.28212290502793297,235,249,235,0.6564245810055865,14,0.0006444789469242096,0.026668690145015717,0.02631564810872078,True,True,0,31,0,0.10757440328598022,0.0008099455860287901,0.002669072186029157,0.06126296520233154,0.03810470781574556,0.03792489855795972,20.510010857717134,13.934896272709011,0.09563179865244324,345,False,False,False,False,False,False,False,False,False,False,False,False,False,False,False,False,0,False,
355,368,1,0,0,1,0,0,0,0,1,0,0,0,111,0.3016304347826087,240,255,240,0.6521739130434783,15,0.00027165189385414124,0.021318460814654827,0.024238462559878826,True,True,0,3,0,0.1233108639717102,0.0007178247627807364,0.002535302031260877,0.05758160352706909,0.04368023129808067,0.04279127417939503,21.75489869271405,14.390707771628513,0.11222970519655441,171,False,False,False,False,False,False,False,False,False,False,False,False,False,False,False,False,0,False,
356,351,1,0,0,1,0,0,0,0,1,0,0,0,106,0.301994301994302,226,240,226,0.6438746438746439,14,0.005211250856518745,0.026535404846072197,0.024798523634672165,True,True,0,33,0,0.07651996612548828,0.0006442533882552514,0.002119186628132578,0.10040952078998089,0.05477209809389069,0.054681779942128104,16.942345162737183,11.453567719843704,0.06538010219242318,152,False,False,False,False,False,False,True,False,False,False,False,False,False,False,False,False,1,False,hold_slip
357,356,1,0,0,1,0,0,0,0,1,0,0,0,89,0.25,231,245,231,0.648876404494382,14,0.0007294602692127228,0.023628016002476215,0.026484278962016106,True,True,0,34,0,0.09695029258728027,0.0008277664132217268,0.002694417808525727,0.16262602806091309,0.07636370423334393,0.07509250049847542,20.486416625091806,14.530386941332836,0.0814391804875094,384,False,False,False,False,False,False,False,False,False,False,False,False,False,False,False,False,0,False,
358,351,1,0,0,1,0,0,0,0,1,0,0,0,106,0.301994301994302,226,240,226,0.6438746438746439,14,0.0026556551456451416,0.025903208181262016,0.022828679531812668,True,True,0,33,0,0.0839996337890625,0.0006915448197923988,0.0020252344102404353,0.11083841323852539,0.05325892008217012,0.05316603141434879,17.055372594855726,11.508620020293165,0.06579684781485187,160,False,False,False,False,False,False,False,False,False,False,False,False,False,False,False,False,0,False,
359,351,1,0,0,1,0,0,0,0,1,0,0,0,106,0.301994301994302,226,240,226,0.6438746438746439,14,0.004348538815975189,0.024683678522706032,0.025651568546891212,True,True,0,3,0,0.07470500469207764,0.0004892534025075629,0.00190545406670527,0.015597754623740911,0.010164252789083766,0.009665731363582182,15.679833639413118,11.513147265475709,0.11818907232154122,290,False,False,False,False,False,False,False,False,False,False,False,False,False,False,False,False,0,False,
360,346,1,0,0,1,0,0,0,0,1,0,0,0,96,0.2774566473988439,230,244,230,0.6647398843930635,14,0.0006597358733415604,0.02363763377070427,0.024534243158996105,True,True,0,34,0,0.10857409238815308,0.0008437099546604853,0.0025023499950476277,0.13564002513885498,0.05462550454088086,0.052793286697063055,17.147654297179542,13.471969375721528,0.03689340796526045,81,False,False,False,False,False,False,False,False,False,False,False,False,False,False,False,False,0,False,
361,356,2,0,1,1,0,0,0,0,1,1,0,0,89,0.25,231,245,231,0.648876404494382,14,0.00033812038600444794,0.02155304979532957,0.02351447008550167,True,True,0,34,0,0.09682667255401611,0.0009075686864085941,0.0029385901029045877,0.18575933948159218,0.08513961765355299,0.08400132618637098,22.291775917634368,14.59022771002492,0.29670030797483415,129,True,False,False,False,False,False,False,False,False,False,False,False,False,False,False,False,1,False,right_pre_grasp_close
362,356,1,0,0,1,0,0,0,0,1,0,0,0,89,0.25,231,245,231,0.648876404494382,14,0.0009535010904073715,0.02554594911634922,0.026605838909745216,True,True,0,34,0,0.09518122673034668,0.0007408818470176443,0.0025125479169808285,0.07696998119354248,0.04286361997164028,0.04055561889490901,19.004188427468762,14.595894289726857,0.10496313141491646,246,False,False,False,False,False,False,False,False,False,False,False,False,False,False,False,False,0,False,
363,362,1,0,0,1,0,0,0,0,1,0,0,0,103,0.2845303867403315,245,258,245,0.6767955801104972,13,0.0003825947642326355,0.029421880841255188,0.025696026161313057,True,True,0,32,0,0.10474735498428345,0.0007293066395513374,0.0023551563149950684,0.057513317093253136,0.0418473219893873,0.040196569498744915,19.427968262391104,11.959127282258123,0.036041562083611894,155,False,False,False,False,False,False,False,False,False,False,False,False,False,False,False,False,0,False,
364,346,1,0,0,1,0,0,0,0,1,0,0,0,96,0.2774566473988439,230,244,230,0.6647398843930635,14,0.00045247748494148254,0.024693375453352928,0.02272756490856409,True,True,0,34,0,0.10857394337654114,0.0007864226229975002,0.0024704024633633265,0.06843936443328857,0.052649921202271306,0.05074642427341928,16.99197466764599,13.512675933525315,0.20735266320003742,264,False,False,False,False,False,False,False,False,False,False,False,False,False,False,False,False,0,False,
365,343,1,0,0,1,0,0,0,0,1,0,0,0,100,0.2915451895043732,223,239,223,0.6501457725947521,16,0.0011527836322784424,0.024269098415970802,0.026859356090426445,True,True,0,0,0,0.10598993301391602,0.0009630816033187155,0.0028904177800000994,0.12758242338895798,0.05230076584340909,0.052190542150775523,20.140416913083754,13.27239505306352,0.015099733284688503,380,False,False,False,False,False,False,False,False,False,False,False,False,False,False,False,False,0,False,
366,351,1,0,0,1,0,0,0,0,1,0,0,0,106,0.301994301994302,226,240,226,0.6438746438746439,14,0.000779205933213234,0.028045088052749634,0.024547677487134933,True,True,0,33,0,0.08058357238769531,0.0006306676642613612,0.0021822827349729334,0.056534528732299805,0.040212341778216525,0.040089234955541835,17.910186094231904,11.475938346527983,0.3046240129184104,119,False,False,False,False,False,False,False,False,False,False,False,False,False,False,False,False,0,False,
367,368,1,0,0,1,0,0,0,1,1,0,0,0,111,0.3016304347826087,240,255,240,0.6521739130434783,15,0.001976914703845978,0.026870060712099075,0.021129826083779335,True,True,0,33,0,0.12177187204360962,0.000687444521568827,0.002508264004855988,0.0803239643573761,0.04637987886983707,0.045543646138875314,21.092270424589515,14.248808507210924,0.3733313651921771,125,False,False,False,False,False,True,False,False,False,False,False,False,False,False,False,False,1,False,gripper_twitch
368,368,1,0,0,1,0,0,0,0,1,0,0,0,111,0.3016304347826087,240,255,240,0.6521739130434783,15,0.00030853040516376495,0.021520174108445644,0.02289129327982664,True,True,0,33,0,0.12331080436706543,0.0007823853469172189,0.00264350260070984,0.09014606475830078,0.05200610290236702,0.05126173308359678,22.464743033167906,14.397939491187572,0.03772993582485797,50,False,False,False,False,False,False,False,False,False,False,False,False,False,False,False,False,0,False,
369,383,1,0,0,1,0,0,0,0,1,0,0,0,125,0.3263707571801567,245,264,245,0.639686684073107,19,0.003393063321709633,0.025760166347026825,0.02513599954545498,True,True,0,32,0,0.15671970695257187,0.0015951516168999356,0.003599819781510027,0.18054842948913574,0.07991515546410435,0.0792619313427932,31.457371828652697,12.999578475137241,0.39982854074686736,37,False,False,False,False,False,False,False,False,False,False,False,False,False,False,False,False,0,False,
370,372,1,0,0,1,0,0,1,0,1,0,0,0,126,0.3387096774193548,256,270,256,0.6881720430107527,14,0.0013941079378128052,0.024465886875987053,0.0231766514480114,True,True,0,32,0,0.07180869579315186,0.0006255918197019652,0.002212182293177447,0.09799288026988506,0.04114623573764978,0.040329886931888846,18.31374825630337,13.3848067402796,0.07086981583337881,349,False,False,False,False,False,True,False,False,False,True,False,False,False,False,False,False,2,False,"gripper_twitch,timing_outlier"
371,358,1,0,0,1,0,0,0,0,1,0,0,0,101,0.28212290502793297,235,249,235,0.6564245810055865,14,0.000202130526304245,0.021573235280811787,0.025015903636813164,True,True,0,31,0,0.10412037372589111,0.0008753840338439196,0.002705315675643096,0.15519928932189941,0.06691868308834706,0.06681645994204437,20.997362492256798,13.934207642014371,0.08070500515495722,212,False,False,False,False,False,False,False,False,False,False,False,False,False,False,False,False,0,False,
372,358,1,0,0,1,0,0,0,0,1,0,0,0,101,0.28212290502793297,235,249,235,0.6564245810055865,14,0.0004910584539175034,0.025624610483646393,0.02367207407951355,True,True,0,31,0,0.09217029809951782,0.0008516951968215496,0.002632150783945468,0.0556765291839838,0.0365801077469335,0.03639276652970284,20.25009020928701,13.916721190558746,0.030642649757318913,243,False,False,False,False,False,False,False,False,False,False,False,False,False,False,False,False,0,False,
373,383,1,0,0,1,0,0,0,0,1,0,0,0,125,0.3263707571801567,245,264,245,0.639686684073107,19,0.0019903946667909622,0.027455737814307213,0.02785707451403141,True,True,0,32,0,0.10825097560882568,0.0007183420589127508,0.0022866980071701896,0.031362783163785934,0.02445284715741714,0.02222528788208829,20.131431857706048,13.052298472757684,0.03267341640360549,64,False,False,False,False,False,False,False,False,False,False,False,False,False,False,False,False,0,False,
374,383,1,0,0,1,0,0,0,0,1,0,0,0,125,0.3263707571801567,245,264,245,0.639686684073107,19,0.0013359319418668747,0.02446502447128296,0.021728661842644215,True,True,0,32,0,0.10123634338378906,0.000900766319524442,0.002525489484063308,0.08377392217516899,0.038252707801182805,0.036868568475876155,20.700117676344234,13.0966051761352,0.20767541933309133,340,False,False,False,False,False,False,False,False,False,False,False,False,False,False,False,False,0,False,
375,372,1,0,0,1,0,0,0,0,1,0,0,0,126,0.3387096774193548,256,270,256,0.6881720430107527,14,0.000752253457903862,0.025939916260540485,0.023780908435583115,True,True,0,0,0,0.07180869579315186,0.0006238680166954001,0.002199097940130978,0.04945926181972027,0.02066757110672245,0.018990407052301945,18.768666472285986,13.317079866952554,0.08550962884574552,168,False,False,False,False,False,False,False,False,False,True,False,False,False,False,False,False,1,False,timing_outlier
376,372,1,0,0,1,0,0,0,0,1,0,0,0,126,0.3387096774193548,256,270,256,0.6881720430107527,14,0.0006986465305089951,0.024744879454374313,0.02286510355770588,True,True,0,32,0,0.07180869579315186,0.0005992890889804976,0.002153029392825572,0.062412505969405174,0.03309239198546031,0.032071692688101894,18.2429549585504,13.27857350809063,0.06438757839153024,148,False,False,False,False,False,False,False,False,False,True,False,False,False,False,False,False,1,False,timing_outlier
377,372,1,0,0,1,0,0,0,0,1,0,0,0,126,0.3387096774193548,256,270,256,0.6881720430107527,14,0.0008704904466867447,0.024452563375234604,0.02566718216985464,True,True,0,32,0,0.07180869579315186,0.0006348806936134569,0.0023136976290927176,0.053579092025756836,0.021719107594859864,0.020129746627262603,18.830748916603625,13.524754307880357,0.04615970796800012,95,False,False,False,False,False,False,False,False,False,True,False,False,False,False,False,False,1,False,timing_outlier
378,343,2,1,0,1,0,0,0,0,1,1,0,0,100,0.2915451895043732,223,239,223,0.6501457725947521,16,0.0024945884943008423,0.02460765838623047,0.026751023717224598,True,True,0,0,0,0.1090933084487915,0.0009730547424176149,0.002932015404203579,0.08146297931671143,0.029608547299679423,0.02941340944844924,20.538247995369602,13.261643251753412,0.10085529037067824,201,True,False,False,False,False,True,False,False,False,False,False,False,False,False,False,False,2,False,"right_pre_grasp_close,gripper_twitch"
379,343,1,0,0,1,0,0,0,0,1,0,0,0,100,0.2915451895043732,223,239,223,0.6501457725947521,16,0.0012669600546360016,0.022079894319176674,0.023246812634170055,True,True,0,0,0,0.1050119400024414,0.0007363877924468975,0.0025589260623765475,0.04475998319685459,0.028105779224065187,0.02790013275912256,18.678829820419196,13.171654105535708,0.04468713997750536,199,False,False,False,False,False,False,False,False,False,False,False,False,False,False,False,False,0,False,
380,343,1,0,0,1,0,0,0,0,1,0,0,0,100,0.2915451895043732,223,239,223,0.6501457725947521,16,0.0009737666696310043,0.024791136384010315,0.025854860432446003,True,True,0,0,0,0.10605573654174805,0.0009463796267850121,0.0028083207108984963,0.12775956094264984,0.05276192002196569,0.052652661723687565,20.13488688983489,13.139053610968404,0.015099733284688503,365,False,False,False,False,False,False,False,False,False,False,False,False,False,False,False,False,0,False,
381,356,1,0,0,1,0,0,1,0,1,0,0,0,89,0.25,231,245,231,0.648876404494382,14,0.0011781137436628342,0.025349303148686886,0.022197064012289047,True,True,0,28,2,0.09139728546142578,0.0006846155140194478,0.0023674899481077993,0.1095900908112526,0.04782687730416732,0.04576984268646524,17.808371969964355,14.56041024060687,0.1184657934335537,63,False,False,False,False,False,True,False,False,False,False,False,False,False,False,False,False,1,False,gripper_twitch
382,372,1,0,0,1,0,0,0,0,1,0,0,0,126,0.3387096774193548,256,270,256,0.6881720430107527,14,0.0005284342914819717,0.02498340606689453,0.02561249490827322,True,True,0,32,0,0.07180869579315186,0.0006538190669005685,0.002309656097801749,0.06510460376739502,0.024255190424756923,0.022842971065557795,18.83124482817948,13.425469869463996,0.11062158563559416,75,False,False,False,False,False,False,False,False,False,True,False,False,False,False,False,False,1,False,timing_outlier
383,356,1,0,0,1,0,0,0,0,1,0,0,0,89,0.25,231,245,231,0.648876404494382,14,0.0006552319973707199,0.022927388548851013,0.024074655026197433,True,True,0,34,0,0.0920940637588501,0.0007730196400410797,0.0025658729451842697,0.11769473552703857,0.056098285552097206,0.054355183274095754,19.183455626713112,14.569764250714798,0.09493405591527088,33,False,False,False,False,False,False,False,False,False,False,False,False,False,False,False,False,0,False,
384,356,1,0,0,1,0,0,0,0,1,0,0,0,89,0.25,231,245,231,0.648876404494382,14,0.0006935130804777145,0.023637250065803528,0.026240598410367966,True,True,0,34,0,0.10030019283294678,0.0008922174933960191,0.0027681418139305584,0.18601953983306885,0.09229656650529061,0.0912475999440064,20.963785842177458,14.546192661451641,0.0814391804875094,357,False,False,False,False,False,False,False,False,False,False,False,False,False,False,False,False,0,False,
385,351,1,0,0,1,0,0,0,0,1,0,0,0,106,0.301994301994302,226,240,226,0.6438746438746439,14,0.0011714082211256027,0.031565260142087936,0.0210088063031435,True,True,0,33,0,0.11296045780181885,0.001157465067299475,0.0027113116339886195,0.21032392978668213,0.09284027252936886,0.09278701704096333,19.825668504848693,11.483694605296478,0.2317103151701359,343,False,False,False,False,False,False,False,False,False,False,False,False,False,False,False,False,0,False,
386,351,1,0,0,1,0,0,0,0,1,0,0,0,106,0.301994301994302,226,240,226,0.6438746438746439,14,0.004451364278793335,0.02776776347309351,0.024541594088077545,True,True,0,33,0,0.07715928554534912,0.0006203399468799862,0.0020263410954085345,0.10373760387301445,0.04861810586229667,0.04851633277227397,16.85564568101472,11.456740567053203,0.054912051148717764,392,False,False,False,False,False,False,False,False,False,False,False,False,False,False,False,False,0,False,
387,358,1,0,0,1,0,0,0,0,1,0,0,0,101,0.28212290502793297,235,249,235,0.6564245810055865,14,0.0020623505115509033,0.023251493461430073,0.02518818899989128,True,True,0,31,0,0.0968620777130127,0.0008001138759980457,0.0025852053195523825,0.05975820682942867,0.028482235936479035,0.028241227608754048,20.563858748646453,13.902658278646413,0.06738696954296938,58,False,False,False,False,False,False,False,False,False,False,False,False,False,False,False,False,0,False,
388,368,1,0,0,1,0,0,0,0,1,0,0,0,111,0.3016304347826087,240,255,240,0.6521739130434783,15,0.004785193130373955,0.024290146306157112,0.029265413992106915,True,True,0,33,0,0.12331092357635498,0.0007522859020340736,0.0026456680344149556,0.09340047836303711,0.03862484327614191,0.037616606143415686,21.980655394028872,14.254777591544553,0.20722679393047086,308,False,False,False,False,False,False,False,False,False,False,False,False,False,False,False,False,0,False,
389,372,1,0,0,1,0,0,0,0,1,0,0,0,126,0.3387096774193548,256,270,256,0.6881720430107527,14,0.0008767526596784592,0.026180142536759377,0.022711955942213535,True,True,0,32,0,0.10698169469833374,0.000966234665520303,0.002631678258905913,0.12218307517468929,0.0582209438162089,0.05764690246154467,21.620171277114423,13.378723494890437,0.09301464350844069,213,False,False,False,False,False,False,False,False,False,True,False,False,False,False,False,False,1,False,timing_outlier
390,358,1,0,0,1,0,0,0,0,1,0,0,0,101,0.28212290502793297,235,249,235,0.6564245810055865,14,0.004868924617767334,0.023739643394947052,0.027500741183757782,True,True,0,31,0,0.11394581198692322,0.0017325609625357767,0.0036592750597643103,0.048468874767422676,0.02338988877803708,0.023095801998569768,23.981614369811723,13.91682563975337,0.042999284498188114,159,False,False,False,False,False,False,False,False,False,False,False,False,False,False,False,False,0,False,
391,346,1,0,0,1,0,0,0,0,1,0,0,0,96,0.2774566473988439,230,244,230,0.6647398843930635,14,0.00033540837466716766,0.02312819752842188,0.02165290340781212,True,True,0,34,0,0.10857409238815308,0.0006613640640602402,0.0022587387028148334,0.066561384126544,0.0396137904705471,0.037046427214738366,16.048463132814504,13.489894049576833,0.037713462325084136,225,False,False,False,False,False,False,False,False,False,False,False,False,False,False,False,False,0,False,
392,351,1,0,0,1,0,0,0,0,1,0,0,0,106,0.301994301994302,226,240,226,0.6438746438746439,14,0.004860434681177139,0.027743945829570293,0.024202419444918633,True,True,0,33,0,0.07760918140411377,0.0005747324928234465,0.0019879657851308774,0.08625626191496849,0.04111246512458022,0.04099206162969075,16.46047375886701,11.470118141092826,0.054912051148717764,386,False,False,False,False,False,False,False,False,False,False,False,False,False,False,False,False,0,False,
393,383,1,0,0,1,0,0,0,0,1,0,0,0,125,0.3263707571801567,245,264,245,0.639686684073107,19,0.0017779041081666946,0.02212829701602459,0.023601138032972813,True,True,0,31,0,0.08837342262268066,0.0006600938468079226,0.002262701249175497,0.06992475502192974,0.04309071603700971,0.04186683049766131,19.032109915744513,13.045372739463346,0.13548146992669363,126,False,False,False,False,False,False,False,False,False,False,False,False,False,False,False,False,0,False,
394,351,1,0,0,1,0,0,0,0,1,0,0,0,106,0.301994301994302,226,240,226,0.6438746438746439,14,0.003916511312127113,0.030609757639467716,0.02482725866138935,True,True,0,33,0,0.08372533321380615,0.0005663028602778544,0.0020117913641869174,0.04638986848294735,0.023820593476617108,0.023612179094924562,16.316977616865188,11.460409459716175,0.06181799690108843,319,False,False,False,False,False,False,False,False,False,False,False,False,False,False,False,False,0,False,
395,351,1,0,0,1,0,0,0,0,1,0,0,0,106,0.301994301994302,226,240,226,0.6438746438746439,14,0.0011292938143014908,0.0259086973965168,0.022926317527890205,True,True,0,33,0,0.07324886322021484,0.0006260326123874294,0.001990129027002398,0.09175384044647217,0.050491840361855195,0.0503938515213871,16.851609972072765,11.540919807972386,0.054228822469353136,54,False,False,False,False,False,False,False,False,False,False,False,False,False,False,False,False,0,False,
396,372,1,0,0,1,0,0,1,0,1,0,0,0,126,0.3387096774193548,256,270,256,0.6881720430107527,14,0.0011114254593849182,0.027131914161145687,0.024399620480835438,True,True,0,32,0,0.07180869579315186,0.0006761410170306073,0.002242387093279396,0.07811594009399414,0.04114066640876162,0.04032420485412822,18.69791356101632,13.304747310648963,0.05337448734918849,332,False,False,False,False,False,True,False,False,False,True,False,False,False,False,False,False,2,False,"gripper_twitch,timing_outlier"
397,358,2,1,0,1,0,0,0,0,1,1,0,0,101,0.28212290502793297,235,249,235,0.6564245810055865,14,0.004139494150876999,0.02584218606352806,0.026600724086165428,True,True,0,31,0,0.11009186506271362,0.0009464057308225883,0.002830565748163932,0.16196513175964355,0.06838002481210517,0.06827998950067518,21.688838438596576,13.896138360330951,0.12129567325962753,34,True,False,False,False,False,True,False,False,False,False,False,False,False,False,False,False,2,False,"right_pre_grasp_close,gripper_twitch"
398,346,1,0,0,1,0,0,1,0,1,0,0,0,96,0.2774566473988439,230,244,230,0.6647398843930635,14,0.005893902853131294,0.021428325213491917,0.021945489570498466,True,True,0,34,0,0.10857415199279785,0.0007858356054564317,0.0025908490134352235,0.1395648866891861,0.0625839220779405,0.06099125082001703,16.996185148484074,13.765855967751122,0.2804598838267316,225,False,False,False,False,False,True,True,False,False,False,False,False,False,False,False,False,2,False,"gripper_twitch,hold_slip"
399,351,1,0,0,1,0,0,0,0,1,0,0,0,106,0.301994301994302,226,240,226,0.6438746438746439,14,0.003689521923661232,0.028624544851481915,0.024989387020468712,True,True,0,2,0,0.0796281099319458,0.0006473103496751168,0.0020810162080965016,0.09990549832582474,0.0556042014210933,0.055515237040924655,17.083915346709546,11.464131750442903,0.02927268211457006,302,False,False,False,False,False,False,False,False,False,False,False,False,False,False,False,False,0,False,
